-- MySQL dump 10.13  Distrib 8.0.13, for Linux (x86_64)
--
-- Host: localhost    Database: company
-- ------------------------------------------------------
-- Server version	8.0.13

/*!40101 SET @OLD_CHARACTER_SET_CLIENT=@@CHARACTER_SET_CLIENT */;
/*!40101 SET @OLD_CHARACTER_SET_RESULTS=@@CHARACTER_SET_RESULTS */;
/*!40101 SET @OLD_COLLATION_CONNECTION=@@COLLATION_CONNECTION */;
 SET NAMES utf8mb4 ;
/*!40103 SET @OLD_TIME_ZONE=@@TIME_ZONE */;
/*!40103 SET TIME_ZONE='+00:00' */;
/*!40014 SET @OLD_UNIQUE_CHECKS=@@UNIQUE_CHECKS, UNIQUE_CHECKS=0 */;
/*!40014 SET @OLD_FOREIGN_KEY_CHECKS=@@FOREIGN_KEY_CHECKS, FOREIGN_KEY_CHECKS=0 */;
/*!40101 SET @OLD_SQL_MODE=@@SQL_MODE, SQL_MODE='NO_AUTO_VALUE_ON_ZERO' */;
/*!40111 SET @OLD_SQL_NOTES=@@SQL_NOTES, SQL_NOTES=0 */;

--
-- Table structure for table `car_models`
--

DROP TABLE IF EXISTS `car_models`;
/*!40101 SET @saved_cs_client     = @@character_set_client */;
 SET character_set_client = utf8mb4 ;
CREATE TABLE `car_models` (
  `model` varchar(50) NOT NULL,
  `rent_price` int(11) NOT NULL,
  `charging_capacity` int(11) NOT NULL,
  `pmodel` varchar(50) NOT NULL,
  PRIMARY KEY (`model`),
  KEY `pmodel` (`pmodel`),
  CONSTRAINT `car_models_ibfk_1` FOREIGN KEY (`pmodel`) REFERENCES `plugs` (`model`)
) ENGINE=InnoDB DEFAULT CHARSET=utf8mb4 COLLATE=utf8mb4_0900_ai_ci;
/*!40101 SET character_set_client = @saved_cs_client */;

--
-- Dumping data for table `car_models`
--

LOCK TABLES `car_models` WRITE;
/*!40000 ALTER TABLE `car_models` DISABLE KEYS */;
INSERT INTO `car_models` VALUES ('Armstrong LLC',12,182,'Williams-Steele'),('Gilmore, Cox and Martin',98,266,'Figueroa LLC'),('Thomas Inc',80,228,'Gonzalez Group'),('Turner-Hall',64,186,'Hull and Sons'),('Wall Ltd',65,129,'Durham Ltd');
/*!40000 ALTER TABLE `car_models` ENABLE KEYS */;
UNLOCK TABLES;

--
-- Table structure for table `car_part_properties`
--

DROP TABLE IF EXISTS `car_part_properties`;
/*!40101 SET @saved_cs_client     = @@character_set_client */;
 SET character_set_client = utf8mb4 ;
CREATE TABLE `car_part_properties` (
  `wid` int(11) NOT NULL,
  `trade_name` varchar(50) NOT NULL,
  `pid` int(11) NOT NULL,
  `amount` int(11) NOT NULL DEFAULT '1',
  PRIMARY KEY (`wid`,`trade_name`,`pid`),
  KEY `trade_name` (`trade_name`,`pid`),
  CONSTRAINT `car_part_properties_ibfk_1` FOREIGN KEY (`wid`) REFERENCES `workshops` (`id`),
  CONSTRAINT `car_part_properties_ibfk_2` FOREIGN KEY (`trade_name`, `pid`) REFERENCES `car_parts` (`trade_name`, `pid`)
) ENGINE=InnoDB DEFAULT CHARSET=utf8mb4 COLLATE=utf8mb4_0900_ai_ci;
/*!40101 SET character_set_client = @saved_cs_client */;

--
-- Dumping data for table `car_part_properties`
--

LOCK TABLES `car_part_properties` WRITE;
/*!40000 ALTER TABLE `car_part_properties` DISABLE KEYS */;
INSERT INTO `car_part_properties` VALUES (1,'alexis45',15,5),(1,'gary36',2,43),(1,'hartmannancy',15,0),(1,'heather79',3,25),(1,'herringjennifer',1,33),(1,'jamesrasmussen',14,13),(1,'jeremywebb',3,46),(1,'jstafford',8,3),(1,'lauren19',12,18),(1,'michaeljones',18,4),(1,'qlong',8,33),(2,'johnsonmichael',18,47),(2,'mary34',1,47),(2,'michelle79',3,43),(2,'mpadilla',9,50),(2,'qcastro',4,11),(2,'racheltownsend',19,50),(3,'barronamanda',5,30),(3,'chelseywalters',8,38),(3,'cschroeder',17,6),(3,'cummingskrystal',13,1),(3,'georgehernandez',4,12),(3,'peter65',4,20),(3,'ramirezbryan',15,11),(3,'ryan02',19,19),(3,'singhjennifer',2,41),(3,'sstevens',5,9),(3,'xyoung',4,36),(4,'blake85',19,31),(4,'calebsingleton',2,42),(4,'carla47',5,29),(4,'elizabethjordan',20,44),(4,'paige00',16,20),(4,'vkline',9,40),(5,'boyletheresa',12,44),(5,'ericksoncody',17,18),(5,'fward',17,1),(5,'jdavis',8,5),(5,'jeffreyweiss',14,7),(5,'martin89',4,9),(5,'penningtonmichael',10,44),(5,'shaun99',18,38),(6,'annamathis',11,18),(6,'barbaramitchell',3,4),(6,'bensonmichael',7,27),(6,'christopherfowler',8,32),(6,'flopez',1,34),(6,'fthomas',20,11),(6,'marksmith',2,0),(6,'millerrhonda',5,12),(6,'trevor96',12,28),(6,'wmcdaniel',18,6),(6,'woodjamie',15,13),(7,'hdillon',5,44),(7,'lopezsue',19,12),(7,'macosta',1,6),(7,'ssmith',17,14),(7,'stephensoncalvin',4,22),(7,'xmoore',11,15),(8,'baileystephen',19,12),(8,'burkemark',4,1),(8,'christopherskinner',19,14),(8,'colleenwatkins',7,39),(8,'courtneyrogers',14,15),(8,'danielbishop',16,31),(8,'econner',2,7),(8,'garciadiana',4,2),(8,'markpugh',17,35),(8,'matthewcollins',14,14),(8,'mcdanielvalerie',1,14),(8,'robertsonmorgan',6,35),(8,'vwilliamson',10,29),(8,'wanda01',2,38),(9,'crosbyjeff',7,48),(9,'jasonmay',13,11),(9,'jonathanirwin',18,7),(9,'melissa31',20,38),(9,'rachel33',14,38),(9,'shelia45',19,11),(9,'tara27',9,15),(9,'tracybrown',5,40),(9,'wilsondanielle',18,28),(9,'wuamanda',11,3),(9,'xyoung',1,49),(10,'alexander97',20,31),(10,'angela31',15,43),(10,'annegray',12,38),(10,'billy14',4,38),(10,'hallashley',1,7),(10,'longsamuel',13,23),(10,'mark59',2,2),(10,'martha50',14,16),(10,'mcintyrebrandon',9,34),(10,'mcneildavid',17,48),(10,'michael92',3,18),(10,'millerdonna',4,12),(10,'scottgreene',19,19),(10,'tinastevens',18,39),(10,'vpowell',8,24),(10,'williamsanna',9,15);
/*!40000 ALTER TABLE `car_part_properties` ENABLE KEYS */;
UNLOCK TABLES;

--
-- Table structure for table `car_parts`
--

DROP TABLE IF EXISTS `car_parts`;
/*!40101 SET @saved_cs_client     = @@character_set_client */;
 SET character_set_client = utf8mb4 ;
CREATE TABLE `car_parts` (
  `trade_name` varchar(50) NOT NULL,
  `pid` int(11) NOT NULL,
  `type` varchar(30) NOT NULL,
  `price` int(11) NOT NULL,
  PRIMARY KEY (`trade_name`,`pid`),
  KEY `pid` (`pid`),
  CONSTRAINT `car_parts_ibfk_1` FOREIGN KEY (`pid`) REFERENCES `providers` (`id`) ON DELETE CASCADE ON UPDATE CASCADE
) ENGINE=InnoDB DEFAULT CHARSET=utf8mb4 COLLATE=utf8mb4_0900_ai_ci;
/*!40101 SET character_set_client = @saved_cs_client */;

--
-- Dumping data for table `car_parts`
--

LOCK TABLES `car_parts` WRITE;
/*!40000 ALTER TABLE `car_parts` DISABLE KEYS */;
INSERT INTO `car_parts` VALUES ('alexander97',20,'Spark Plug\n',123),('alexis45',15,'Catalytic Converter\n',51),('angela31',15,'Alternator',162),('annamathis',11,'Transmission\n',313),('annegray',12,'Pressure Gauge\n',180),('baileystephen',19,'Catalytic Converter\n',45),('barbaramitchell',3,'Catalytic Converter\n',354),('barronamanda',5,'Battery\n',285),('bensonmichael',7,'Catalytic Converter\n',441),('billy14',4,'Engine Fan\n',427),('blake85',19,'Car Jack\n',252),('boyletheresa',12,'Fuel Injector\n',234),('burkemark',4,'Engine Fan\n',217),('calebsingleton',2,'Shock Absorbers\n',67),('carla47',5,'Catalytic Converter\n',354),('chelseywalters',8,'Air filter\n',475),('christopherfowler',8,'Muffler\n',79),('christopherskinner',19,'Muffler\n',361),('colleenwatkins',7,'Catalytic Converter\n',57),('courtneyrogers',14,'Catalytic Converter\n',146),('crosbyjeff',7,'Alternator',323),('cschroeder',17,'Piston\n',265),('cummingskrystal',13,'Car Jack\n',311),('danielbishop',16,'Transmission\n',364),('econner',2,'Spark Plug\n',308),('elizabethjordan',20,'Air filter\n',456),('ericksoncody',17,'Axle\n',41),('flopez',1,'Car Jack\n',405),('fthomas',20,'Pressure Gauge\n',346),('fward',17,'Car Jack\n',185),('garciadiana',4,'Piston\n',294),('gary36',2,'Alternator',109),('georgehernandez',4,'Air filter\n',455),('hallashley',1,'Spark Plug\n',484),('hartmannancy',15,'Muffler\n',493),('hdillon',5,'A/C Compressor\n',262),('heather79',3,'Breaks\n',90),('herringjennifer',1,'Axle\n',360),('jamesrasmussen',14,'Radiator\n',414),('jasonmay',13,'Catalytic Converter\n',333),('jdavis',8,'Battery\n',297),('jeffreyweiss',14,'Alternator',54),('jeremywebb',3,'Muffler\n',499),('johnsonmichael',18,'Pressure Gauge\n',73),('jonathanirwin',18,'Battery\n',247),('jstafford',8,'Piston\n',411),('lauren19',12,'Pressure Gauge\n',420),('longsamuel',13,'Fuel Injector\n',409),('lopezsue',19,'Spark Plug\n',104),('macosta',1,'Engine Fan\n',120),('mark59',2,'A/C Compressor\n',308),('markpugh',17,'Piston\n',225),('marksmith',2,'Transmission\n',306),('martha50',14,'Spare Tire\n',421),('martin89',4,'Axle\n',140),('mary34',1,'Transmission\n',243),('matthewcollins',14,'Catalytic Converter\n',285),('mcdanielvalerie',1,'Transmission\n',457),('mcintyrebrandon',9,'Piston\n',309),('mcneildavid',17,'Catalytic Converter\n',242),('melissa31',20,'Car Jack\n',372),('michael92',3,'Spark Plug\n',119),('michaeljones',18,'Shock Absorbers\n',125),('michelle79',3,'Pressure Gauge\n',265),('millerdonna',4,'Pressure Gauge\n',401),('millerrhonda',5,'Car Jack\n',482),('mpadilla',9,'Breaks\n',429),('paige00',16,'Alternator',416),('penningtonmichael',10,'Clutch\n',336),('peter65',4,'Alternator',209),('qcastro',4,'Engine Fan\n',304),('qlong',8,'Spare Tire\n',324),('rachel33',14,'Axle\n',277),('racheltownsend',19,'Spare Tire\n',422),('ramirezbryan',15,'Catalytic Converter\n',98),('robertsonmorgan',6,'Fuel Injector\n',471),('ryan02',19,'Spark Plug\n',290),('scottgreene',19,'Piston\n',264),('shaun99',18,'Radiator\n',121),('shelia45',19,'Alternator',301),('singhjennifer',2,'Breaks\n',252),('ssmith',17,'Pressure Gauge\n',338),('sstevens',5,'Pressure Gauge\n',103),('stephensoncalvin',4,'Alternator',374),('tara27',9,'Transmission\n',405),('tinastevens',18,'Pressure Gauge\n',119),('tracybrown',5,'Pressure Gauge\n',419),('trevor96',12,'Pressure Gauge\n',289),('vkline',9,'A/C Compressor\n',195),('vpowell',8,'Shock Absorbers\n',468),('vwilliamson',10,'Car Jack\n',148),('wanda01',2,'Spare Tire\n',302),('williamsanna',9,'Engine Fan\n',297),('wilsondanielle',18,'Breaks\n',419),('wmcdaniel',18,'Transmission\n',81),('woodjamie',15,'Car Jack\n',376),('wuamanda',11,'Shock Absorbers\n',143),('xmoore',11,'Fuel Injector\n',48),('xyoung',1,'Alternator',124),('xyoung',4,'Piston\n',73);
/*!40000 ALTER TABLE `car_parts` ENABLE KEYS */;
UNLOCK TABLES;

--
-- Table structure for table `cars`
--

DROP TABLE IF EXISTS `cars`;
/*!40101 SET @saved_cs_client     = @@character_set_client */;
 SET character_set_client = utf8mb4 ;
CREATE TABLE `cars` (
  `plate` varchar(30) NOT NULL,
  `cmodel` varchar(50) NOT NULL,
  `color` varchar(30) NOT NULL,
  PRIMARY KEY (`plate`),
  KEY `cmodel` (`cmodel`),
  CONSTRAINT `cars_ibfk_1` FOREIGN KEY (`cmodel`) REFERENCES `car_models` (`model`)
) ENGINE=InnoDB DEFAULT CHARSET=utf8mb4 COLLATE=utf8mb4_0900_ai_ci;
/*!40101 SET character_set_client = @saved_cs_client */;

--
-- Dumping data for table `cars`
--

LOCK TABLES `cars` WRITE;
/*!40000 ALTER TABLE `cars` DISABLE KEYS */;
INSERT INTO `cars` VALUES ('029 GAV','Armstrong LLC','navy'),('074D9','Gilmore, Cox and Martin','purple'),('075 FFB','Gilmore, Cox and Martin','fuchsia'),('091 WTK','Wall Ltd','olive'),('0J DR847','Armstrong LLC','purple'),('0LL0774','Wall Ltd','fuchsia'),('0ZE1224','Wall Ltd','purple'),('10M H33','Gilmore, Cox and Martin','teal'),('160 KOM','Thomas Inc','lime'),('175 3398','Thomas Inc','blue'),('177 YBQ','Turner-Hall','silver'),('233752','Turner-Hall','purple'),('24QZ031','Armstrong LLC','aqua'),('252 LKC','Wall Ltd','gray'),('3-6608Z','Wall Ltd','green'),('30C 9038','Gilmore, Cox and Martin','gray'),('31X VL1','Wall Ltd','lime'),('385-BHZA','Wall Ltd','gray'),('3DO 420','Wall Ltd','lime'),('4-44016Q','Thomas Inc','aqua'),('45W X49','Gilmore, Cox and Martin','green'),('477 NPK','Turner-Hall','lime'),('4QT U99','Wall Ltd','aqua'),('63G 421','Gilmore, Cox and Martin','aqua'),('644K','Wall Ltd','black'),('6698','Wall Ltd','silver'),('6NZG011','Turner-Hall','teal'),('7-U3496','Turner-Hall','gray'),('70-08440','Gilmore, Cox and Martin','purple'),('76-O317','Turner-Hall','olive'),('78-65590','Thomas Inc','blue'),('823S','Gilmore, Cox and Martin','purple'),('8JTU778','Thomas Inc','fuchsia'),('91V B44','Wall Ltd','maroon'),('935Z6','Turner-Hall','navy'),('973 1322','Turner-Hall','olive'),('993 DTR','Turner-Hall','green'),('9LX T41','Thomas Inc','lime'),('ANINAS','Armstrong LLC','red'),('FBD-8300','Turner-Hall','maroon'),('FXA-9799','Gilmore, Cox and Martin','fuchsia'),('G 445079','Turner-Hall','teal'),('HCH 835','Wall Ltd','white'),('HL 5495','Wall Ltd','aqua'),('IHF-296','Gilmore, Cox and Martin','lime'),('JQ2 R6R','Armstrong LLC','green'),('KQZ 813','Gilmore, Cox and Martin','green'),('KTJ 026','Thomas Inc','silver'),('KXB 559','Armstrong LLC','gray'),('LDT 720','Turner-Hall','yellow'),('LEL-3572','Thomas Inc','navy'),('NDN 884','Gilmore, Cox and Martin','gray'),('NMQ 372','Thomas Inc','black'),('RPD-8334','Thomas Inc','olive'),('RZD 208','Wall Ltd','fuchsia'),('SC 1779','Armstrong LLC','lime'),('SEQ-9042','Turner-Hall','white'),('VPT-2591','Wall Ltd','navy'),('WS 7027','Turner-Hall','olive'),('XAB-6911','Armstrong LLC','yellow'),('YN8 P5J','Gilmore, Cox and Martin','navy');
/*!40000 ALTER TABLE `cars` ENABLE KEYS */;
UNLOCK TABLES;

--
-- Table structure for table `charge_records`
--

DROP TABLE IF EXISTS `charge_records`;
/*!40101 SET @saved_cs_client     = @@character_set_client */;
 SET character_set_client = utf8mb4 ;
CREATE TABLE `charge_records` (
  `id` int(11) NOT NULL AUTO_INCREMENT,
  `date_time` datetime NOT NULL,
  `sid` int(11) NOT NULL,
  `cplate` varchar(30) NOT NULL,
  `price` int(11) NOT NULL,
  PRIMARY KEY (`id`),
  KEY `sid` (`sid`),
  KEY `cplate` (`cplate`),
  CONSTRAINT `charge_records_ibfk_1` FOREIGN KEY (`sid`) REFERENCES `charging_stations` (`id`),
  CONSTRAINT `charge_records_ibfk_2` FOREIGN KEY (`cplate`) REFERENCES `cars` (`plate`)
) ENGINE=InnoDB AUTO_INCREMENT=301 DEFAULT CHARSET=utf8mb4 COLLATE=utf8mb4_0900_ai_ci;
/*!40101 SET character_set_client = @saved_cs_client */;

--
-- Dumping data for table `charge_records`
--

LOCK TABLES `charge_records` WRITE;
/*!40000 ALTER TABLE `charge_records` DISABLE KEYS */;
INSERT INTO `charge_records` VALUES (1,'2018-11-21 14:33:21',14,'SC 1779',4732),(2,'2018-12-08 06:19:10',15,'074D9',11970),(3,'2018-03-06 09:07:29',11,'KXB 559',7644),(4,'2018-03-21 07:59:19',3,'3-6608Z',5676),(5,'2018-07-16 23:03:09',11,'0J DR847',7644),(6,'2018-03-22 11:22:52',5,'78-65590',9576),(7,'2018-02-04 11:39:05',15,'VPT-2591',5805),(8,'2018-04-27 21:58:45',11,'4QT U99',5418),(9,'2018-06-27 19:34:22',13,'LDT 720',5580),(10,'2018-05-01 00:25:37',15,'IHF-296',11970),(11,'2018-12-19 17:25:07',8,'935Z6',6324),(12,'2018-12-25 03:20:38',9,'KQZ 813',11438),(13,'2018-03-09 17:21:55',4,'JQ2 R6R',3640),(14,'2018-06-22 04:39:43',15,'RZD 208',5805),(15,'2018-05-14 02:23:44',8,'WS 7027',6324),(16,'2018-05-25 10:07:15',8,'RZD 208',4386),(17,'2018-05-18 13:54:16',12,'45W X49',9044),(18,'2018-02-20 15:41:39',8,'G 445079',6324),(19,'2018-01-08 20:20:32',4,'LEL-3572',4560),(20,'2018-02-12 21:04:20',15,'075 FFB',11970),(21,'2018-07-01 03:51:23',7,'NDN 884',3724),(22,'2018-01-22 21:29:40',12,'XAB-6911',6188),(23,'2018-10-29 05:39:24',1,'KXB 559',5642),(24,'2018-01-18 06:58:14',10,'993 DTR',3348),(25,'2018-04-15 19:15:46',5,'0LL0774',5418),(26,'2018-10-07 15:59:57',4,'993 DTR',3720),(27,'2018-01-23 13:37:46',12,'4QT U99',4386),(28,'2018-03-27 06:11:04',13,'KTJ 026',6840),(29,'2018-08-05 17:02:30',2,'31X VL1',5547),(30,'2018-06-30 22:48:39',13,'XAB-6911',5460),(31,'2018-10-25 10:45:33',9,'KTJ 026',9804),(32,'2018-10-25 05:44:43',1,'160 KOM',7068),(33,'2018-02-11 00:49:23',8,'4QT U99',4386),(34,'2018-11-28 06:08:55',4,'4QT U99',2580),(35,'2018-01-12 22:18:05',4,'78-65590',4560),(36,'2018-03-20 02:10:12',3,'4QT U99',5676),(37,'2018-02-21 10:59:17',10,'24QZ031',3276),(38,'2018-08-25 04:53:25',13,'WS 7027',5580),(39,'2018-01-19 10:43:54',6,'SC 1779',910),(40,'2018-08-10 01:22:16',13,'LEL-3572',6840),(41,'2018-03-27 03:55:24',12,'76-O317',6324),(42,'2018-09-16 21:02:52',10,'823S',4788),(43,'2018-01-31 02:26:36',3,'30C 9038',11704),(44,'2018-08-24 17:42:04',11,'76-O317',7812),(45,'2018-09-30 16:51:27',13,'XAB-6911',5460),(46,'2018-10-16 04:39:29',9,'10M H33',11438),(47,'2018-04-24 11:54:17',12,'029 GAV',6188),(48,'2018-04-18 04:08:14',11,'0J DR847',7644),(49,'2018-03-01 21:11:00',14,'075 FFB',6916),(50,'2018-09-18 10:16:03',14,'0J DR847',4732),(51,'2018-06-18 09:20:43',14,'4QT U99',3354),(52,'2018-05-30 15:24:47',5,'RZD 208',5418),(53,'2018-10-29 06:20:45',7,'4-44016Q',3192),(54,'2018-06-02 01:08:18',3,'30C 9038',11704),(55,'2018-10-24 16:22:03',12,'LDT 720',6324),(56,'2018-01-17 12:20:52',7,'4QT U99',1806),(57,'2018-01-06 07:47:23',8,'175 3398',7752),(58,'2018-11-08 23:51:24',14,'NDN 884',6916),(59,'2018-12-21 12:28:03',1,'WS 7027',5766),(60,'2018-08-12 14:04:16',8,'24QZ031',6188),(61,'2018-06-20 07:54:20',8,'IHF-296',9044),(62,'2018-11-01 00:42:30',2,'0ZE1224',5547),(63,'2018-07-15 16:22:31',10,'FXA-9799',4788),(64,'2018-12-25 22:36:45',9,'7-U3496',7998),(65,'2018-07-03 01:25:43',10,'4-44016Q',4104),(66,'2018-04-22 20:44:31',14,'0LL0774',3354),(67,'2018-05-23 07:46:08',7,'63G 421',3724),(68,'2018-02-27 14:37:34',12,'76-O317',6324),(69,'2018-06-05 16:21:39',9,'160 KOM',9804),(70,'2018-10-30 18:58:38',1,'233752',5766),(71,'2018-04-01 13:27:18',14,'175 3398',5928),(72,'2018-01-07 12:22:11',4,'233752',3720),(73,'2018-08-10 19:01:27',9,'LDT 720',7998),(74,'2018-03-03 16:51:28',10,'LEL-3572',4104),(75,'2018-12-20 00:14:43',4,'KTJ 026',4560),(76,'2018-03-04 19:08:17',8,'4QT U99',4386),(77,'2018-04-08 07:16:39',5,'NMQ 372',9576),(78,'2018-06-12 18:12:08',13,'NDN 884',7980),(79,'2018-01-22 00:20:25',1,'029 GAV',5642),(80,'2018-10-10 14:16:29',2,'KTJ 026',9804),(81,'2018-02-11 13:57:34',5,'252 LKC',5418),(82,'2018-03-21 16:24:05',10,'177 YBQ',3348),(83,'2018-08-27 16:09:25',12,'233752',6324),(84,'2018-01-16 16:14:28',4,'XAB-6911',3640),(85,'2018-12-12 12:18:23',7,'973 1322',2604),(86,'2018-08-31 08:12:24',13,'24QZ031',5460),(87,'2018-06-15 14:30:48',11,'0LL0774',5418),(88,'2018-05-06 23:29:36',13,'24QZ031',5460),(89,'2018-07-01 15:09:09',3,'NMQ 372',10032),(90,'2018-11-20 14:10:35',1,'78-65590',7068),(91,'2018-06-02 05:04:02',13,'175 3398',6840),(92,'2018-01-14 12:12:56',9,'10M H33',11438),(93,'2018-01-16 07:20:18',10,'RPD-8334',4104),(94,'2018-04-19 13:54:51',3,'8JTU778',10032),(95,'2018-11-22 10:41:43',15,'NMQ 372',10260),(96,'2018-02-04 07:11:01',3,'177 YBQ',8184),(97,'2018-05-12 11:35:36',4,'252 LKC',2580),(98,'2018-10-20 23:56:18',2,'IHF-296',11438),(99,'2018-05-08 11:19:33',4,'993 DTR',3720),(100,'2018-10-18 16:31:05',12,'SC 1779',6188),(101,'2018-10-09 09:03:42',15,'IHF-296',11970),(102,'2018-02-05 18:04:04',2,'091 WTK',5547),(103,'2018-11-25 00:42:04',6,'LDT 720',930),(104,'2018-05-06 11:53:56',3,'RPD-8334',10032),(105,'2018-09-01 04:20:56',1,'823S',8246),(106,'2018-07-03 04:12:16',9,'XAB-6911',7826),(107,'2018-02-22 21:45:09',7,'4QT U99',1806),(108,'2018-12-11 08:05:55',8,'KXB 559',6188),(109,'2018-07-03 23:56:30',10,'4QT U99',2322),(110,'2018-11-05 08:22:51',10,'76-O317',3348),(111,'2018-08-19 23:58:09',9,'HL 5495',5547),(112,'2018-07-19 22:57:45',11,'91V B44',5418),(113,'2018-01-04 00:10:36',8,'78-65590',7752),(114,'2018-06-11 07:00:43',15,'993 DTR',8370),(115,'2018-09-18 03:59:16',9,'SEQ-9042',7998),(116,'2018-05-01 01:19:13',9,'935Z6',7998),(117,'2018-04-26 12:45:02',11,'KTJ 026',9576),(118,'2018-05-26 17:14:37',2,'YN8 P5J',11438),(119,'2018-04-14 10:56:13',10,'KXB 559',3276),(120,'2018-02-11 19:43:12',2,'KXB 559',7826),(121,'2018-01-06 01:46:56',3,'074D9',11704),(122,'2018-10-16 09:53:32',9,'4-44016Q',9804),(123,'2018-10-07 04:16:25',3,'HCH 835',5676),(124,'2018-06-11 14:44:53',5,'233752',7812),(125,'2018-08-18 02:56:33',1,'NDN 884',8246),(126,'2018-08-20 10:30:21',14,'993 DTR',4836),(127,'2018-12-05 04:16:12',4,'0ZE1224',2580),(128,'2018-12-01 20:00:07',8,'FXA-9799',9044),(129,'2018-10-19 04:09:48',7,'24QZ031',2548),(130,'2018-06-22 19:27:35',10,'78-65590',4104),(131,'2018-08-28 22:04:01',3,'FBD-8300',8184),(132,'2018-08-08 07:18:22',11,'10M H33',11172),(133,'2018-06-15 12:57:07',8,'31X VL1',4386),(134,'2018-11-11 01:33:02',10,'9LX T41',4104),(135,'2018-12-02 18:29:08',2,'KQZ 813',11438),(136,'2018-11-09 09:09:01',8,'029 GAV',6188),(137,'2018-05-24 18:51:46',8,'G 445079',6324),(138,'2018-09-27 14:46:02',15,'6698',5805),(139,'2018-12-04 19:44:48',9,'FBD-8300',7998),(140,'2018-06-15 06:34:37',7,'973 1322',2604),(141,'2018-12-02 13:07:00',7,'973 1322',2604),(142,'2018-03-08 01:10:02',4,'45W X49',5320),(143,'2018-02-26 12:09:13',8,'HCH 835',4386),(144,'2018-03-18 05:40:22',14,'24QZ031',4732),(145,'2018-05-31 13:03:02',4,'78-65590',4560),(146,'2018-10-19 08:32:12',13,'FXA-9799',7980),(147,'2018-04-10 11:06:23',3,'993 DTR',8184),(148,'2018-10-05 13:37:12',4,'RZD 208',2580),(149,'2018-05-28 09:43:36',5,'HCH 835',5418),(150,'2018-02-14 17:37:31',2,'0ZE1224',5547),(151,'2018-12-10 15:32:52',9,'HCH 835',5547),(152,'2018-08-06 06:57:21',2,'160 KOM',9804),(153,'2018-02-10 22:49:05',14,'074D9',6916),(154,'2018-11-12 13:45:00',14,'NMQ 372',5928),(155,'2018-03-02 18:20:14',11,'6698',5418),(156,'2018-09-21 20:59:06',15,'0ZE1224',5805),(157,'2018-07-20 08:59:26',10,'4QT U99',2322),(158,'2018-10-26 11:03:18',7,'30C 9038',3724),(159,'2018-08-14 03:30:29',4,'973 1322',3720),(160,'2018-08-21 04:43:34',7,'7-U3496',2604),(161,'2018-08-08 09:55:22',13,'HCH 835',3870),(162,'2018-09-18 02:22:52',11,'70-08440',11172),(163,'2018-10-10 03:38:48',15,'KXB 559',8190),(164,'2018-03-19 11:29:14',11,'31X VL1',5418),(165,'2018-04-26 10:41:59',10,'KQZ 813',4788),(166,'2018-01-20 04:31:15',14,'177 YBQ',4836),(167,'2018-09-21 07:58:06',2,'175 3398',9804),(168,'2018-01-17 20:03:22',2,'G 445079',7998),(169,'2018-04-29 02:54:08',7,'0J DR847',2548),(170,'2018-07-29 07:25:12',8,'9LX T41',7752),(171,'2018-10-09 03:36:35',6,'45W X49',1330),(172,'2018-09-09 17:42:01',9,'XAB-6911',7826),(173,'2018-12-21 22:03:46',9,'63G 421',11438),(174,'2018-06-01 23:51:03',15,'NMQ 372',10260),(175,'2018-12-25 10:27:16',10,'6NZG011',3348),(176,'2018-08-30 13:04:30',15,'3DO 420',5805),(177,'2018-10-31 09:21:39',9,'4QT U99',5547),(178,'2018-10-10 00:37:40',7,'477 NPK',2604),(179,'2018-04-30 19:33:57',13,'160 KOM',6840),(180,'2018-04-29 04:25:15',7,'8JTU778',3192),(181,'2018-12-28 21:37:55',10,'385-BHZA',2322),(182,'2018-06-09 04:02:32',2,'70-08440',11438),(183,'2018-04-27 16:32:55',5,'XAB-6911',7644),(184,'2018-12-23 00:25:01',5,'3DO 420',5418),(185,'2018-05-03 06:52:00',15,'4-44016Q',10260),(186,'2018-08-19 22:16:37',7,'0J DR847',2548),(187,'2018-09-22 09:05:09',8,'KTJ 026',7752),(188,'2018-07-31 11:50:06',10,'KQZ 813',4788),(189,'2018-10-22 11:42:45',10,'177 YBQ',3348),(190,'2018-09-24 01:16:07',5,'075 FFB',11172),(191,'2018-05-11 15:57:07',9,'LDT 720',7998),(192,'2018-07-12 14:54:28',7,'45W X49',3724),(193,'2018-06-10 01:01:43',12,'JQ2 R6R',6188),(194,'2018-02-18 14:01:03',9,'177 YBQ',7998),(195,'2018-01-08 06:32:24',9,'177 YBQ',7998),(196,'2018-08-16 22:49:26',15,'6NZG011',8370),(197,'2018-03-07 17:28:54',3,'HCH 835',5676),(198,'2018-08-22 05:32:31',9,'30C 9038',11438),(199,'2018-10-03 10:47:47',3,'FXA-9799',11704),(200,'2018-02-28 17:47:27',15,'4-44016Q',10260),(201,'2018-12-15 21:20:50',15,'3-6608Z',5805),(202,'2018-01-09 16:57:13',8,'91V B44',4386),(203,'2018-01-08 06:32:34',10,'LDT 720',3348),(204,'2018-01-11 01:50:26',8,'RZD 208',4386),(205,'2018-08-29 06:48:47',11,'075 FFB',11172),(206,'2018-06-19 15:09:40',15,'31X VL1',5805),(207,'2018-10-29 10:19:16',9,'RZD 208',5547),(208,'2018-04-02 07:17:23',9,'091 WTK',5547),(209,'2018-02-06 03:26:11',8,'76-O317',6324),(210,'2018-03-02 22:55:42',8,'RZD 208',4386),(211,'2018-02-27 09:46:50',7,'4-44016Q',3192),(212,'2018-07-22 21:36:09',7,'91V B44',1806),(213,'2018-02-08 14:22:34',1,'4QT U99',3999),(214,'2018-06-02 18:57:29',11,'029 GAV',7644),(215,'2018-08-10 01:00:34',2,'NMQ 372',9804),(216,'2018-11-19 04:15:18',13,'823S',7980),(217,'2018-03-04 08:13:58',8,'30C 9038',9044),(218,'2018-05-03 08:03:12',8,'24QZ031',6188),(219,'2018-02-10 15:26:49',1,'385-BHZA',3999),(220,'2018-10-16 09:43:54',7,'WS 7027',2604),(221,'2018-05-07 14:37:19',15,'8JTU778',10260),(222,'2018-04-24 21:46:52',12,'7-U3496',6324),(223,'2018-04-17 09:50:44',15,'4QT U99',5805),(224,'2018-06-14 02:51:16',7,'30C 9038',3724),(225,'2018-06-23 06:36:31',12,'KQZ 813',9044),(226,'2018-06-14 20:48:36',5,'074D9',11172),(227,'2018-03-18 05:54:58',15,'385-BHZA',5805),(228,'2018-09-18 06:41:04',9,'JQ2 R6R',7826),(229,'2018-10-04 20:48:29',8,'0ZE1224',4386),(230,'2018-11-01 18:38:40',12,'91V B44',4386),(231,'2018-02-26 07:06:05',9,'6NZG011',7998),(232,'2018-12-06 13:50:51',9,'45W X49',11438),(233,'2018-12-25 06:26:02',1,'4-44016Q',7068),(234,'2018-02-28 11:50:37',8,'91V B44',4386),(235,'2018-04-02 01:36:08',2,'30C 9038',11438),(236,'2018-10-26 05:11:42',2,'0LL0774',5547),(237,'2018-10-03 08:32:03',9,'LDT 720',7998),(238,'2018-04-06 14:48:13',3,'029 GAV',8008),(239,'2018-08-01 05:49:12',7,'9LX T41',3192),(240,'2018-03-02 21:35:56',6,'LDT 720',930),(241,'2018-03-29 04:00:42',13,'SEQ-9042',5580),(242,'2018-05-03 02:04:39',13,'4-44016Q',6840),(243,'2018-06-02 18:36:58',12,'LDT 720',6324),(244,'2018-07-07 19:32:34',9,'252 LKC',5547),(245,'2018-05-26 14:36:41',10,'3DO 420',2322),(246,'2018-05-19 21:10:21',2,'FBD-8300',7998),(247,'2018-06-29 00:47:16',2,'160 KOM',9804),(248,'2018-12-03 13:21:52',4,'78-65590',4560),(249,'2018-06-05 01:19:11',9,'0LL0774',5547),(250,'2018-06-02 00:11:37',7,'029 GAV',2548),(251,'2018-12-26 20:42:00',9,'RZD 208',5547),(252,'2018-09-29 15:06:45',1,'385-BHZA',3999),(253,'2018-06-20 04:11:16',4,'G 445079',3720),(254,'2018-09-22 02:14:40',13,'KXB 559',5460),(255,'2018-10-03 04:18:16',10,'3-6608Z',2322),(256,'2018-01-15 02:45:43',13,'935Z6',5580),(257,'2018-02-27 03:43:10',10,'10M H33',4788),(258,'2018-07-30 02:05:49',15,'075 FFB',11970),(259,'2018-10-14 17:09:48',8,'477 NPK',6324),(260,'2018-08-08 12:06:18',14,'HL 5495',3354),(261,'2018-06-02 12:52:01',11,'175 3398',9576),(262,'2018-02-17 13:38:21',2,'SEQ-9042',7998),(263,'2018-05-29 20:20:35',11,'3-6608Z',5418),(264,'2018-04-18 14:24:20',2,'0LL0774',5547),(265,'2018-02-16 04:21:15',4,'LDT 720',3720),(266,'2018-04-21 03:45:31',8,'477 NPK',6324),(267,'2018-04-11 17:14:18',14,'3-6608Z',3354),(268,'2018-06-16 07:57:34',15,'477 NPK',8370),(269,'2018-01-20 17:47:57',3,'177 YBQ',8184),(270,'2018-06-03 12:44:31',9,'252 LKC',5547),(271,'2018-09-21 02:48:25',2,'175 3398',9804),(272,'2018-04-29 11:58:12',4,'XAB-6911',3640),(273,'2018-03-27 18:36:49',7,'233752',2604),(274,'2018-12-09 05:36:31',5,'0LL0774',5418),(275,'2018-04-06 21:16:33',15,'24QZ031',8190),(276,'2018-04-12 23:15:13',1,'WS 7027',5766),(277,'2018-06-14 02:57:26',4,'074D9',5320),(278,'2018-07-26 16:44:07',4,'074D9',5320),(279,'2018-06-13 16:36:44',5,'G 445079',7812),(280,'2018-12-02 16:17:15',13,'823S',7980),(281,'2018-08-29 23:58:25',11,'KQZ 813',11172),(282,'2018-02-08 06:12:15',10,'6698',2322),(283,'2018-10-22 14:13:26',2,'63G 421',11438),(284,'2018-05-06 08:51:04',7,'252 LKC',1806),(285,'2018-03-08 00:09:07',14,'FBD-8300',4836),(286,'2018-02-02 01:28:17',14,'NMQ 372',5928),(287,'2018-04-04 18:27:10',8,'24QZ031',6188),(288,'2018-01-26 05:22:26',8,'SC 1779',6188),(289,'2018-03-19 05:37:25',13,'FBD-8300',5580),(290,'2018-11-13 12:15:18',15,'091 WTK',5805),(291,'2018-09-05 18:48:06',14,'KTJ 026',5928),(292,'2018-11-05 14:33:21',10,'SC 1779',3276),(293,'2018-05-20 05:08:07',9,'091 WTK',5547),(294,'2018-08-07 19:16:50',15,'NDN 884',11970),(295,'2018-07-30 02:47:50',3,'LEL-3572',10032),(296,'2018-03-16 09:52:54',14,'G 445079',4836),(297,'2018-07-19 16:11:29',13,'029 GAV',5460),(298,'2018-02-07 14:21:38',3,'KTJ 026',10032),(299,'2018-12-11 13:17:58',1,'233752',5766),(300,'2018-10-22 08:13:49',6,'0J DR847',910);
/*!40000 ALTER TABLE `charge_records` ENABLE KEYS */;
UNLOCK TABLES;

--
-- Table structure for table `charging_station_sockets`
--

DROP TABLE IF EXISTS `charging_station_sockets`;
/*!40101 SET @saved_cs_client     = @@character_set_client */;
 SET character_set_client = utf8mb4 ;
CREATE TABLE `charging_station_sockets` (
  `station_id` int(11) NOT NULL,
  `no_of_available_sockets` int(11) NOT NULL,
  `date_time` datetime NOT NULL,
  PRIMARY KEY (`station_id`,`date_time`),
  CONSTRAINT `charging_station_sockets_ibfk_1` FOREIGN KEY (`station_id`) REFERENCES `charging_stations` (`id`)
) ENGINE=InnoDB DEFAULT CHARSET=utf8mb4 COLLATE=utf8mb4_0900_ai_ci;
/*!40101 SET character_set_client = @saved_cs_client */;

--
-- Dumping data for table `charging_station_sockets`
--

LOCK TABLES `charging_station_sockets` WRITE;
/*!40000 ALTER TABLE `charging_station_sockets` DISABLE KEYS */;
INSERT INTO `charging_station_sockets` VALUES (1,18,'2018-04-03 19:05:48'),(1,4,'2018-04-04 00:46:16'),(1,2,'2018-05-08 00:12:09'),(1,10,'2018-07-21 12:10:21'),(1,9,'2018-10-05 00:00:00'),(1,1,'2018-10-05 01:00:00'),(1,14,'2018-10-05 02:00:00'),(1,8,'2018-10-05 03:00:00'),(1,3,'2018-10-05 04:00:00'),(1,17,'2018-10-05 05:00:00'),(1,20,'2018-10-05 06:00:00'),(1,6,'2018-10-05 07:00:00'),(1,6,'2018-10-05 08:00:00'),(1,9,'2018-10-05 09:00:00'),(1,17,'2018-10-05 10:00:00'),(1,1,'2018-10-05 11:00:00'),(1,19,'2018-10-05 12:00:00'),(1,11,'2018-10-05 13:00:00'),(1,10,'2018-10-05 14:00:00'),(1,15,'2018-10-05 15:00:00'),(1,18,'2018-10-05 16:00:00'),(1,1,'2018-10-05 17:00:00'),(1,5,'2018-10-05 18:00:00'),(1,5,'2018-10-05 19:00:00'),(1,18,'2018-10-05 20:00:00'),(1,9,'2018-10-05 21:00:00'),(1,9,'2018-10-05 22:00:00'),(1,11,'2018-10-05 23:00:00'),(2,2,'2018-01-30 06:35:16'),(2,2,'2018-02-04 17:33:24'),(2,0,'2018-02-07 03:15:15'),(2,2,'2018-02-27 23:48:23'),(2,5,'2018-03-22 03:31:07'),(2,0,'2018-06-02 18:26:36'),(2,5,'2018-10-05 00:00:00'),(2,1,'2018-10-05 01:00:00'),(2,3,'2018-10-05 02:00:00'),(2,4,'2018-10-05 03:00:00'),(2,4,'2018-10-05 04:00:00'),(2,5,'2018-10-05 05:00:00'),(2,1,'2018-10-05 06:00:00'),(2,5,'2018-10-05 07:00:00'),(2,2,'2018-10-05 08:00:00'),(2,0,'2018-10-05 09:00:00'),(2,1,'2018-10-05 10:00:00'),(2,5,'2018-10-05 11:00:00'),(2,5,'2018-10-05 12:00:00'),(2,5,'2018-10-05 13:00:00'),(2,2,'2018-10-05 14:00:00'),(2,2,'2018-10-05 15:00:00'),(2,1,'2018-10-05 16:00:00'),(2,1,'2018-10-05 17:00:00'),(2,2,'2018-10-05 18:00:00'),(2,1,'2018-10-05 19:00:00'),(2,4,'2018-10-05 20:00:00'),(2,4,'2018-10-05 21:00:00'),(2,4,'2018-10-05 22:00:00'),(2,1,'2018-10-05 23:00:00'),(3,1,'2018-05-01 00:12:39'),(3,3,'2018-05-06 19:21:01'),(3,4,'2018-07-18 16:22:09'),(3,5,'2018-08-26 13:26:06'),(3,4,'2018-10-05 00:00:00'),(3,5,'2018-10-05 01:00:00'),(3,5,'2018-10-05 02:00:00'),(3,5,'2018-10-05 03:00:00'),(3,0,'2018-10-05 04:00:00'),(3,0,'2018-10-05 05:00:00'),(3,3,'2018-10-05 06:00:00'),(3,0,'2018-10-05 07:00:00'),(3,5,'2018-10-05 08:00:00'),(3,0,'2018-10-05 09:00:00'),(3,3,'2018-10-05 10:00:00'),(3,0,'2018-10-05 11:00:00'),(3,3,'2018-10-05 12:00:00'),(3,0,'2018-10-05 13:00:00'),(3,1,'2018-10-05 14:00:00'),(3,1,'2018-10-05 15:00:00'),(3,3,'2018-10-05 16:00:00'),(3,1,'2018-10-05 17:00:00'),(3,5,'2018-10-05 18:00:00'),(3,5,'2018-10-05 19:00:00'),(3,2,'2018-10-05 20:00:00'),(3,2,'2018-10-05 21:00:00'),(3,4,'2018-10-05 22:00:00'),(3,4,'2018-10-05 23:00:00'),(4,2,'2018-01-11 19:43:38'),(4,0,'2018-02-27 14:58:33'),(4,2,'2018-03-11 06:04:58'),(4,0,'2018-03-19 06:11:46'),(4,2,'2018-06-10 12:15:57'),(4,2,'2018-10-05 00:00:00'),(4,0,'2018-10-05 01:00:00'),(4,0,'2018-10-05 02:00:00'),(4,3,'2018-10-05 03:00:00'),(4,0,'2018-10-05 04:00:00'),(4,2,'2018-10-05 05:00:00'),(4,0,'2018-10-05 06:00:00'),(4,3,'2018-10-05 07:00:00'),(4,2,'2018-10-05 08:00:00'),(4,0,'2018-10-05 09:00:00'),(4,0,'2018-10-05 10:00:00'),(4,1,'2018-10-05 11:00:00'),(4,2,'2018-10-05 12:00:00'),(4,1,'2018-10-05 13:00:00'),(4,3,'2018-10-05 14:00:00'),(4,0,'2018-10-05 15:00:00'),(4,3,'2018-10-05 16:00:00'),(4,0,'2018-10-05 17:00:00'),(4,1,'2018-10-05 18:00:00'),(4,2,'2018-10-05 19:00:00'),(4,2,'2018-10-05 20:00:00'),(4,3,'2018-10-05 21:00:00'),(4,1,'2018-10-05 22:00:00'),(4,3,'2018-10-05 23:00:00'),(5,9,'2018-01-07 21:29:40'),(5,3,'2018-03-04 11:59:13'),(5,12,'2018-03-22 08:16:58'),(5,8,'2018-04-03 00:01:52'),(5,12,'2018-05-27 15:44:44'),(5,2,'2018-06-12 08:51:31'),(5,6,'2018-07-02 23:40:47'),(5,8,'2018-10-05 00:00:00'),(5,12,'2018-10-05 01:00:00'),(5,9,'2018-10-05 02:00:00'),(5,1,'2018-10-05 03:00:00'),(5,2,'2018-10-05 04:00:00'),(5,0,'2018-10-05 05:00:00'),(5,0,'2018-10-05 06:00:00'),(5,11,'2018-10-05 07:00:00'),(5,11,'2018-10-05 08:00:00'),(5,8,'2018-10-05 09:00:00'),(5,9,'2018-10-05 10:00:00'),(5,11,'2018-10-05 11:00:00'),(5,1,'2018-10-05 12:00:00'),(5,11,'2018-10-05 13:00:00'),(5,6,'2018-10-05 14:00:00'),(5,10,'2018-10-05 15:00:00'),(5,5,'2018-10-05 16:00:00'),(5,12,'2018-10-05 17:00:00'),(5,8,'2018-10-05 18:00:00'),(5,10,'2018-10-05 19:00:00'),(5,5,'2018-10-05 20:00:00'),(5,3,'2018-10-05 21:00:00'),(5,11,'2018-10-05 22:00:00'),(5,10,'2018-10-05 23:00:00'),(6,7,'2018-02-14 20:56:06'),(6,2,'2018-03-10 09:40:34'),(6,6,'2018-05-17 19:31:00'),(6,9,'2018-05-22 03:53:54'),(6,7,'2018-05-25 23:18:17'),(6,13,'2018-06-13 15:26:16'),(6,12,'2018-07-06 18:02:29'),(6,10,'2018-08-22 12:44:21'),(6,6,'2018-08-25 23:46:41'),(7,12,'2018-01-30 14:30:28'),(7,0,'2018-02-06 00:13:30'),(7,10,'2018-03-15 00:06:46'),(7,3,'2018-03-21 21:55:31'),(7,1,'2018-08-02 16:17:58'),(8,10,'2018-01-19 16:02:10'),(8,10,'2018-02-01 19:19:40'),(8,8,'2018-04-24 22:37:26'),(8,1,'2018-05-19 04:35:54'),(8,10,'2018-06-06 14:30:03'),(8,11,'2018-08-25 08:14:15'),(9,5,'2018-01-25 10:40:41'),(9,9,'2018-02-09 07:41:50'),(9,3,'2018-03-19 11:04:52'),(9,20,'2018-04-19 11:38:29'),(9,21,'2018-07-12 16:49:11'),(9,20,'2018-08-05 00:25:01'),(10,2,'2018-01-06 01:53:55'),(10,0,'2018-02-01 03:06:28'),(10,1,'2018-03-12 11:13:30'),(10,5,'2018-04-19 11:07:34'),(10,10,'2018-06-30 01:48:51'),(10,9,'2018-07-17 05:54:08'),(10,9,'2018-08-11 00:16:41'),(11,5,'2018-01-08 14:23:28'),(11,10,'2018-01-22 18:36:49'),(11,3,'2018-04-12 17:56:11'),(11,6,'2018-04-28 04:07:07'),(11,1,'2018-05-07 17:58:48'),(11,5,'2018-06-07 16:47:12'),(11,12,'2018-08-17 13:49:58'),(11,4,'2018-08-30 15:17:54'),(12,11,'2018-04-05 00:13:35'),(12,13,'2018-04-10 01:20:49'),(12,1,'2018-04-16 20:15:54'),(12,2,'2018-04-27 01:01:16'),(12,14,'2018-06-12 03:09:27'),(12,8,'2018-07-09 21:54:11'),(12,10,'2018-08-02 17:21:02'),(12,8,'2018-08-05 06:17:39'),(13,0,'2018-03-10 06:45:03'),(13,2,'2018-04-01 20:09:05'),(13,4,'2018-04-17 00:21:37'),(13,1,'2018-04-19 00:11:34'),(13,1,'2018-05-05 23:36:54'),(13,5,'2018-05-07 19:03:44'),(13,0,'2018-06-09 15:47:58'),(13,2,'2018-07-14 04:15:43'),(13,4,'2018-08-09 11:23:59'),(14,0,'2018-01-09 02:10:56'),(14,0,'2018-04-12 16:51:08'),(14,5,'2018-05-16 01:34:12'),(14,8,'2018-05-20 19:21:20'),(14,1,'2018-06-13 19:52:14'),(14,0,'2018-06-26 11:31:45'),(14,6,'2018-07-13 14:55:28'),(15,1,'2018-03-26 09:59:42'),(15,14,'2018-05-01 20:11:29'),(15,10,'2018-06-15 08:12:06'),(15,18,'2018-06-27 16:54:57'),(15,4,'2018-07-26 08:46:17'),(15,8,'2018-08-04 15:36:22'),(15,15,'2018-08-08 02:42:23'),(15,3,'2018-08-27 02:38:04'),(15,9,'2018-08-31 10:41:33');
/*!40000 ALTER TABLE `charging_station_sockets` ENABLE KEYS */;
UNLOCK TABLES;

--
-- Table structure for table `charging_stations`
--

DROP TABLE IF EXISTS `charging_stations`;
/*!40101 SET @saved_cs_client     = @@character_set_client */;
 SET character_set_client = utf8mb4 ;
CREATE TABLE `charging_stations` (
  `id` int(11) NOT NULL AUTO_INCREMENT,
  `gps_location` varchar(30) NOT NULL,
  `price_per_amount` int(11) NOT NULL,
  `total_no_of_sockets` int(11) NOT NULL,
  PRIMARY KEY (`id`)
) ENGINE=InnoDB AUTO_INCREMENT=16 DEFAULT CHARSET=utf8mb4 COLLATE=utf8mb4_0900_ai_ci;
/*!40101 SET character_set_client = @saved_cs_client */;

--
-- Dumping data for table `charging_stations`
--

LOCK TABLES `charging_stations` WRITE;
/*!40000 ALTER TABLE `charging_stations` DISABLE KEYS */;
INSERT INTO `charging_stations` VALUES (1,'-18.842904 81.920493',31,20),(2,'38.856232 146.306404',43,5),(3,'-71.3428685 47.747610',44,5),(4,'-0.9546215 121.766717',20,3),(5,'52.786991 92.525074',42,12),(6,'60.6268775 -141.369514',5,15),(7,'-66.8274245 -11.984510',14,15),(8,'88.6418775 60.887554',34,11),(9,'3.3963665 148.459546',43,23),(10,'-47.258244 -41.071354',18,11),(11,'72.382228 -43.360929',42,17),(12,'65.6918685 7.639691',34,14),(13,'9.2210935 -29.640603',30,5),(14,'74.6411835 70.459467',26,12),(15,'73.628492 140.428849',45,22);
/*!40000 ALTER TABLE `charging_stations` ENABLE KEYS */;
UNLOCK TABLES;

--
-- Table structure for table `customers`
--

DROP TABLE IF EXISTS `customers`;
/*!40101 SET @saved_cs_client     = @@character_set_client */;
 SET character_set_client = utf8mb4 ;
CREATE TABLE `customers` (
  `id` int(11) NOT NULL AUTO_INCREMENT,
  `username` varchar(50) NOT NULL,
  `full_name` varchar(50) NOT NULL,
  `email` varchar(50) NOT NULL,
  `phone_number` varchar(20) DEFAULT NULL,
  `bank_account` varchar(50) NOT NULL,
  `gps_location` varchar(30) NOT NULL,
  `address` varchar(100) NOT NULL,
  `nearest_station` int(11) DEFAULT NULL,
  PRIMARY KEY (`id`),
  KEY `nearest_station` (`nearest_station`),
  CONSTRAINT `customers_ibfk_1` FOREIGN KEY (`nearest_station`) REFERENCES `charging_stations` (`id`)
) ENGINE=InnoDB AUTO_INCREMENT=502 DEFAULT CHARSET=utf8mb4 COLLATE=utf8mb4_0900_ai_ci;
/*!40101 SET character_set_client = @saved_cs_client */;

--
-- Dumping data for table `customers`
--

LOCK TABLES `customers` WRITE;
/*!40000 ALTER TABLE `customers` DISABLE KEYS */;
INSERT INTO `customers` VALUES (1,'christopher05','Michelle White','scott24@gmail.com','031-399-2476x0055','3586367161469431','-89.3500465 61.844319','889 Schultz Valley Apt. 511\nNew Dianatown, WV 70655',1),(2,'davischristian','Robin Burke','carmensmith@hotmail.com','868.300.9027','3527268861224336','-88.8942785 27.654619','296 Moran Lights\nPort Bradley, VA 27062',5),(3,'bpope','Valerie Goodman','griffinwayne@hotmail.com','211-135-8515x9810','581586021148','-51.733574 77.434066','94576 Escobar Villages\nPort Ricky, NJ 33276',3),(4,'karlwilliams','Mark White','bradley40@gmail.com','(161)403-2022x2898','376619771689521','-29.7737315 85.145700','74838 Ward Land Apt. 076\nWest Cody, VA 73969',6),(5,'vbryant','Tricia Smith','lambertstephen@brown.com','(800)387-4489','373155264190324','-25.740693 127.238491','8053 Pacheco Pike Apt. 058\nWalshland, CT 64596',15),(6,'chloe54','Rebecca Jones','kevinhenson@gmail.com','+85(4)0039516785','341009016818972','3.447534 -140.713012','5998 Moon Parks\nEast Christopherchester, CT 75035',15),(7,'jeremyfoster','Courtney Vang','qyoung@gmail.com','123.230.3890x768','213119652532491','-74.7694575 -41.232320','90871 Mary Mountain Apt. 478\nLake Davidhaven, IL 70548',3),(8,'kellycarolyn','Heather Gill','sramirez@eaton.net','+80(9)1781101107','4705743576207612','-38.2638905 100.233825','657 Vasquez Rapids Apt. 479\nSouth Claudia, MI 48681',2),(9,'jennifer95','Christopher Wood','kmaldonado@yahoo.com','+27(5)6672756397','4859222543881','3.046951 -158.198636','82164 Bryant Crest Suite 391\nJessicahaven, DE 20611',5),(10,'bartlettjulia','Eric Abbott','markcameron@jones-ryan.org','(854)027-0120','3593052401371412','60.035666 53.944998','6107 Rachael Drive\nNew Christopher, HI 66916',6),(11,'rholland','Austin Miller','justin68@gmail.com','(528)607-4670','38734862220571','89.705121 -91.859716','0225 Spencer Pine Apt. 835\nMichaelton, SD 49862',14),(12,'burchdanny','John White','yvincent@yahoo.com','(471)628-4504x8502','4301874540295','-9.1805845 -176.466939','68015 Dana Heights\nNew Bretttown, SD 72813',9),(13,'mikerose','James Gallegos','olsondennis@yahoo.com','1-774-680-8736x48559','30593965123415','-13.210200 129.802400','7294 Allen Springs Suite 542\nHinesfurt, WA 63383',15),(14,'justin24','Kyle Clay','justin79@davis-thompson.org','1-202-257-1465','30349114884898','17.0553095 56.266825','552 Compton Keys Apt. 308\nCoffeyborough, TN 60136',1),(15,'nancy82','Christopher Frost','timothyshaw@day.com','782-524-1835','501894873436','-75.0144905 27.792479','43801 Autumn Causeway Apt. 421\nStevenshire, OH 32679',6),(16,'juliemayer','Donald Norton','xrich@yahoo.com','+64(9)1477154170','4253942628885812289','83.850078 15.917080','138 Carlson Village\nWest Christineberg, AK 86867',11),(17,'estesdanielle','John Reed','uanderson@gmail.com','321-936-8708','6518338442531584','4.9580085 42.611848','62015 Cindy Mountain\nDavidchester, CT 97056',3),(18,'kimgregory','Robert Hall','perezrhonda@yahoo.com','577.661.7401x02958','501894696860','-27.3579045 169.574096','2372 Brown Glens\nNorth Kelli, MT 60724',13),(19,'davisashley','Richard Hoffman','bautistaangela@white-browning.com','1-084-002-7523x613','6011551577497254','-74.790480 -28.336368','1523 Emily Fields\nSouth Erinbury, PA 09619',10),(20,'kellernathaniel','Diana Perkins','lindamiller@gmail.com','394.947.6990x792','4367670539949411','-35.6288435 -150.058803','721 Cassandra Springs\nPort Juliehaven, IA 38685',4),(21,'pday','Devin Deleon','cgarcia@gmail.com','109.499.6942','30112272991149','22.2080595 -41.290672','8363 Denise Pines\nLake William, PA 73250',8),(22,'khanhenry','Joseph Arellano','lindsey96@gmail.com','679-866-7947x23083','213112211828120','-23.2876445 146.298126','62012 Miller Stravenue\nLloydmouth, WV 62837',15),(23,'jamesbennett','Tiffany Smith','wjames@gmail.com','1-336-509-5133','213178387379065','-25.7855135 -23.324872','4757 Kari Field Apt. 021\nLake Warrenmouth, MA 21302',1),(24,'rgrant','Daniel Peters','uwalker@yahoo.com','(754)290-0838','4729388411035935','10.9078415 160.028658','691 Nicholas Light Apt. 910\nNew Patrickbury, RI 68178',7),(25,'danielle28','Maria Ayers','owensjames@yahoo.com','01888240645','3575750875823220','51.4604265 -12.567952','75493 Johnson Tunnel Suite 019\nRamirezshire, CA 57196',6),(26,'vickipatrick','Matthew Watson','mcdonaldbenjamin@gmail.com','1-001-721-6306x1688','4670769454792905','29.302379 34.802271','84425 Washington Roads Apt. 521\nTammyland, NJ 56370',4),(27,'george01','Felicia Martinez','matthewsmith@yahoo.com','1-268-440-9081x503','372762476824862','75.408151 -57.959022','295 Cook Lodge\nNorth Destiny, AK 28226',12),(28,'fjohnson','Mr. Jake Jenkins','jacksonashley@gmail.com','02630842410','213122777492922','24.1690515 146.200175','7472 Ashley Causeway\nRobertfort, SC 76236',11),(29,'garynewton','Sarah Mooney','wilsonashley@hall.com','07299565395','4222924703782412','45.982593 130.578114','808 Johnson Greens\nKimberlyhaven, NM 38513',8),(30,'cynthiaruiz','Charles Ware','qkelly@stevenson.com','939-491-5435x061','213170212895563','16.859396 -117.825563','014 Samantha Manor Apt. 654\nSouth Justinfurt, OH 92883',3),(31,'flester','Linda Hull','christine30@small.biz','447.704.2326','36025862858151','11.351870 84.419918','9430 Mark Harbor Suite 437\nPort Jennifer, OK 39689',10),(32,'mpowers','Mindy Contreras','cookcharles@hotmail.com','161-875-0912x196','502064931681','39.1669235 -153.655683','USS Cox\nFPO AP 06986',7),(33,'dwelch','Eric Hoffman','eduke@gmail.com','1-676-258-3506x83026','3564934907807475','-25.824201 148.471781','9609 Garcia Groves Suite 579\nKellybury, AR 19714',15),(34,'stewartnicole','Jennifer Travis','jadegarcia@hotmail.com','306.509.6182','630416856759','-1.1607205 -133.320372','18495 Tommy Mall Suite 087\nNew David, TN 18251',14),(35,'mosleyanthony','Tracey Pierce','danielcarla@curtis.com','(560)878-4520x08195','5111605432714625','65.9635555 -45.046917','4742 Baker Square Suite 767\nNicholsshire, CA 38672',4),(36,'nicole66','Tami Gonzalez','chad48@gmail.com','(047)302-0559x76334','6571448932535450','-0.852627 127.009701','537 Saunders Heights\nJamiemouth, WA 27194',14),(37,'david79','Janice Barry','ralphdominguez@yahoo.com','07412995216','342690380296892','-7.2570925 128.222022','USNS Jones\nFPO AP 00788',5),(38,'codydaniel','Frank Davila','paigethomas@gmail.com','685-490-8163','3551694679070406','40.101272 15.513809','3619 Heather Square\nEast Audrey, OH 92824',5),(39,'dennisray','Tiffany Perez','sarapace@taylor.com','127-534-2181x731','6011184435098948','15.4915085 84.694911','874 Gloria Street\nJohnsonview, NE 30034',3),(40,'aharper','Debbie Young','meganmiller@yahoo.com','469-432-0786','4546855763841','58.8664565 -140.932297','6757 Sandra Lake Apt. 985\nNew Garyland, DE 95476',5),(41,'watsonjoel','Jessica Williams','mosskyle@hotmail.com','+63(3)9585214657','4989837274539','-34.163367 5.784525','703 Douglas Mountain Suite 694\nRobertton, WV 87881',4),(42,'chelseyhampton','Andrew Short','larryhamilton@hotmail.com','163.228.3384','370759512131916','-51.038179 -155.413217','499 Chelsea Place Apt. 793\nSouth Devin, MS 28847',13),(43,'susanrivera','Randy Schroeder','patriciaspencer@gmail.com','(197)498-7554x26838','4226390636285362709','82.7369065 -33.685094','99445 George Isle\nLorichester, WV 32127',13),(44,'guerreroshawn','Kelly Bean','jamesanthony@garcia.org','1-078-270-8631x49407','4776620471540756','-49.658348 -39.817039','693 Kyle View\nNew Donald, WI 15644',7),(45,'calvinhayes','David Mcmillan','snguyen@hoffman-reed.net','08843029981','561735535743','16.4149795 99.471036','92697 Abbott River Suite 461\nSouth Alisha, TX 90012',12),(46,'mitchellnelson','Karen Reynolds','zwilliams@medina.com','01284336104','4871493083670828151','-19.8648155 16.299331','6855 Lewis Rue Apt. 437\nSouth Hollytown, WI 29087',10),(47,'nicolescott','Christine Macdonald','bryantclifford@cole-richardson.com','981.439.6548x396','6011615227419420','-14.6713145 150.477695','625 Bennett Islands Apt. 352\nMartinezborough, AK 48169',11),(48,'denisediaz','Kimberly Joseph','inewton@yahoo.com','492-886-8186x45661','347339834761458','11.0494625 38.473573','11094 Brandon Island Apt. 135\nMasseymouth, MD 39679',4),(49,'brandonclark','Jessica Bond','ymeza@cooper.net','(820)977-3640','4849983964152076513','-65.275594 -32.195097','056 Morales Port Suite 531\nLiuview, HI 43254',14),(50,'jeffreywilkins','Angel Knight','michael29@gmail.com','(653)075-8624x722','3549977236096690','2.9942345 170.294442','8930 Richard Park Apt. 080\nEast Carolineland, OR 85288',6),(51,'houstonmichael','Janet Brooks','imoran@schroeder-levine.com','07355979967','4960332987281948735','0.588388 -135.579600','49488 Marcus Shores Apt. 617\nRoyberg, DE 18500',2),(52,'adrianburns','Jennifer Simmons','derrick10@hotmail.com','06613079442','3594436672303270','22.9515965 168.752597','5274 Rasmussen Plaza\nEast Gregorybury, ME 92185',15),(53,'timothy44','Erica Barber','vdavis@wilson.com','(652)372-8371','3568516334852707','-39.139612 -109.158057','049 Graves Harbors Apt. 085\nRaymondland, NC 05038',5),(54,'scottcrystal','Ashlee Hopkins','bryancohen@hotmail.com','220.459.1527x3814','180090310505295','-69.859440 -178.948426','304 Vicki Drive Apt. 641\nWest Keithfort, AR 73335',2),(55,'lchurch','James Tran','jonesjasmine@yahoo.com','089.669.2039x406','180083482838362','-47.5979115 117.255087','PSC 8980, Box 2208\nAPO AP 17351',10),(56,'vgray','Kirsten Ho','mosleyjodi@williams.com','501.005.7672x2285','503873287448','-50.6205425 22.956490','277 Nicholas Flat Suite 708\nRonaldville, WY 48978',4),(57,'mark81','Mary Murphy','bryanmcmillan@sanchez-graves.biz','1-392-531-1712x1640','30084130522723','-78.861557 -162.726998','3847 Patrick Isle\nSouth Sherry, PA 41923',11),(58,'kentashley','Laurie Anderson','leonardjoanne@williams.com','+66(0)0063766748','4580293739758','-18.4544435 171.832023','314 Diane Motorway Apt. 888\nNorth Kristenmouth, NC 65518',11),(59,'qstone','Christopher Jones','flewis@yahoo.com','071-869-4620','340732984975976','10.3407075 -103.935945','59911 Schmidt Road\nNorth Dillon, WY 20921',5),(60,'sgonzalez','William Sellers','vkrueger@hotmail.com','051-118-2625','4560587043199728','53.4041465 -113.647271','Unit 8926 Box 0095\nDPO AE 75427',13),(61,'qperez','Nicholas Green','yvettehenry@gmail.com','1-186-387-6570','30248955850291','49.0361285 14.342825','197 Jessica Field\nSimston, MD 62461',3),(62,'markboyd','Claudia Edwards','wjones@hotmail.com','384-727-3079x972','30036607800230','87.8887355 -68.483957','2003 Veronica Mill Suite 952\nNorth Wandachester, AR 28180',15),(63,'jerry86','Eric Norman','smithmargaret@yahoo.com','(128)801-2582x77390','5484176928705377','-6.849186 -100.909774','2558 Bishop Mountain\nPort Jenniferton, NC 27961',12),(64,'tracylara','Michael Mendez','danielandrews@hotmail.com','181.475.1747x32319','180060215838695','8.6315035 -111.357939','4802 Morgan Corners\nPetersenville, MS 11447',11),(65,'lawrencejoyce','Cody Nguyen','joseph43@gmail.com','1-012-795-0160x82930','30565336573734','6.305257 -66.121869','417 Christopher River\nEast Stephanie, NJ 53778',7),(66,'madeline42','Jeffrey Sanders','vhunter@yahoo.com','725-860-4149x2472','343821872933879','87.821221 -46.933720','5146 Steven Ford Suite 362\nJakeport, OR 52935',7),(67,'robert33','Kimberly Gonzalez','lisa05@yahoo.com','(842)578-5925','30064546720517','-9.901297 -65.109596','4504 Johnson Island\nKatherinemouth, ID 59548',4),(68,'kimberly95','Kevin Hernandez','cassandrawolfe@crawford.biz','(945)996-1937','180065545231560','83.5167525 22.480696','442 Lawson Pine Suite 521\nAprilport, WV 85023',5),(69,'cjones','Brittney Duke','jeffrey79@hotmail.com','(927)676-8211','4744281823640','8.352952 9.403285','2269 Mary Green Apt. 729\nNew Jorgefurt, VA 49770',13),(70,'andrew00','Paula Drake','marymerritt@robertson-ibarra.com','042-329-6517x5982','4376562529081','71.5929565 126.715795','USCGC Ho\nFPO AP 17257',1),(71,'edixon','Laura Mcfarland','whitedonna@walker.com','044-739-3543','4908786612709948','-13.7555715 -70.571084','05928 John Road Suite 371\nLindseyfort, AK 56440',1),(72,'taylorcasey','Emily Hensley','christopher99@young.com','894.962.2235x3592','4145295720431177183','-3.677687 74.981749','577 Jared Squares\nWardton, IA 11156',1),(73,'julie24','Amy Mendoza','jameswilliams@wood.net','646-611-3227','30488870360972','49.499871 -93.941321','0353 Kathleen Pine\nPort Paul, CT 85873',4),(74,'huntvalerie','Vincent Smith','tmckenzie@yahoo.com','07689516441','4117302981547799','78.6674165 16.008480','041 Heather Rest\nLake Sandra, NM 09941',13),(75,'dawsonjeff','Danielle Yang','rebekahwhitehead@gmail.com','362.384.1703','4934011191579303140','-89.2776545 -69.477316','934 Joseph Trafficway\nJamesport, NM 57984',2),(76,'dsmith','Lindsey Morrison','sheri40@hotmail.com','1-512-863-1687x569','589371415284','10.517484 47.310791','74871 Campbell Knoll Suite 252\nAshleymouth, ND 33377',4),(77,'oshaffer','Danielle Trujillo','ohuang@yahoo.com','07794178278','349070857077526','60.9152155 44.973902','2071 Joseph Causeway Suite 976\nRayside, NH 81870',8),(78,'olane','Albert Goodman','kscott@gutierrez.biz','(912)348-4339x814','213195752730607','28.7341255 47.905419','894 Benjamin Trail\nSmithville, MO 65753',3),(79,'xsmith','Brandi Hill','jennifer66@yahoo.com','1-217-473-8988','4367644225980360873','17.953460 66.374454','247 Farrell Trafficway\nSouth Elizabeth, NH 25901',8),(80,'adamskristen','Jacob Chen','nicholasmontgomery@carney.com','(792)111-4115','372651302641519','52.1698015 -170.626557','960 Reynolds Crossroad\nSouth Stacy, DC 82872',8),(81,'taylorantonio','Erik Werner','shahsteven@gonzales.org','164.021.2893','3546841593519210','-81.3781885 -47.771002','1639 Daniel Path Apt. 899\nEdwinberg, AK 54703',4),(82,'martinjonathon','Alexander White','smithpaul@brown-holloway.info','090-364-4479x183','4961148455792','18.618568 -23.734222','95590 Mueller Mission Apt. 416\nPalmerville, OR 86997',7),(83,'josekramer','Lisa Green','lucas62@hotmail.com','304.028.8782x1769','6538406957025502','-86.972795 -156.160156','52979 Kelly Parkways Suite 468\nLewisfurt, RI 56021',10),(84,'timothy73','Eric Smith','alejandro08@gmail.com','1-328-644-6134','3546482427497222','86.172215 158.085620','876 Dalton Locks Apt. 201\nTeresamouth, CT 71395',5),(85,'qbentley','Carl Walters','mackjuan@hotmail.com','024.800.4345x47768','5293727475628106','-28.5980715 83.126000','470 Bradley Ramp Apt. 388\nWest Judy, TN 75553',5),(86,'kevin10','Eric Rodriguez','robinsonkaren@hotmail.com','1-529-979-0120x813','213118048554714','1.125350 -40.707172','12314 Bonnie Plaza Suite 472\nNew Jasontown, UT 48766',11),(87,'rebeccahall','Denise Kirby','lewissarah@gmail.com','268-312-6397','5104038084806474','80.5082655 -7.465793','38510 Sarah Terrace Apt. 550\nKristopherburgh, AR 62758',3),(88,'grantdavid','Cody Novak','contrerasjames@sanders.com','07341223896','3562809629432277','24.6263025 -118.986681','354 Washington Walks\nPort Christinaburgh, NV 55284',13),(89,'donna43','Lauren Norton','smithbeth@nielsen-lewis.com','1-022-421-6216','575796527274','-75.9942255 57.626223','06106 Hess Knoll Suite 766\nNew Ruthtown, PA 20704',13),(90,'zsanchez','Amanda Jones','andreaadams@gmail.com','349.631.5563x1001','4849022285454048','5.819814 122.360678','18099 Jose Rest Apt. 295\nNew Tonyamouth, GA 90022',4),(91,'teresaross','Jacob Wood','conradcolleen@barnett.com','1-283-063-9062','6568804643028257','-87.2732375 135.232282','196 West Avenue Apt. 376\nSouth Michaelshire, OK 44595',12),(92,'reyeserin','Michael Rogers','gibsoncindy@yahoo.com','082-653-6147x29455','3590357465776296','18.1843395 -172.499977','9258 Foster Ramp\nMariaside, OR 11713',15),(93,'ginaramos','Dennis Huff','jillleonard@knapp-brady.info','(309)825-9726','213175789757385','43.3665195 -96.420170','83526 Michael Summit Suite 447\nGuerrafurt, VT 65935',15),(94,'zmartin','Matthew Schwartz','brianthompson@hotmail.com','(063)434-0644x3116','379550953729339','-45.7335655 -170.698995','743 Matthew Crest Suite 677\nScottborough, WA 41260',10),(95,'douglasjessica','Jennifer Frazier','icannon@lewis.com','(859)251-5963','4811951519226899262','28.7263645 -69.875137','1752 Brown Pass\nAllenside, DC 08555',8),(96,'twiley','Joseph Lozano','craigstrickland@yahoo.com','1-769-688-0987x22460','060485892537','11.1550405 179.674107','0181 Rasmussen Tunnel Suite 752\nSouth Jeremiah, IN 98283',6),(97,'hkirby','Lynn Garcia','angelahill@yahoo.com','08815007292','213191852710102','-66.8533285 173.338127','9591 Joshua Gateway\nPort Christopher, CO 43807',10),(98,'reyesjanet','James Porter','anne37@jenkins.com','(390)075-9621x9741','376906050781032','-49.527884 119.234843','3592 Short Summit\nJustinton, WY 62037',3),(99,'carlosknox','Kathy Carrillo','martinrandall@thomas.biz','568-493-3703x46805','4666446106384625159','75.490358 100.112808','69714 Sims Grove\nMooremouth, MO 60566',11),(100,'courtney76','Lydia Diaz','christian31@hotmail.com','(670)186-0800','30214852654418','41.0611965 133.619351','817 John Field Suite 410\nGutierrezland, MO 29070',2),(101,'davidsondavid','Jill Garcia','james32@gmail.com','(081)793-3113x8341','213181523740489','2.0535855 -99.916776','PSC 9496, Box 9529\nAPO AA 71383',13),(102,'bchen','Cheryl Robles','gregaustin@martinez.biz','(127)085-0385x082','348544091474807','-10.542342 -146.282836','5493 Powell Brook\nNorth Kenneth, NE 01859',4),(103,'davidmarsh','Eric Ellison','mjones@hotmail.com','1-189-320-5825x663','4843801595074','38.1497205 -116.535086','PSC 6284, Box 4136\nAPO AE 18231',14),(104,'melissa61','Crystal Cook','thomas78@perez-ross.com','872.968.1671','5534738794200047','43.3232045 7.756868','79021 Joseph Stravenue\nBarryborough, SC 05385',2),(105,'craig18','Zachary Adams','vincent29@yahoo.com','141-925-4531','30541347308154','-81.496025 -157.456634','USCGC King\nFPO AE 14039',14),(106,'norma83','Amanda Parker','javier98@hotmail.com','732.532.9192x705','3550563911170988','48.880206 -135.163926','5600 Juarez Common Apt. 412\nNorth Denise, NY 06279',10),(107,'forddebbie','Daisy Dickerson','schroederrebecca@hotmail.com','(877)937-5453x164','213108038389395','-46.790237 175.155998','PSC 0549, Box 1432\nAPO AA 14775',3),(108,'cranejessica','Rodney Finley','sanchezamber@yahoo.com','734.825.7699','4572516195975','42.623071 97.708832','9527 Jose Run Apt. 545\nWest Kaitlin, MO 05025',8),(109,'beth76','Allison Nguyen','kathyfoley@may-cooper.com','387-302-0000x474','346548282536243','71.5331575 -99.965695','007 Roy Center Suite 151\nSandraview, WY 76066',10),(110,'seangomez','Scott Lewis','michellesmith@hotmail.com','+52(9)9755196907','4199373768452975','-52.6474635 173.866055','437 Jennifer Station\nThomasfort, MN 29112',6),(111,'jessicadurham','Morgan Butler','williamsanthony@hotmail.com','101-584-6227','3565211678666318','45.409875 86.273401','USCGC Cole\nFPO AA 30696',10),(112,'bentondaniel','Matthew Garcia','christophervillegas@hansen.info','651.233.3401','4845059414201171540','44.8863425 13.132567','816 Mason Lake\nGomezmouth, MN 29646',4),(113,'hsimmons','Cesar Glover','brian12@hotmail.com','1-929-924-6009x32523','4659049467365055','-84.0361475 159.132772','24410 Cox Forge\nSnyderstad, NE 43704',13),(114,'jessicabrown','Ashley Brandt','ricardospencer@jones.info','265-135-1183','4380185324243','-0.9068335 159.935274','79930 Graham Lodge\nJeremyburgh, NY 20653',5),(115,'langsteve','Rebecca Cox','jenningsmelinda@lee-carroll.org','1-917-699-4222','4571165854956605262','-24.877337 -92.961992','2769 Jesse Courts\nRoychester, FL 65758',14),(116,'nbaker','Tanya Lopez','melvinmitchell@yahoo.com','1-964-208-5891','180094516417966','4.390805 3.382255','860 Juan Hollow Suite 398\nRicardostad, WI 58227',3),(117,'ysmith','Yvette Reed','tmorrison@hill.com','02566445159','676279190158','-6.951747 21.487782','250 Allison Keys Suite 753\nKarenhaven, MT 59429',12),(118,'martinmiller','Emily Cruz','imcbride@yahoo.com','1-675-043-5993x1660','4459689821444245','10.8376265 132.903939','26285 Joseph Gateway Apt. 531\nNataliemouth, ID 76077',7),(119,'robersonjessica','Meghan Goodman','davismark@gmail.com','1-924-365-2298','676196941667','-83.447318 -169.276482','824 Angela Prairie\nHillmouth, MI 85740',7),(120,'garcialaurie','Larry Parker','david33@banks.info','(061)364-2369x5589','676243584841','-1.2639785 49.985041','41992 Eric Club\nNorth Margaret, CT 23182',11),(121,'ggonzalez','Scott Burnett','diana88@williams-newman.com','387.346.0376x756','4365728249295459','62.8892825 -81.724617','17463 Lucas Union\nLake Jason, HI 74242',10),(122,'eugene00','Sarah Allen','yfoster@hotmail.com','1-873-331-8105x58123','4004022692515580','-8.750846 -130.098496','3149 Pamela Lights Suite 796\nSouth Jeffreyborough, ID 11614',14),(123,'gwilliams','Howard Carter','chad38@gmail.com','948-704-5908x3678','572686314756','-24.5060385 178.024472','1762 Garrett Points\nMichelemouth, PA 14785',4),(124,'allen14','Amber Jones','owilson@diaz.net','359.237.5454','213170333779670','11.2382885 -36.633488','6338 Jose Mall Apt. 333\nCarsonmouth, MS 59903',8),(125,'elizabeth55','John Walker','ambergray@yahoo.com','1-514-390-9092x6345','676294623662','76.006590 175.507284','5708 Stevenson Circles\nNorth Wayne, DC 24288',15),(126,'scottaustin','Andrew Chavez','lewisanthony@yahoo.com','015-373-5552x456','4713962827568792','12.119441 86.525928','6617 Angela Mall\nEast Lauraport, OK 31751',13),(127,'charleneperry','Jillian Wells','jcunningham@yahoo.com','1-429-770-6104x72426','3521079700756917','57.6074195 54.085456','224 Owen Overpass Suite 658\nVillegaschester, OK 49619',2),(128,'inoble','Emily Conrad','munderwood@freeman.com','(725)207-5669','639014861426','87.062563 154.905971','628 Joshua Stravenue Apt. 047\nWest Mathew, KY 35026',2),(129,'gregory57','Micheal Barnett','kristencannon@cox-rodriguez.com','09433671882','4902545106789311','38.312006 115.399383','100 Miller Club\nNorth Jamesfort, OH 08253',7),(130,'charles20','Sydney Werner','francisco06@chen.biz','06986322716','5206064256240455','-8.844600 157.534155','023 Jason Pines\nKimmouth, WI 65450',11),(131,'jameswalters','Ashley Brown','melaniebrown@alvarez.info','1-866-322-8657','2222272121845914','-0.441301 21.610352','903 Wayne Villages Apt. 385\nNorth Charles, IL 50669',8),(132,'floressteven','Shane Rojas','littlemichael@wilson.com','445.714.0118x201','4576073115119540','50.527834 -52.519651','4897 Moore Courts Apt. 559\nNorth Kiara, UT 49685',11),(133,'erica80','Brent Cardenas','pamelarobertson@cantrell.com','+30(1)9394968422','342076578893577','-47.7227655 110.456669','4078 Kristi Bridge Apt. 764\nNew Karen, FL 63722',13),(134,'anna62','Justin Gentry','leblanctammy@smith-liu.net','(458)388-2717x98750','4419364790833502119','-13.896270 96.677642','8587 Jessica Drives Suite 367\nWest Nathan, KS 73730',12),(135,'mitchelleric','Kathryn Gilmore','crystalperez@anderson-obrien.com','1-659-783-4588x2928','213126786819561','-30.8487115 -116.356330','08725 Harris Mills\nSouth Joshua, KS 60495',8),(136,'nhampton','Scott French','icox@yahoo.com','716-470-8421','4774872011602','42.128355 -30.844510','Unit 2785 Box 6857\nDPO AE 26368',2),(137,'dalegraves','Matthew Cook','pmonroe@allen-bennett.com','1-175-714-7783x500','4228328354307137','20.8033585 -69.419583','005 Kristin Inlet Suite 565\nNew Paulfort, KS 70816',12),(138,'pamela78','Erin Landry','todddanielle@yahoo.com','366-434-4060','630491401729','-75.652898 -176.243169','952 Jessica Causeway\nCharlesview, NY 34082',6),(139,'arthur80','Vanessa Brown','nhall@allen.org','558.562.1171','374471300914604','31.680129 7.779409','437 Curry Turnpike\nEast Joseph, MO 80705',10),(140,'jack66','Ian Eaton','ramirezkrystal@hotmail.com','1-795-244-3901','4899695146309','67.7842315 48.086074','734 Shaw Fields Suite 156\nWest Stephentown, VA 72985',5),(141,'qbanks','Karina Miller','ryan88@yahoo.com','+95(4)4440252963','3518870874983864','20.507823 125.564277','2773 Robinson Fords\nMarkfort, NH 62977',7),(142,'andrew24','Kevin Hogan','krogers@hotmail.com','968-928-9097','2227556061968172','23.3871045 56.670873','31451 Laura Springs\nMichaelview, TN 93490',15),(143,'millsharry','Michelle Bell','kmcfarland@yahoo.com','+04(0)0611479631','6514235357489499','84.1609615 -173.160192','0409 Brown Branch Apt. 026\nSmithchester, AR 01221',7),(144,'mallory25','Jessica Aguilar','kathleen47@baker.com','1-249-694-4517x3160','3588171562227960','6.954481 179.069290','523 Michelle Ville\nDonaldfurt, OK 34218',5),(145,'williamsdonald','Vanessa Smith','kathycordova@kramer.org','(887)748-4135','502060706012','-30.1934565 161.353089','7023 Campbell Bridge\nRobinshire, NY 01887',12),(146,'bbrown','Erik Velez','youngcaroline@hotmail.com','170-226-9580','4655879690537068853','-37.747867 -26.021972','Unit 6193 Box 5437\nDPO AP 88550',3),(147,'christopherstrong','Caitlin Richardson','vharris@gmail.com','1-983-751-7989','3548100537524044','-41.395945 164.868494','32696 Thompson Trafficway Apt. 136\nLake Ryan, NC 12083',1),(148,'rdaniels','Timothy Myers','watkinsthomas@williams.com','1-165-345-1037','3531411047211660','23.914245 -61.208224','6991 Vasquez Center Suite 908\nCamerontown, CO 92795',12),(149,'heather35','George Davis','rodriguezdiane@pham.com','02092550727','502015970945','68.734090 -100.020132','4380 Troy Corners\nNew Katherinefort, OR 23500',12),(150,'scott67','Antonio Davis','hnelson@jackson-taylor.biz','189.715.4246','3536138078780058','15.0150675 -93.585071','85866 Terry Key\nSouth Timothy, NY 59805',7),(151,'nathanielroberts','Teresa Medina','kimberly81@washington.com','162-095-0584','4899130127438209','-77.451323 -24.642947','52387 Campos Trail\nDianeshire, AZ 30376',4),(152,'snyderjoanna','Michael Johnson','williamsonmelissa@fisher.com','+52(6)1800498570','6574618683174777','-27.729596 28.668154','USNV Mcpherson\nFPO AP 22610',11),(153,'harrisjohn','Lauren Anderson','benjaminmichelle@yahoo.com','763-680-3219x3160','3514266675285498','-35.427743 -139.981514','71466 Edward Fords Suite 204\nNew Matthewstad, CA 19140',5),(154,'riceangela','Vicki Oneill','upace@hotmail.com','(509)125-9111x8244','6548727190506380','40.0208855 69.513056','7137 Carrie Coves Apt. 427\nHardingland, SD 26590',9),(155,'shawn96','Wendy Shaw','hcardenas@green.com','1-768-313-8720x0320','213134104105275','65.355111 -78.954496','95448 Theresa Loop Suite 700\nPort Margaret, KS 49107',12),(156,'matthewnixon','Stephanie Hale','ihudson@berry.com','1-851-348-0985','3544360504592457','23.061929 2.212678','27383 Tammy Lane Suite 982\nPort Jamesfurt, TX 43459',7),(157,'aclark','Eric Adkins','jacksontimothy@larsen-thomas.com','1-359-084-3988','3521928363467594','-22.960397 129.721860','71743 John Radial\nPatrickberg, NE 87049',2),(158,'danielssuzanne','Charles Robinson','johnsonjose@yahoo.com','353.251.7880x74993','3557059386864570','-66.7297775 -18.555869','266 Thompson Spur\nPort Anneland, WY 84923',2),(159,'olsondenise','Brian Singh','cynthiacox@gmail.com','+07(9)6652432712','6011639521147776','65.9718345 -1.090175','99537 Christopher Heights Apt. 938\nLake Danielberg, TX 58951',6),(160,'debbie31','Stefanie Moore','belljeffrey@yahoo.com','1-111-515-1916','30588836819449','58.7822845 168.690617','59416 West Well\nLeebury, MT 77607',1),(161,'qobrien','Michael Dunn','perkinsshannon@yahoo.com','829-528-6339','3537091784767217','-74.747184 89.052933','905 Victor Lights Apt. 696\nSusanburgh, GA 41196',9),(162,'matthewstewart','Christopher Barnes','virginiaallen@hotmail.com','041-417-4610','4514076365742858','81.6468445 -161.963833','47523 Valerie Cliffs\nSouth Lorrainefort, IN 15081',12),(163,'eallen','Ricky Maddox','frankderrick@burgess.com','1-393-756-3732x4080','676235574305','42.2205075 -38.776827','5976 Travis Roads Apt. 077\nSmallmouth, MT 06760',10),(164,'heathermiller','Blake Trujillo','zwagner@hotmail.com','1-729-331-2035x8944','213178793699510','20.8777105 94.954252','6724 Krause Brook Apt. 828\nNorth Kelly, NV 80801',5),(165,'mossdebra','George Moreno','timothymahoney@adkins.com','046-274-7253x387','180020976204081','64.1128175 166.235634','238 Amanda Meadow\nPort Timothychester, OK 38675',10),(166,'sturner','Regina Richardson','qhernandez@hotmail.com','819-983-1219','6011578115076415','51.825665 -14.403400','0574 Brown Oval\nLisaton, WA 83448',3),(167,'heather14','Gary Richards','molinadaniel@middleton.info','01068340285','5597128385074825','-13.067529 127.696265','426 Barber Unions\nSouth Annstad, IN 63856',13),(168,'seanhartman','Nathan Moses','sean35@hotmail.com','(672)561-1986x3844','4317787689334221333','-46.817669 -142.904462','1244 Baker Isle Apt. 180\nDuartebury, SC 78482',10),(169,'erikwilliams','Mackenzie Schaefer','bmyers@bowen.net','1-974-630-9490','3518561840148530','-64.131540 -138.610021','92449 Wood Bypass\nPaulborough, SC 81793',12),(170,'fhoover','Joshua Patrick','valdezjohn@wise-gonzalez.com','264.522.5746x338','4165353814262513967','-85.288844 -31.014871','976 James Highway Apt. 257\nNew Erica, ME 57328',2),(171,'zfrederick','Michael Bautista','gregory45@yahoo.com','491-499-1952','36525389872593','71.4978175 67.390281','Unit 1198 Box 2635\nDPO AE 90715',4),(172,'ballardjoshua','Jacob Wilson','davislisa@miller-hill.org','(957)837-6133x715','375968018437421','84.192857 -58.600919','USCGC Martinez\nFPO AA 73689',4),(173,'amandafarmer','Scott Rose','tonya62@yahoo.com','194.111.9383','4537133898277','83.645926 -40.104971','USNS Chen\nFPO AE 85710',11),(174,'wellsjennifer','Mr. Nathan Summers','lmiller@hotmail.com','915.530.2880','4458723245248493','2.2321615 -112.243005','62453 Linda Rest\nSouth Franciscofort, OR 87828',9),(175,'markcunningham','Scott Irwin','krameralisha@deleon.com','883-097-6920x4224','3543933830873824','61.095258 -68.675919','893 Hannah Forge\nVincentside, UT 65267',5),(176,'frederick86','Raymond Murphy','jacobsdiane@yahoo.com','941.595.0289x6456','30545821377338','89.388413 164.494307','25425 Castro Burg\nLake Faith, AZ 74793',9),(177,'richardsonrebecca','Janet Glenn','heidi47@hotmail.com','527-602-0506x385','3599707227455988','-20.849166 -97.384747','8885 Isabel Shoals Suite 308\nSouth Adamville, NE 37682',4),(178,'shawn47','Susan Ball','jasonbradley@willis-kim.com','1-821-955-2373','213183211511842','55.827989 109.032427','790 David Stream\nPamelamouth, ME 12207',11),(179,'raymondboyle','Kevin Dickerson','donald59@hotmail.com','795-371-0141x37032','3529017786077487','32.6639555 108.619923','0944 Nichols Way\nPhilipbury, IL 81399',8),(180,'douglas07','Thomas Riddle','cruiz@hotmail.com','184.988.1001x208','375506655693219','69.2590135 99.600548','30858 Nicholas Haven\nBrittanyside, RI 47457',4),(181,'ericterrell','Luis Wolfe','ylopez@sanders.biz','04222581377','3564824382298227','44.591817 62.573390','4907 Irwin Villages Apt. 712\nNew Benjaminland, NJ 26552',5),(182,'morrisandrew','Nicholas Allison','hsanders@hill.com','(368)946-6429x9604','4964358358031225413','47.616794 -169.461135','50008 Thomas Ford\nCamachostad, MT 79903',15),(183,'hermancory','Steven Marsh','john95@gmail.com','012.752.9817x281','343308014927100','-11.5347485 -77.477360','996 Roberts Roads Suite 088\nHannahtown, ME 71021',11),(184,'devin09','Tara Dixon','fernandezhector@patterson.com','+71(9)9926578228','6011466129751712','-82.154283 154.104481','92834 Marissa Crossing Apt. 322\nLake Omar, FL 01068',8),(185,'sheppardlauren','Joshua Parker','joel72@klein.com','+09(2)5072694302','4225193488166336316','52.512088 -72.944209','997 Jesse Neck Apt. 906\nDavisview, KS 84698',6),(186,'seth64','Alicia Vaughan','phillipstimothy@mitchell.org','1-401-172-4776x92452','6560204156741776','0.730861 146.488843','4515 Ashley Fork\nContrerasberg, MA 18996',1),(187,'danielalvarez','Jeremy Boyd','tonymiller@gmail.com','1-397-483-5277','4356728445910456','42.795202 174.163739','557 Francis Fields Suite 984\nWest Vincent, OK 56690',12),(188,'pbranch','David Ortiz','igilmore@escobar-warren.com','990.019.1132','5317835135595995','-34.134772 64.644597','70788 Anderson Parkway Suite 849\nHayesburgh, OH 73549',12),(189,'jessica72','Christine Jenkins','kwhite@martinez-velasquez.biz','(813)253-2890x337','4682812836246','4.489476 -70.761831','993 Anthony Spring Apt. 567\nSouth Vanessamouth, HI 12309',4),(190,'kellykrista','Mr. Dennis Butler Jr.','andrewrichardson@gmail.com','1-986-933-6979x4497','4393005953333420','-69.4765585 55.176478','194 Fisher Flat\nRodriguezville, RI 78006',10),(191,'samanthaking','Ashley Diaz','graynicole@hotmail.com','(468)799-8897','36044132619616','18.6235035 -14.965880','1443 Jacob Manor\nTammyshire, AR 07520',14),(192,'dperez','Stephen Phillips','gabrielle43@smith.com','253.791.9091x11252','4091432270563452','-41.233677 127.502175','07881 Clarke Throughway Apt. 771\nHillville, PA 13359',4),(193,'perryrichard','Susan Torres','garygibbs@hernandez.com','523.489.8161','3561568891910300','87.430034 33.681383','924 Regina Alley\nSouth Chaseport, HI 53744',2),(194,'kingashley','Justin Adams','raymondvelazquez@gentry-walters.com','448.758.2564','30021613380054','85.4047745 179.784121','136 Garza Locks Suite 952\nNicholaston, TN 57769',13),(195,'pmoreno','Melinda Novak','rosejerry@hotmail.com','+29(2)4890475391','4924434965499474','-31.0754735 -41.807629','9449 Carla Junction\nNorth Donna, ND 46864',1),(196,'megancook','Teresa Taylor','kfoley@yahoo.com','(795)487-3926x414','345911383556265','66.477907 4.906529','22669 Rogers Stravenue\nSouth Mariatown, AR 58302',15),(197,'anngarcia','Robert Walls','theodore94@wilson-arroyo.org','527-390-2454x2838','4232815343544557253','66.4548385 -31.324506','0857 Debra Wall\nAmandaview, KY 48412',10),(198,'robert57','Veronica Henry','jeremy50@brown-davidson.info','(606)948-4922','213178035699906','77.724001 143.785090','Unit 5602 Box 8102\nDPO AA 60465',10),(199,'ylawrence','Matthew Jones','jfleming@hotmail.com','(103)786-6279x53427','6553267828206394','-84.0128195 44.866681','8361 Haley Fort\nNicholeland, NV 05025',9),(200,'brian21','David Marsh','steven75@santos.org','09057414845','5561811343463220','-59.707267 167.539972','085 White Dam Apt. 731\nLake Brenda, NY 30456',11),(201,'michaelblake','Victor Hanson','tbates@yahoo.com','532-981-1785x19000','379219099541657','-83.9078555 143.527331','207 Smith Ridges\nMarkmouth, AL 15461',13),(202,'aaron88','Heather Mcgee','travismorgan@jimenez.com','429.316.2373','4514601208992749','-49.2116355 -116.810121','422 Harris Hills\nErictown, VT 83060',3),(203,'ortegasteven','Tiffany Sanchez','sparksjasmine@walker.com','593-584-8900','4524081140084','-0.241264 -127.580267','2444 Victoria Road\nMcdanielhaven, VA 64096',14),(204,'lancesnow','Mary Burke','wilkinsalicia@hotmail.com','402.132.2476x20805','4508539506160361','72.473437 95.944165','USNS Vargas\nFPO AE 02878',9),(205,'halljohn','Amanda Washington','kevin40@hotmail.com','359-189-9507x40693','3546822583573391','-21.779132 -104.344862','24507 Glenn Village\nMercerton, IL 37490',7),(206,'chayes','Duane Garcia','stephaniestewart@ramirez.com','875.730.8563x008','376670353827161','7.048978 -3.875635','6055 Craig Glen\nRussellport, NV 26680',4),(207,'petersonwilliam','Holly Gutierrez','llewis@baker.org','261-822-6471x7181','3555545421220804','-0.6536585 -133.746693','5297 Smith Well Suite 589\nHallport, KY 34201',9),(208,'elizabeth66','Shawn Mcguire','leonard64@gmail.com','(060)245-5504x44781','213168268576707','-25.052879 71.344384','061 Ronald Park Suite 212\nJanemouth, NV 76788',11),(209,'jerry56','Randall Davis','hamiltonkimberly@gmail.com','300.815.7372x218','4957775576777','-32.2245045 103.910032','095 Mitchell Glens Apt. 346\nGaryport, NM 57445',5),(210,'juanrhodes','Sue Anderson','vwilliams@foster-moore.com','019.193.6692x9919','3503821075831169','53.4387235 128.393497','558 Jacobson Haven\nAshleyfort, NH 99480',2),(211,'richard18','Gregory Torres','johnsimpson@morse.info','1-673-687-4591','3531739596271804','54.1624355 -173.854710','7890 Brown Manor\nEast Terry, OR 33855',14),(212,'medinaelizabeth','Breanna Briggs','ygonzalez@chang.com','1-521-947-7014','4951008436866945','70.225340 -160.298542','30259 Nicholas Street Apt. 425\nPort Timothy, HI 05675',10),(213,'frankdavis','Mr. Ryan Stanley DDS','lori92@barnes.org','+67(6)1593804149','30433281887932','-42.033726 97.271598','9196 Sean Mountain Apt. 873\nLake Christina, AL 30557',10),(214,'collierstephen','Jacqueline Hays','justin25@hotmail.com','824.169.7341','4868279645854541','55.2598265 -148.416600','31919 Santiago Pine Apt. 342\nHuffland, WY 99287',7),(215,'christophercook','Jimmy Smith','adamcosta@norman.info','438-903-0255x799','502038976127','80.0387555 148.313176','31239 Jared Road Apt. 521\nPort Robert, FL 97378',15),(216,'jasonlewis','Christopher Kirk','tracymiller@wiggins-smith.biz','1-044-409-9957','36003184682625','-81.208848 2.674610','Unit 1243 Box 6244\nDPO AE 06508',8),(217,'melanieunderwood','Gabriel May','cherylallen@hotmail.com','322-209-9071x1926','372410358547140','-57.327314 101.049177','0806 Sheena Parkway\nLake Michellestad, NV 19667',4),(218,'raymondsims','Justin Gallagher','jhenry@yahoo.com','1-993-327-1458x742','3510510856986950','56.139702 -126.406187','1636 Mark Mission Apt. 564\nSouth Brian, NV 22056',12),(219,'velazquezjennifer','David Rodriguez','oconnorcheryl@fuentes-rowe.com','(204)362-8398','3531239388170710','-24.1158735 135.196018','90381 Hughes Glens\nDavisshire, OK 19902',14),(220,'efrazier','Shannon Martin','dgonzalez@ramirez-parker.com','270-205-5371','180009668739041','8.807496 35.059997','183 Rebecca Throughway\nJenniferfurt, VA 03163',14),(221,'bianca97','Lisa Davis','garnercaitlin@yahoo.com','1-900-373-3421x1602','3585250061255384','53.821839 143.311530','084 Smith Prairie\nMartinton, MI 45507',1),(222,'mark09','Richard Rogers','martineznathaniel@hotmail.com','+48(1)0256397568','3510546477667082','49.9090145 73.898839','2310 Vincent Locks Apt. 045\nKathymouth, CO 08829',8),(223,'slewis','Sandra Cooley','emily72@gmail.com','(127)499-1410x385','5365397516443536','-57.2166915 -150.279139','88142 Andrews Ports\nLake Eric, OR 43949',12),(224,'samanthathomas','Manuel Davis','virginia47@williams.com','(069)030-4041','180082983661596','33.1727155 -18.471793','PSC 6021, Box 1569\nAPO AE 02222',15),(225,'amymarshall','Michael Knight','zwilkinson@gmail.com','875.717.6543x27021','6011472170780055','-35.625620 -41.173883','052 Cindy Turnpike\nReyesborough, ID 99720',15),(226,'katelyn22','Donald Pierce','lisamcfarland@johnson.com','494-467-4125','4090268342169980','-57.497332 126.109829','31329 Douglas Trail\nLake Nicole, AL 76940',2),(227,'liukimberly','James Elliott','fgentry@hotmail.com','1-500-362-0592x017','6011665961026741','89.602259 116.595490','1749 Herrera Lights\nDianamouth, ID 85486',10),(228,'joseph81','Alan Campos','vincentcarrillo@nelson-mckay.com','992-630-8051x920','3581439766909783','-20.0925205 -104.784857','40838 Michelle Park\nClaytonchester, CT 65189',7),(229,'micheal31','Cody Mccarty','christinedavenport@roberts.com','685-799-5953x843','38842985532200','-66.834445 -46.219357','746 Jasmine Islands\nNew Cherylmouth, WI 66005',10),(230,'kaitlinyates','Carrie Flores','fryemelissa@powell.com','115.194.7489','213142717443272','-36.154165 80.205582','9250 Anderson Stravenue\nSouth Elizabeth, VA 55313',14),(231,'stephanie85','Christy Norris','ggarrett@parrish.com','1-644-962-1371','4366953228088','-6.8642345 -31.474752','01339 Conner Wells\nWest Gary, MN 66548',8),(232,'ricardo99','Sandra Huber','gtaylor@gmail.com','+50(3)2290394018','30537019006605','29.873881 -38.940415','283 Reyes Valleys\nNew Erika, WY 91609',15),(233,'knelson','Victoria Hall','natasha31@hotmail.com','392-890-7749x7393','213148419098256','-8.8950325 -146.194583','USNV Cook\nFPO AA 12888',3),(234,'bwood','Eric Lewis','omiller@moss.biz','(522)168-5288','501817621441','-71.210125 -55.482383','4743 Willis Track Suite 869\nAshleyland, MD 47869',6),(235,'perkinspatricia','Nicole Griffith','rebeccasullivan@nolan.com','164-377-8534','3521485596747839','38.634699 65.828094','30415 Ryan Road Suite 062\nWest Marissaburgh, KS 31546',4),(236,'mccarthygregory','Aaron Guerra','william79@gmail.com','667-526-8440','4055332571475700844','59.053700 42.070561','5761 Francisco Mills\nDavidburgh, MD 62943',14),(237,'dawncooley','Sandra Moore','lhodge@yahoo.com','882.618.7532x01471','3578824760655349','67.875299 -169.686668','PSC 8754, Box 0774\nAPO AE 07211',5),(238,'barbaracollins','Jessica Mathews','kimmonroe@medina-brandt.com','+47(8)0489349527','6011653834663502','6.3934145 -174.072536','38110 Blackwell Canyon Apt. 282\nNorth Angelburgh, OR 58542',5),(239,'castilloclayton','Catherine Boyd DDS','cclark@gmail.com','1-671-444-0893','4667937586756487','-34.3180735 -64.096219','7554 Keller Island\nCookemouth, WI 21267',2),(240,'angela91','Nathaniel Carr','aaron80@leon.com','1-707-774-8845','3500269274383520','10.009375 110.516398','6097 Tran Ridge\nKingburgh, NV 47860',6),(241,'longrichard','Ronnie Henderson','theresawalker@jordan-weber.info','848-431-7918x0639','372923667264280','-17.617585 -83.910272','4170 Mark Rest Apt. 969\nColefurt, AZ 28094',5),(242,'lovenicholas','Samantha Lewis','angelrivera@reid.net','384.019.2792x8703','4455619895610','20.705463 2.043704','USCGC Shelton\nFPO AP 03712',3),(243,'michaelbutler','David Lopez','oestrada@gmail.com','056.307.0152','3536079806783511','-44.4784895 -110.993859','7897 Arnold Pike\nAustinmouth, IA 62443',14),(244,'timothymack','Linda Ramirez','brittanycastro@gmail.com','020-155-1900x24301','4490388724668608587','-13.3021475 -53.838484','USS Duncan\nFPO AA 70279',8),(245,'pwhite','Sydney Watkins','vmiller@powell-cruz.biz','(672)889-8572x5020','4008545263402164','-66.0862985 -23.458908','3966 Powell Fords\nPort Brittany, KY 51918',4),(246,'phillip99','Michelle Jones','joe63@holmes.com','863-472-8637x802','4633881787108091','-10.0552745 100.399120','856 Cook Divide Suite 446\nThomaston, TX 17030',3),(247,'nelsonjoseph','James Williams','leonardjamie@hotmail.com','611-776-1135x08748','4058616029447618','-50.882478 -116.944150','7727 Stephanie View Apt. 559\nJoshuamouth, MA 70593',12),(248,'christinemorris','John Sandoval','rodriguezjohn@yahoo.com','(583)818-9882x64308','4853267078371932','-79.9393095 -137.795239','252 Jennifer Ferry\nWest Joseph, DC 90895',7),(249,'colemankelly','Megan Roberts','steve65@gmail.com','1-742-409-8576x7494','502092464804','58.347947 -38.517811','63564 Lisa Garden\nEast Lisa, TN 45989',13),(250,'nsaunders','Mr. Nicholas Thomas II','trujillokimberly@yahoo.com','(319)912-4065x690','4083892097740353','-76.774725 -72.643227','73449 Emily Drive\nRomeroview, OK 99795',11),(251,'lawsoncarlos','John Jones','ethanmckinney@hotmail.com','+37(0)8586689659','343975568745524','-14.3998015 -167.972288','948 Noah Crest Apt. 177\nBurkechester, OH 58429',2),(252,'aaron29','Brandon Andrade','yrosales@yahoo.com','911.880.5769','180030851787761','82.090464 -126.346002','287 James Fort\nTeresabury, NC 12226',13),(253,'hutchinsonpatricia','Ashley Smith','ewiley@gmail.com','271-766-6022','3573044535576846','-87.7728795 69.026048','PSC 4708, Box 1243\nAPO AA 48644',12),(254,'swatson','Mr. Jesse Rodriguez MD','gregory31@hotmail.com','(901)153-4588x98300','6585224307367561','-32.469653 -71.796388','900 Burke Stravenue\nWest Brianland, DC 77125',2),(255,'nicole81','Vincent Lynch','daniel41@gmail.com','704.346.1214x8693','4590590554146346299','-81.495532 -102.632661','224 Shannon Place\nNorth Gregoryborough, NE 78834',12),(256,'ariel33','Danielle Farmer','christinagutierrez@yahoo.com','+77(5)5357134719','4097011691603537','65.455162 9.013313','85186 Levy Crescent Suite 815\nNorth Logan, PA 62080',9),(257,'ppalmer','Shannon Charles','hartjames@gmail.com','269.107.8920x7694','3553131385744113','41.776940 -164.176302','2162 Leah Ford\nPort Jessicaland, MO 42870',14),(258,'jonesjessica','Calvin Perry','allisonbrown@yahoo.com','1-992-622-4509','36711243710555','9.595910 -156.109302','421 Day Forges Apt. 337\nWalkerburgh, PA 99323',5),(259,'william82','Stephen Alexander','sophia84@rivera.org','1-071-082-5229x26689','30544051680198','-74.2655265 109.931493','12035 Melissa Lodge Apt. 822\nAshleyton, MD 78060',14),(260,'arroyonancy','Kathryn Dunn','stephanieortiz@hotmail.com','(371)351-9770x4259','30352933015611','45.5704745 91.121883','4533 John Estate\nLoriport, MI 17532',8),(261,'dpierce','George Hoover','javiercarr@gmail.com','1-467-402-9548x457','30250147605443','21.584870 -176.695057','6160 Amanda Fork\nPort Kennethbury, WY 99686',3),(262,'lpatel','Amanda Sandoval','davidblake@short-guerra.com','(946)133-4813','3511166067579826','-63.399657 96.595400','730 Ellis Roads\nNew Jordanborough, NH 79952',13),(263,'juliehobbs','Sheila Martinez','christievalentine@lynch.com','723-242-2375','6011538643146536','-42.6135325 95.727709','62584 Lee Way Apt. 479\nNorth Hannahmouth, AL 35599',2),(264,'crystal19','Sarah Carter','maryrodriguez@hotmail.com','1-639-674-1664x246','4260947114800278','-82.3957565 81.389466','USS Weber\nFPO AP 30305',9),(265,'fordchristine','Kristi Robertson','obrooks@hopkins-fisher.com','236.138.6994x39548','373878482401286','46.7282295 -140.827645','474 Mikayla Ville\nPort Erinhaven, MA 75824',4),(266,'jeremy16','Jessica Johnston','jamie79@moran.biz','+23(4)6021727387','501852898565','-70.904003 -41.571366','386 Thomas Road\nEast Carla, KY 64283',13),(267,'john18','Matthew Brown','caroline30@sanchez.biz','1-574-749-5939x693','5523841115008868','-34.052527 111.539741','Unit 8605 Box 3293\nDPO AP 11716',15),(268,'wilsonadrienne','Jonathan Hernandez','osmith@powell.com','(413)840-5136','5244412671698894','19.9081355 61.982677','6487 Caldwell Prairie Apt. 519\nFranktown, SC 27750',3),(269,'marissa59','Brian Daugherty','aaronburgess@gmail.com','015-747-9260x949','3547208118766198','46.7144785 -144.609601','669 David Unions Apt. 390\nDonnaville, GA 42586',7),(270,'wwilliams','Bobby Bowers','moyerpaula@hotmail.com','769-810-1925x5150','213171263477079','72.027822 -59.438400','PSC 5303, Box 0961\nAPO AE 89368',10),(271,'kbooth','John Stewart','lesliedavis@yahoo.com','087-469-7107','378586575997509','69.4224395 147.244107','Unit 0956 Box 8580\nDPO AE 69973',7),(272,'mccarthyharry','Tracy Martinez','steven06@hotmail.com','1-261-231-6847x8097','4644630344113517','25.7106735 13.622016','2486 Snyder Hollow Apt. 732\nNathanmouth, NE 49849',1),(273,'nelsonrobin','Derrick Johnson','woodwardjulie@whitney.com','(438)257-0392x95859','30336449851551','3.3421405 -8.456559','2740 Deborah Fork\nKrystalview, OR 13370',7),(274,'qmeyer','Travis Klein','amanda12@smith.net','1-776-446-2301x62006','5118559308908253','-65.224533 -21.565058','9399 Davis Port\nSarahburgh, AK 01014',13),(275,'kimberly76','David Phillips','beth31@le-reid.org','(347)454-8431','180040193467204','-35.3384145 81.531477','26592 Heather Passage Suite 485\nDavidmouth, SD 16660',8),(276,'iho','Michelle Miller','pattonmisty@yahoo.com','210-381-8525x050','180044760263541','42.1215445 13.970711','75538 Carter Island\nDaveland, MA 31159',9),(277,'elaine82','Sherri Stone','annstrickland@jackson-rowland.info','036.406.5007x89916','4801722777023','36.7604705 -157.161181','7324 Jade Station\nWilsonmouth, MI 48483',4),(278,'ofowler','Juan Rodriguez','dlong@gmail.com','(036)472-4977x1801','3550679346483588','-84.1116395 133.659145','247 Elizabeth Extensions\nWest Allisonberg, WA 19112',7),(279,'williamsphyllis','Jeffrey Gardner','borr@yahoo.com','913.283.1418x401','3591775299145983','-23.3026345 -73.574538','347 Ray Road\nHarrisburgh, UT 19795',9),(280,'hgriffin','Kathy Ramos','catherineray@gmail.com','484.817.2234','347436020896542','46.505193 75.269510','54308 Ward Springs\nEast Cheryltown, KS 60704',5),(281,'sanderswendy','Jeffrey Romero','michelle89@norris.com','637-559-8725x17849','341992492663667','-56.6722435 58.992775','2072 Patricia Lock\nLake Brian, NH 59106',7),(282,'amy57','Angela Hernandez','amarks@gmail.com','00533251455','3528308513170922','-58.7179255 19.521398','164 Palmer Summit\nPricechester, DE 39404',8),(283,'jsimpson','Danielle Chen MD','jared06@yahoo.com','1-529-676-5743x9359','3587357056832339','78.366061 -101.859058','2303 Francis Ports Suite 101\nWest Morgan, IA 71663',6),(284,'jessicacook','Jacob Strong','davidjacobs@barnett.com','+87(4)0816238091','180035857113706','78.4044265 -103.637679','90914 Lisa Point\nSouth Nancy, SC 88503',8),(285,'walkerjennifer','Brianna Mendoza','amanda13@hotmail.com','671.369.6857x0047','180080531325151','70.5152785 -106.938821','6346 Pena Flat\nValerieton, CO 69609',9),(286,'felicia25','Kelly Jones','woodmichael@blevins-roach.info','718-061-6151x663','3531459691966048','25.611981 -177.002587','8888 Wallace Landing Suite 006\nSandramouth, MA 45635',8),(287,'ryan33','Donna Crosby','warrenjoseph@benton-king.com','1-680-704-8372x4962','4457778790520499','-81.810371 52.846998','USS Owen\nFPO AA 32229',2),(288,'desiree00','Caitlin Young DDS','claudiachavez@hotmail.com','1-269-684-5759x075','4839530128380339','-68.074235 -5.566851','2345 Mcdonald Cliff\nRachelfurt, NY 76701',7),(289,'vazquezdiane','Jessica Thomas','johnmitchell@smith.com','1-465-110-3753x038','3536467461593244','73.454200 -104.415085','590 Michelle Forks Apt. 385\nMorrisonmouth, AL 32523',4),(290,'rogersjames','Sara Howard','brownjohn@hendricks.com','512-581-8613','372520508433312','-84.055641 -89.786802','9139 Kenneth Club Apt. 242\nMatthewtown, AZ 74621',10),(291,'lwashington','Jose Ward','courtneyarmstrong@davila-reyes.org','(173)720-3261x9939','4157426755694','18.494337 -13.567394','86857 Douglas Route Suite 016\nAshleyport, CT 22227',2),(292,'cglenn','Jodi Moss','cwilliams@winters.com','372.765.0988x16410','3529603739178462','2.8219965 68.394880','15654 Rodriguez Locks Suite 966\nLake Shannonton, WV 47220',2),(293,'abrown','Tammy Martinez','stephen75@hotmail.com','1-843-138-7676x53535','565714915800','-5.949086 19.397986','1224 Hudson Meadow\nKnightmouth, ID 68562',4),(294,'nathan73','Patricia Payne','denise11@hotmail.com','226-994-3922x9564','676116575603','-64.719015 69.981751','28018 David Common Apt. 688\nNorth Edwardborough, SC 86438',3),(295,'susanbest','Wendy Brown','andrewklein@walter.com','+94(1)3892747637','4208039455117689','25.1668405 -146.298899','050 Klein Ford Apt. 203\nMorenohaven, NM 03851',10),(296,'dlowe','James Miller','acostadanielle@yahoo.com','1-944-219-9937x72076','180098290445838','-42.9431945 -25.369268','6627 Robinson Station\nLake Markview, WI 61982',13),(297,'marywebb','Ronald Valenzuela','johnstonglenn@carlson.org','1-415-589-2694x955','30284949849826','-38.367981 92.344586','980 Pugh Neck Suite 502\nNew Russellchester, NH 93437',7),(298,'manderson','Jordan Duncan','lopeztracy@hotmail.com','682-638-6238x1868','4887132164159','78.550864 -159.132712','8590 Gordon Ramp Suite 398\nDouglastown, CA 18707',12),(299,'stewartkelly','Dr. Scott Leonard','ewilson@brown.biz','(403)984-7952x656','6557822870395077','-21.665865 3.284232','7880 Jessica Estate\nShannonton, NV 73809',9),(300,'chanryan','Roger Webb','davidparks@smith.info','439-302-3698x2137','6545906652282945','-26.019966 -61.518431','977 Virginia Groves\nPort Robert, NC 11009',13),(301,'ywilson','Jason Hunt','angela63@harmon.com','439.219.0016','6011558493773510','60.415877 73.789773','77123 Jonathan Views Suite 221\nEast Dawn, NC 47173',7),(302,'pwilson','Morgan Richmond','whill@hotmail.com','744-880-9993','4836344836351','2.9196965 42.639307','53467 Banks Extension Apt. 689\nWest Connortown, OK 35285',7),(303,'terri84','Kristin Woods','hernandezjesse@yahoo.com','+64(6)4978620637','6541980683302810','-22.400303 -70.916324','93623 Chad Gardens\nKeithview, IA 12647',9),(304,'stephanie79','Kelly Franklin','robertowens@willis.com','768.200.0233x9264','675937532264','28.604349 74.038253','58407 Black Pike\nPorterberg, KS 39301',10),(305,'carlaberry','Jonathan Williamson','dennis40@gmail.com','201.515.4827','3582646757140637','68.055849 -23.066369','07510 Cuevas Harbors\nSouth Jaredville, NH 38897',15),(306,'michellepeterson','Juan Carpenter','nicholasmorales@evans.com','033.392.1404','4356647275044506300','-47.3416525 -101.212630','92495 Salas Cliff\nLake Ashleyview, LA 98082',6),(307,'ewhite','Sarah Small','joan88@yahoo.com','221-825-3442','3547477107987939','20.751793 147.400817','2961 Mitchell Brook\nWolfberg, WY 46386',2),(308,'markmurillo','Luis Sharp','qcarrillo@hall-rivera.com','(488)204-4588','343613495775419','54.843636 -63.858457','39404 Kelly Corners Suite 750\nLopezland, WI 32725',1),(309,'wattslaura','Christopher Summers','spencermendoza@hines.info','+27(8)5416129683','676296730291','-69.7824905 -82.708849','7127 Eaton Place Apt. 146\nAnnafurt, MO 56556',15),(310,'robin16','Jesse Cochran','smercado@montoya.com','(618)850-0427','3580440592195671','72.1859285 128.613904','Unit 8718 Box 9442\nDPO AA 44256',10),(311,'juan30','Caroline Howard','mccallheather@gmail.com','(126)840-2481x31190','30299272019839','-12.1130095 -140.121377','1756 Anita Passage\nEast Michaelmouth, IN 44427',6),(312,'joseph69','Tyler Clark','kellyyoung@hotmail.com','(812)453-6941','4777007793703040','-78.865497 -46.384375','62510 Anderson Circles Apt. 963\nPort Brenda, VT 03956',12),(313,'sullivandavid','Jessica Johnston','alyssacohen@hotmail.com','00874087093','343810258605235','-41.238004 -3.460584','917 John Parkway\nWest Shawn, ND 63109',10),(314,'michellebooker','Jenna Novak','tmorris@hotmail.com','04573224425','213112278622572','-10.5091835 -142.116775','91751 Brian Run Suite 264\nEast Edwinmouth, MS 50476',11),(315,'johnshaffer','Alexandra Greene','nicholas01@gregory.info','983.791.4259','575834124811','-83.4849745 172.795172','06480 Steven Ridges Suite 038\nNobleview, GA 41008',12),(316,'perezkathryn','Amy Woodard','dillonrodriguez@yahoo.com','954-216-6284x9047','3531628951530534','83.3087925 -103.176264','39971 Moore Hill\nNew Brandon, VA 81959',4),(317,'todd39','Angela Carroll','rprice@barrett-villanueva.com','488-291-0509x025','376029730619678','4.5876215 147.078436','6883 Perkins Island\nChanchester, MI 64294',2),(318,'megan15','Diane Hart','heatherchan@gmail.com','074.823.4088x243','6011280097391231','66.2510475 102.513479','9134 Heather Rue\nAtkinsonside, NC 94285',3),(319,'robertshoward','Brenda Rivera','danny13@gmail.com','(588)589-9848x556','3532448741368510','-85.939757 139.514843','791 Juan Drive\nBarreraberg, WV 76731',4),(320,'duanewalters','Jennifer Glenn','andrea26@yahoo.com','663.840.4566x8530','5214326622329357','82.0057265 139.300463','5150 Spence Track Apt. 655\nNew Shelbyside, MN 40308',4),(321,'cassiegarcia','Rachel Wright','jessica67@hotmail.com','(967)391-2492','6566514727592621','-30.0950755 64.531708','4526 Hardy Hill\nEast Deniseville, CA 31734',9),(322,'mathewsdenise','Anna Hicks','rperez@phillips.com','1-137-612-7895','6011083398176107','61.2253785 174.941539','5014 Hayes Knoll\nWest Cynthiamouth, SD 67399',8),(323,'jodi01','Sherry Barnes','welchmelissa@wise.com','440-771-0845','378424376414955','53.1357305 -96.537639','PSC 3950, Box 1723\nAPO AE 52626',9),(324,'lisajimenez','Dominic Smith','escobarariel@morrison.com','365-570-6751x9331','340891229233557','19.7538295 160.146095','379 Laura Knoll Apt. 546\nPort Gregory, OR 65201',13),(325,'vbowman','David Mcclure','acampbell@leonard.com','04615272331','3587013633365943','62.152027 -29.247204','87597 Jared Via Apt. 872\nSouth Joseph, ME 68485',2),(326,'sarahcampos','Edwin Dean','joanna64@conley.com','(147)393-7986','4835203372043995','36.2635925 -88.879735','335 Nelson Throughway Apt. 396\nNorth Justinport, PA 01083',10),(327,'brianescobar','Christy Scott','moraleserica@gill-conway.com','1-617-034-9527','578996456591','-11.5235135 43.280846','3014 Holland Street\nPort Jason, NE 98266',4),(328,'amaynard','Erin Todd','kimwolf@hotmail.com','(976)385-9732x22854','4184680401784841665','55.528229 27.154477','328 Michelle Cliff Suite 543\nEast Carly, NY 42033',12),(329,'gordonlisa','Megan Gonzales','carlagarcia@gmail.com','1-338-321-1209','4647240713218','16.766208 55.221464','USNS Johnson\nFPO AA 96682',3),(330,'cbauer','Jennifer Irwin','zacharybrady@powell.com','216.937.8418','4302963845736','12.0040745 23.468984','408 Lisa Streets\nPort Thomasmouth, IL 58942',14),(331,'douglasmartinez','Ashley Downs','david28@gentry.biz','192.927.8396','213182715365705','-2.6794635 25.266281','7731 Bailey Canyon\nNorth Colleenmouth, MA 27585',10),(332,'ipeck','Angel Davis','eanderson@yahoo.com','(203)755-2466x674','4023642358847667','-46.8569265 143.869663','928 Evans Common Suite 854\nSouth Lisa, OK 13652',8),(333,'jamescarter','Jason Eaton','knightsabrina@freeman.info','086-660-4489','6011472670547889','-56.537423 -91.478750','3511 Kelly Stream\nBanksbury, IL 82522',4),(334,'peggy37','Judy Williams','ethan19@davis.com','+41(7)0474740402','342187607368331','87.119901 157.822972','9228 Emily Burg Suite 365\nCortezville, LA 20806',9),(335,'ekaufman','Albert Fisher','mbrown@gmail.com','770-989-6025x75383','5344768938288574','74.0441615 -28.487457','2771 Brown Branch Apt. 065\nLake Suzanne, SC 01006',3),(336,'cbarnes','Roger Cantu DDS','rperkins@yahoo.com','(995)840-8877','3548249269398844','40.9342015 135.718525','82441 Julie Corners\nJordanstad, MA 11238',6),(337,'awilliams','Caleb Roberts','lindsay83@lambert-hernandez.com','042-059-3070x12521','341569250669134','-8.877938 119.868263','73899 David Crossroad Suite 521\nJohnsonport, WA 87389',14),(338,'brittanysmith','Alex Russo','mary21@bradford-spencer.com','(468)326-6175','4292041387858822498','-44.705318 -0.037730','01305 Joseph Lakes Suite 845\nThomasfurt, MI 05649',15),(339,'williamcox','Tanner Martinez','anthonymarsh@hotmail.com','+17(2)7179890348','4238040569941','10.251586 -109.353099','964 Jennifer Mountain Apt. 705\nTimothymouth, NY 88261',9),(340,'xbarnes','Megan Ayala','brittanylane@anderson.org','02143251725','3543548048317024','35.7615475 65.346025','332 Felicia Wall Apt. 890\nEvanston, AR 82072',13),(341,'hayesmegan','Nancy Coleman','ricky69@hotmail.com','204-616-1421x355','375852319179306','-82.735881 -69.545040','75876 Michael Trail Apt. 843\nEast Lauriemouth, WY 28368',11),(342,'hramos','Lisa Hall','hlarson@gmail.com','(312)897-7677x4793','341763408705821','-85.9536555 -107.576269','585 Banks Branch\nUnderwoodview, NV 56235',9),(343,'houstonmegan','Alisha King','philipharrington@ortiz-wheeler.com','(975)772-7439x98480','38564617123105','13.8740925 -122.406910','59345 James Village\nEdwardsshire, AZ 36380',8),(344,'jromero','Justin Johnson','jerryestrada@hotmail.com','857.741.6989x61045','4728471675076','83.1098385 9.700858','8595 Tran Track\nJenniferburgh, AR 53994',6),(345,'crystal20','Jeffery Conway','russellguy@rivers.com','+63(8)3374298509','3541324783132834','-80.2040075 147.873781','USS Adams\nFPO AP 96698',12),(346,'denise86','Molly Frost','cconley@smith.info','399.853.2752','36867763450483','-11.712585 -67.890348','89067 Keith Divide Apt. 215\nJoshuatown, SD 48879',5),(347,'reginasmith','Edward Estrada','wilsonmichele@mendoza.net','440-540-4677','4897283423699743','19.6264465 55.184478','498 Graham Forks\nNew Russell, MO 55118',14),(348,'lewisrachel','Sharon Zuniga','joycewilliams@dyer.biz','04895232469','213199177428219','-39.172009 -5.881216','522 Berg Mews Apt. 016\nOmarburgh, DE 75012',13),(349,'uprice','Brett Valencia','jmason@yahoo.com','908.659.6917x306','2227266226976074','-43.3258165 -176.121352','660 Galloway Mews\nHallchester, TX 08267',11),(350,'lholloway','Brittany Byrd','pbrown@patterson.net','08382937267','180047733019213','28.4779865 144.811085','691 Shelton Ways\nChristensenside, GA 65156',11),(351,'carriestevens','Ronald Wilson','tcarlson@gmail.com','(694)830-0892','3554649847595202','-68.874551 -117.722357','9590 Emily Grove\nPort Erin, IN 99858',7),(352,'gregorymacias','Julie Jacobs','ocook@hotmail.com','969-062-7090','38652031951845','18.948010 133.686725','0794 Woodard Rest\nWest Emilymouth, MI 67893',9),(353,'amanda04','Holly Dunn','lstafford@yahoo.com','(349)939-7724x350','30017414045003','1.321466 -35.946882','704 Robert Freeway\nSheltonfurt, KY 22207',6),(354,'gmeyers','Andrew Davidson','nprice@gill.info','1-903-289-4787','676266300000','73.923771 99.066035','6276 John Spurs Suite 022\nBlackburnfurt, OK 68175',4),(355,'gayala','Teresa Ortiz','campbellmichael@hotmail.com','107-001-3769','4658994287226493','-74.844398 7.950681','01104 Guzman Fork Suite 987\nWest Steven, PA 30528',10),(356,'christy80','Lisa Nolan','cholt@gmail.com','+23(3)6721902156','3551657089527489','8.1504475 16.988120','12450 James Junction Apt. 919\nGloriaview, NE 67728',6),(357,'andregarcia','Nancy Miller','brycecarter@fox.com','149.282.2626','4487427984930','0.913802 -54.887699','3799 Jones Forges Apt. 681\nChanside, SD 73786',6),(358,'aevans','Roger Lynch','williamjones@gmail.com','(065)882-7564x635','3582311352227319','-38.664008 173.764020','19675 Lopez Pine Suite 021\nNew Sandra, KY 24555',12),(359,'mrandall','Timothy Wolfe','dhorton@hotmail.com','1-738-486-0985x8889','3502629603781793','67.117907 160.062085','PSC 0825, Box 4330\nAPO AA 66624',9),(360,'cwright','Cameron Gonzalez','travisbenjamin@hotmail.com','09788230600','378810286331521','40.094955 -74.153730','898 Smith Way Suite 021\nMikebury, LA 99639',8),(361,'ajones','Jennifer Schneider','jennifer21@morales.com','+41(5)6630674483','4881164424588259','-69.964557 -88.108551','28027 Carmen Crest Apt. 351\nEast Cameron, PA 67815',13),(362,'lauramiller','Daniel Carter','charles55@fisher.net','(484)490-5472','4519708300053','53.5921515 0.407473','27224 Torres Stream\nWest Sophia, OH 52214',2),(363,'veronicamacias','Matthew Myers','kimberlyrobinson@farmer.net','840.572.5120x2641','4236449030077','-42.856045 59.799401','96049 Michael Branch\nAmandaberg, ND 43388',9),(364,'mary66','Jason Franklin','thess@hotmail.com','1-598-784-8803x909','343431591827483','19.780218 69.187358','USS Wilkins\nFPO AE 52416',3),(365,'lmoore','Nicholas Sloan','kimberly09@hotmail.com','1-140-797-7338x5711','4969687512797940','71.7980355 104.957012','4662 Morris Mountains\nTerrancebury, WV 30770',4),(366,'lkrueger','Eric Gibson','bowmanandrew@watson-donaldson.biz','151.320.3478x76393','4541468094712166468','57.898680 -177.385503','28344 Perez Mills\nEast Lisaville, OR 98879',3),(367,'brianlynch','Samantha Miller','david86@gmail.com','1-877-795-4878','3536710169980423','-20.044577 65.430952','569 Wright Oval\nWest Albert, TX 82976',2),(368,'bradydana','Ryan Bates','vgarcia@stokes.com','+57(5)7286456459','346339776238250','85.8064945 132.141067','Unit 3986 Box 0368\nDPO AA 41159',9),(369,'robertbarnett','Jeff Leonard','paulcabrera@campbell-durham.net','+07(9)7117620665','4838421330601046','4.882017 -113.506013','53114 Chad Haven Suite 736\nPorterburgh, VT 03009',10),(370,'woodwhitney','Christina Torres','tylerjohnson@green.com','415.479.2080','180020586970790','18.9220955 -87.750772','0884 Debra Fords Apt. 032\nEast Sandra, MN 22686',8),(371,'rweiss','Scott Waters','allenbrenda@hotmail.com','1-343-403-8524','213120357117349','-31.366556 -136.132506','1040 Brett Prairie\nKarenburgh, MT 28755',13),(372,'vwilcox','Joseph Jones','melissa32@jackson.com','(125)535-7589x230','5585696851450434','-64.1110845 177.887836','1582 Howe Light\nLake Leslie, ME 92651',5),(373,'ayang','Daniel Jones','kennethponce@gmail.com','09371136759','5317351625456144','24.8800805 -155.444699','6404 Dawn Lodge\nWest Christineton, OR 41104',4),(374,'michael18','Eric Thomas','thompsonemily@hotmail.com','03542729428','349900531959550','56.406778 -98.496209','248 Andrea Trafficway\nMonicastad, TX 82804',1),(375,'hharmon','Kathryn Sanchez','cooperjohnny@benton.com','530-361-6227x548','4700622727429','-0.5972715 156.704678','19244 Angela Trail\nHobbston, NM 50105',3),(376,'oraymond','Amy Smith','ricelaura@gmail.com','(050)166-5773x8010','4578934272363627','37.8039615 -93.135535','76858 Christopher Union\nSouth Richard, IL 54241',11),(377,'annetterios','Diana Sandoval','wmitchell@gmail.com','1-127-905-1764x859','36809651675128','67.6679785 68.131144','7482 Haynes Streets\nLake Omarfort, CO 80486',4),(378,'christine94','Jasmine Gardner','xpatrick@hotmail.com','+01(4)2679916160','4404694775958501','-5.373955 -88.352986','6517 Stephen Circles Suite 085\nJasonfort, NV 23039',15),(379,'heather05','Elaine Smith','douglascarrillo@eaton.biz','1-375-675-3798x127','30119436413050','-6.086577 2.176004','752 Murphy Via\nSouth Hollystad, AZ 22197',12),(380,'justin71','Sheila Murphy','jneal@gmail.com','741-318-9661x20747','213135931879792','-36.533648 5.009017','Unit 8570 Box 1745\nDPO AE 71924',9),(381,'casey50','Patrick Parks','ellisdesiree@little-kennedy.com','1-232-068-1675x1836','180022160390908','-57.3049255 -127.272822','099 Butler Club Suite 203\nSouth Ashleyside, ME 69716',13),(382,'smithjennifer','April Giles','acollier@yahoo.com','1-222-545-8622x33772','377877618446849','-52.4455895 112.133596','929 Angela Greens Apt. 365\nLeontown, WY 28439',8),(383,'elizabethrobbins','William Leonard','ipoole@hotmail.com','(650)572-2147x6894','344578703312777','60.349978 -124.841442','2146 Perez Trail Apt. 985\nDonnabury, MS 23594',1),(384,'dperry','Abigail Baird MD','lisawhite@yahoo.com','08035381264','5302311231700324','41.197552 -17.483807','673 Stephanie Valleys Suite 468\nEast Rachelburgh, DE 09546',6),(385,'rachel43','James Martin','quinnscott@yahoo.com','(170)795-5219x381','3513701659597238','-18.1547055 89.247846','667 Tony Junction Suite 392\nStaceyville, MO 33019',5),(386,'stephen09','Dominique Young','qbrown@werner-collins.org','(646)130-8926','4061561689140','81.5101955 -171.860818','5085 Jones Roads Suite 222\nKathleenstad, IN 18688',14),(387,'zjimenez','Ashley Clark','fbailey@lewis-shields.com','(656)132-1029','3541774028303626','-19.8622875 -132.886719','53382 Neal Pine Apt. 473\nRodgersfort, GA 93043',3),(388,'heatherholmes','Cody Anderson','jennifer91@hotmail.com','08231507317','3534403986119480','-63.6339925 -31.616731','3123 Jacqueline Road Suite 100\nSouth Kristina, MA 54552',14),(389,'thomaspowell','Jason Mueller','silvalisa@gmail.com','1-508-181-5132','4425578032267163046','2.776044 65.266289','87365 Garner Springs\nNew Laura, IL 29571',9),(390,'lisaortiz','Robert Petersen','cedwards@garcia.com','652-517-3227x748','4227508319231529','-55.085146 67.200082','656 Susan Cliffs Suite 036\nMichaelfurt, AR 36936',6),(391,'ronniemcdonald','Jennifer Mason','ysanders@yahoo.com','587.314.8353x0056','4276719108592217','28.5882775 4.414041','9355 Mccarty Springs\nEast Daniel, OK 16224',1),(392,'wendy11','Claudia Novak','randylarson@yahoo.com','1-485-899-8048x1031','4985741318660552','-25.567303 39.841190','2349 Roger Mountain\nPort Danaburgh, ID 79289',5),(393,'jesse41','Donna Wells','xanderson@gmail.com','899-029-1636','3516415684787824','26.785684 -141.313693','79204 Christine Spur Suite 966\nNorth Gregoryberg, DC 22224',3),(394,'helenward','Maria Brown','steven97@nunez.net','(366)560-4851','3563199636441415','27.704750 152.988198','PSC 4787, Box 1135\nAPO AE 20652',13),(395,'kwagner','Stephen Morse','zmoreno@gonzales.net','788-999-0274','4169681294198051470','86.4557835 178.680717','987 Ballard Skyway\nMichaelhaven, SD 75447',1),(396,'frank74','Charles Burch','annefrancis@allen.org','(692)694-1564x6843','4429181964525235','-28.629564 159.362960','28234 Kerry Walk Apt. 695\nSouth Courtneystad, DE 73359',13),(397,'hector79','Mr. James Moore','ycabrera@hotmail.com','+66(5)3831075219','347609776684284','62.5475855 -105.055848','00122 Wallace Common Apt. 259\nNorth Joan, SC 42174',11),(398,'stephaniehopkins','Victoria Smith','herrerachristy@sutton.com','275.571.7570x993','6011368410384593','44.617808 -34.431174','44646 Davis Overpass\nDebraville, ME 93443',15),(399,'lisa45','Danielle Moreno','katiefranklin@hansen.net','06289658432','676293459647','64.9774615 -141.670491','2103 Vazquez Ridges\nWest Hollyland, OR 93514',3),(400,'marshallderek','Erin Rodriguez','bgilbert@hotmail.com','491.177.6288x58246','503853830589','34.693583 -74.363551','3416 Jacqueline Squares Apt. 478\nSouth Randy, CA 40515',6),(401,'johnrice','Paul Walker','rebeccapowers@joyce.net','(255)011-0636x553','4476543275102511698','-41.460680 -45.582938','1026 Jessica Meadow Suite 587\nNew Angelamouth, NC 03372',1),(402,'heather39','Victoria Fischer','davidmolina@yahoo.com','1-765-864-1262x54768','3559020345901976','-69.748957 97.372058','5747 Rachel Lake Apt. 324\nHartfort, ID 81424',2),(403,'thomasosborn','Daniel Jones','cmcfarland@yahoo.com','218-376-6197','4050424098912','-1.616391 -14.181925','592 Rice Keys Suite 633\nMasonhaven, WY 12883',11),(404,'gray','Keith Hines','jamiecarpenter@greene.com','(800)684-9790x941','639097333624','65.1269425 65.709014','75440 Jennifer Court Suite 291\nPort Benjamin, MO 43330',12),(405,'smithsandra','Marc White','barnesdana@hill-williams.org','1-354-052-9593','4225840125731752521','82.282952 -153.374668','PSC 6433, Box 6696\nAPO AA 76473',15),(406,'maria77','Shannon Chapman','sherry03@hotmail.com','1-987-503-2354x621','5280974746395959','-58.9357805 135.748896','442 Castillo Harbor\nDawnborough, AL 30866',6),(407,'umann','Daniel Gentry','ncain@yahoo.com','+82(7)0997659857','213120369294896','71.567591 -153.877944','56941 Charles Points\nNathanberg, AK 15868',5),(408,'audrey45','Zachary Mitchell','emilygonzalez@yahoo.com','(827)944-8125','6011004512213303','5.882890 50.645200','186 Hill Extensions Suite 775\nSouth Kathleenborough, MS 97147',2),(409,'millerjennifer','Katrina Warren','timothycooper@robinson-johnson.biz','424-522-9653x1828','675969285401','86.668003 124.005789','83463 Eugene Crescent Apt. 308\nNew Tracy, HI 04580',4),(410,'ndawson','Mike Flores','vincent61@gmail.com','(164)556-7668','349332164056415','41.6898965 -82.936635','5606 Alvarez Square\nCooperchester, NY 21977',7),(411,'renee64','Ryan Klein','ualexander@yahoo.com','(334)311-6770','6011815534932020','-39.608647 -81.727110','01095 Jackson Valley\nJohnsonchester, DE 53650',10),(412,'sandersgeorge','James Allen','monicaali@christian-webb.com','1-905-794-0742x9738','6011072564426792','-21.412201 -36.039154','Unit 1220 Box 4799\nDPO AA 44309',13),(413,'glasskelly','Mitchell Kelly','nflynn@hotmail.com','214.117.3802x929','6011524116079768','10.8377865 158.287762','99043 Odonnell Terrace Apt. 390\nDavisshire, OR 88832',11),(414,'acollins','Benjamin Mendez','todd19@cook-porter.org','303-524-2625x144','3516543044335677','-71.608358 108.525054','5330 Thomas Squares\nNew Melanieton, SC 29635',14),(415,'douglassparks','Linda Hanson','kevindawson@nelson.com','1-043-346-4012x841','4254403002813054','-81.315001 46.660085','0313 Christina Lock Apt. 385\nPort Edward, NJ 57659',15),(416,'wrightkara','Michael Little','waynepeterson@hotmail.com','06084741692','213150528272962','-40.609322 56.197872','63903 Colon Inlet Suite 288\nWongville, KY 38063',12),(417,'qwest','Jonathan Johnson','zpreston@gmail.com','984-546-1791x91555','3517970476196666','78.985163 173.149478','189 Jennifer Spur Suite 280\nPort Greg, MN 13941',14),(418,'griffinrebecca','Russell Nelson','jonathan24@yahoo.com','+30(5)9958917521','4978996878545','-51.0514795 109.959555','Unit 9225 Box 6761\nDPO AE 92857',10),(419,'kevingregory','Casey Murray','iwallace@yahoo.com','935-433-9211','38579179892822','15.924472 -59.129010','1035 Gordon Mews\nNorth David, OK 78640',4),(420,'briannaramirez','Mark Randolph','lisareed@gmail.com','1-425-823-8098x137','676358674502','-47.6220325 -68.019305','0755 Walker Ferry Suite 455\nNew Emilytown, MN 61744',6),(421,'slee','Diane Estes','vegajessica@yahoo.com','762-380-7207x94912','3598838353737799','-20.657306 -98.333427','689 Michael Flat\nAmandahaven, IA 02062',5),(422,'rebeccahenderson','Troy Fernandez','marcrivera@freeman.com','1-796-013-6432x54702','6545416830605397','-77.563840 -93.748748','5688 Mcconnell Lake Apt. 694\nEast Rebecca, WI 47887',4),(423,'shernandez','Tonya Long','wigginslisa@yahoo.com','+41(1)2679986191','3593567932429645','53.860327 -80.251321','28562 Stewart Path\nHillfort, FL 13871',15),(424,'hayley45','Michelle Hernandez','lewisshirley@gmail.com','1-933-023-4916','566750832438','52.445852 125.284579','309 Lucero Tunnel\nAustinstad, IL 16862',1),(425,'deanna60','Matthew Boyd','gramirez@yahoo.com','1-136-136-0386','568993004510','-10.046053 33.273790','91535 Sparks Shoal\nTimothyburgh, WA 73119',7),(426,'petersonalyssa','Cassandra Martin','barrettryan@webb-jordan.com','114.481.2185x49560','583394735026','62.272489 -50.710114','Unit 6494 Box 1857\nDPO AE 06999',5),(427,'fvance','Willie Brown','maldonadomark@yahoo.com','467-625-5692x605','6011895255682426','-71.803835 -176.369429','18686 Kevin Plain\nLake Juliamouth, CO 89089',4),(428,'nhaney','Laurie Bridges','vaughnrobert@gmail.com','1-671-306-9631','4512551333235757','-48.6432045 -82.214748','9787 Jarvis Hill\nDixonmouth, CT 79348',14),(429,'gramirez','Jeremy Miller','mackbrandon@jones.com','094-707-4273x353','4195206915583','-26.7171665 108.398075','4724 Patricia Camp Suite 255\nPort Amanda, MI 43839',15),(430,'bradley52','William Cook','wwright@meyer.com','1-277-019-2781x69148','4563470195390022','18.876574 -168.272065','00908 White Ways Apt. 504\nLake Charlesfurt, NV 65490',10),(431,'tara25','Gary Fox','youngelizabeth@andrews-mora.com','683.329.8426x30590','2229586997586242','84.1199895 16.742683','5897 Casey Views\nGriffithmouth, NC 20858',1),(432,'colton00','Joseph Brown','julianjohns@gmail.com','542.125.8031x04421','4599473721525168','39.842253 147.597212','195 West Falls Apt. 262\nMontgomeryfort, DE 92971',9),(433,'barbarabond','Travis Walton','matthew49@yahoo.com','1-817-184-7760','4814807228266799800','82.5212475 160.176507','46752 Linda Burg Apt. 895\nWest Markland, MO 11673',9),(434,'hawkinsbrian','Kimberly Hopkins','obarton@cox-flores.net','06744970833','5340619762214083','-4.842116 134.187506','7281 Aaron Hill\nChambersmouth, ND 46598',13),(435,'eileen80','Jose Clark','tammy21@gmail.com','089-203-7117','30105988947801','-69.740790 90.953978','4937 Steven Burgs Apt. 025\nNew Johnville, PA 24920',2),(436,'aholmes','Michael Perry','clarksusan@cox.com','274.919.0923','3531299673707667','48.743244 -46.553858','3210 Rubio Ways\nLake Mary, WI 85177',13),(437,'riverastacy','Stephanie Adams','tony53@roberts-dean.com','+31(3)9055429042','6011145185470223','-87.4779835 -36.316551','136 Jackson Shoal Suite 146\nRosarioborough, CA 91650',1),(438,'victorshaffer','Daniel Cervantes','debbiesmith@baker.com','969.325.2277x09934','30323859851867','33.074379 -149.019590','54658 Glen Haven Apt. 227\nChristopherberg, SD 66929',9),(439,'christine41','Candice Richardson','ericwalker@yahoo.com','1-064-186-7218','4414491646197908','-33.4177475 128.756806','PSC 2412, Box 3494\nAPO AA 26447',7),(440,'emcdaniel','Larry Strong','rodneymoore@hotmail.com','1-094-147-0340x92471','348592990186469','-25.200569 -42.538438','4161 Kaylee Rest\nNorth Alexanderland, MT 74993',14),(441,'iwinters','Rebecca Myers','denise99@yahoo.com','311-203-1249','3574400049603006','46.948926 -139.211388','6883 Erin Parkway Suite 339\nAndersonview, DC 80258',11),(442,'davidosborne','Donna Murray','yjohnson@martin-delgado.info','641-166-4587x818','4997949161932129','-26.5317245 -2.871108','4708 Katherine Mountain\nNorth Victoriashire, FL 23219',14),(443,'benjamin80','James Atkinson','jconner@gmail.com','(525)088-2621x6946','4698242787297642800','-38.513101 -128.046927','1506 Monica Squares\nCassandrafurt, DC 85981',7),(444,'waltersjessica','Cheryl Reynolds','jill95@medina-rivers.com','1-676-790-9677x580','344288452336148','-53.8940025 -127.170546','524 Sanchez Island Suite 354\nRogersview, WA 58799',15),(445,'diazadam','Richard Hodges','cgarcia@gmail.com','+19(3)5007851534','345191626319835','-39.767166 -100.067086','35437 Ramirez Flats\nObrienhaven, MN 47161',11),(446,'patrick72','Phyllis Ward','qstevens@gmail.com','1-202-301-2246x02393','3562202093312466','-63.1574285 131.155016','Unit 1318 Box 9088\nDPO AA 15458',12),(447,'garciadrew','Frank Mata','jeffrey80@gmail.com','(725)848-2232x3052','374311396246943','-63.829317 31.431526','2229 Anthony Radial\nHardingside, CT 69362',5),(448,'jacobsgina','Thomas Robinson','blackburnelizabeth@harrington.net','664.542.5893x8684','4271732090349479104','55.0606705 54.664486','5382 Jennings Court\nSherrymouth, WA 24403',13),(449,'christinapadilla','Jorge Bautista','brownbrandon@peterson-smith.com','121-672-0115x7291','5466586803951999','18.563910 -35.743636','37401 Robinson Glens Apt. 257\nJohnsonchester, KS 35989',11),(450,'kpalmer','Lauren Hahn','tammy71@gmail.com','+88(3)0656634958','3571922458049952','22.1768615 -61.211918','086 Norton Locks Suite 052\nFernandezhaven, TX 19243',2),(451,'njordan','Joseph Brown','lperez@hotmail.com','1-150-226-3691x0591','3549632959896848','-18.9596565 -114.542971','73849 Taylor Terrace Suite 169\nLake Bethany, SC 74273',11),(452,'ryanhernandez','Thomas Weaver','tmullins@garcia-jarvis.net','346-534-3833x05057','676227583637','-70.073831 55.430384','8071 Parker Park Suite 957\nStevenbury, CA 75148',3),(453,'hgomez','Hannah Copeland','chelsea56@gray.com','667.550.8462x3850','371643369204217','-34.8233315 99.481389','6073 Riley Gardens Apt. 002\nNorth Robertmouth, DC 06225',3),(454,'rodriguezluke','James Hill','debbiehodges@yahoo.com','750-826-6420x451','180090649644674','40.3273125 -57.453401','9434 Curry Lodge Suite 164\nByrdtown, VA 79835',3),(455,'lindsay16','Julie Hogan','melissa74@wise.com','704-061-7982x6070','501814869878','-53.705074 -115.140727','305 Sharp Street\nValenciaview, WI 25791',10),(456,'vgarcia','Connor Turner','sellersaustin@rodriguez.com','(234)079-3177x589','4943843031680','50.4231155 63.883633','6381 Smith Brook\nNew Jaimemouth, MA 22557',2),(457,'proberson','Brandy Jordan','andersoncarrie@hardy-moss.biz','+57(7)0254527422','3505863131832391','-29.604197 27.044846','877 Mcgee Ferry Suite 063\nJenniferborough, PA 16061',3),(458,'randallamanda','Connie Garcia','tracyweaver@cruz-gutierrez.com','213-059-9151','30389512013369','-69.652152 44.733421','889 Joseph Brook\nWest Melody, MA 31194',15),(459,'elizabethanderson','Lauren Larson','melindawall@gmail.com','029.007.3276x322','4075580769347810430','8.796013 13.907081','360 Bradley Lodge Apt. 155\nFosterhaven, NM 84805',5),(460,'baileyandrew','James Wilson','edward46@morton-webster.org','812-927-0552x618','4768776872107365654','-55.437439 -55.588152','PSC 6686, Box 5212\nAPO AE 41014',15),(461,'schwartzjulie','Denise Sellers','cameron21@jones-banks.com','1-274-684-4647','4258290017201417','-36.335351 -77.171361','6409 Gregory Station Apt. 642\nGregoryville, OK 06085',14),(462,'hdean','Jessica Anderson','melissa13@gmail.com','1-161-154-2761','639076401376','-43.865585 -113.454674','286 Ashley Flats Apt. 812\nSouth Laurenfurt, NV 83406',9),(463,'elizabeth27','Mark Williams','lmendez@hotmail.com','1-523-354-6491','4809898632264729','-7.706263 -59.339810','4015 Matthew Isle\nPort Makayla, SD 53102',5),(464,'rjones','Brianna Bailey','walterhenry@gmail.com','1-673-386-4864x137','344762101063170','-50.9608955 166.748342','718 Allen View\nVaughnview, CA 29860',1),(465,'hnolan','Misty Bruce','orrpaul@hotmail.com','819-958-7401','4289655628118502187','-87.020727 167.861039','PSC 8977, Box 2050\nAPO AP 44931',13),(466,'smithandrea','Robert Peck','alexa48@hotmail.com','05431387260','3509654551931037','17.1936935 -24.814220','3833 Andrew Plains\nJonesmouth, PA 79909',2),(467,'tammy18','Anita Ritter','gloria96@yahoo.com','07250394428','5457101940478624','-62.684081 89.887746','USCGC Williams\nFPO AE 62108',5),(468,'morgannicole','Michelle Guerra','cartersarah@gmail.com','564.887.0836','676218085360','77.5550175 -168.370852','28240 Jackson Extensions Suite 676\nEast Jessetown, AZ 61158',1),(469,'omoran','Cheryl Garcia','jeremyhuffman@gmail.com','06648959026','5350249328623739','8.442063 -35.350698','3253 Zachary View Apt. 365\nMillerport, FL 87184',14),(470,'eblack','Michael Erickson','melanie91@anderson-smith.com','642-838-7961','180088997963548','83.3246265 120.064490','031 Williams Ports Apt. 810\nPort Loribury, CT 27300',10),(471,'joe88','William Herrera','andrew00@stout.com','1-527-272-9982','6011616054720237','76.5597005 -26.196424','37904 Krause Expressway Apt. 740\nPort Christian, MO 64410',2),(472,'djones','Curtis Nixon','matthew17@wagner.org','(137)431-5490x3448','5238229854736020','6.852397 116.524434','392 Kirk Tunnel\nNorth Martha, KY 66021',5),(473,'rivaswilliam','Amy Shannon','santiagotristan@robles.com','+65(5)1446253872','2224863084276788','-24.2452425 51.251188','44760 Johnson Roads Apt. 489\nLake Michele, CT 04257',5),(474,'markjones','George Proctor','alechenry@gmail.com','1-713-969-2746x771','341603942458208','-35.263250 11.555804','808 Anderson Mountain\nNorth Cynthia, CO 01514',15),(475,'vbarrett','Julie Thomas','stephenleonard@hancock-casey.net','(678)596-3657x82130','6541233366267896','-30.4049105 -115.472193','92907 Danielle Spring\nMarymouth, RI 40819',8),(476,'qhensley','Tyrone Ruiz DDS','melissa31@farmer-white.biz','122-678-7434x935','349595391741807','66.4542705 -144.304946','4199 Cheryl Loop Suite 432\nTinaview, OK 80933',13),(477,'louis73','Kristina Vargas','ggarcia@gmail.com','(460)026-4859x038','180060257433710','35.0960215 54.675649','9775 Hannah Hollow\nPort Nicole, IN 42448',1),(478,'robertcollins','Leah Paul','juanhill@mccullough.com','616-368-6938','30000563288251','-46.5448245 -93.753228','6763 Lambert Street Suite 021\nRobertville, NH 33199',1),(479,'nbarrera','Scott Newton','jefferyfuller@hotmail.com','1-982-020-8902','3562638290049981','69.032961 28.792971','USCGC Lutz\nFPO AE 79496',13),(480,'paulcannon','Wesley Foster','andersonian@yahoo.com','(113)094-4849x6295','5215704288432047','-74.7106305 -38.995578','946 Soto Ferry Apt. 489\nSuttontown, UT 11140',10),(481,'arobertson','Angel Duncan','wmiller@yahoo.com','(806)013-2959x659','180001698979614','-76.8505805 163.582722','199 Deborah Square\nWest Miguelbury, DE 20424',12),(482,'andersondiane','Amanda Poole DVM','fmartin@johnson-medina.biz','(529)151-1878x73262','5341349284346127','64.3580205 -77.492298','5615 Jonathan Circles Suite 219\nKennethmouth, ME 32322',8),(483,'lacey82','Michael Richard','kyoung@yahoo.com','(719)660-1329','4591211536614','32.4929685 34.510696','3383 Campbell Trafficway\nNew Keith, VT 83053',2),(484,'hamiltonmonica','Michael Stephens','aaroncantu@yahoo.com','998.950.2570x0852','3554926483353611','55.738424 -51.265054','908 Oneill Turnpike Suite 303\nWest Kellyborough, FL 41484',1),(485,'david09','Molly Garcia','aperez@yahoo.com','049.152.0173','6011598775481085','59.5772635 145.697942','1468 Michael Hills Suite 218\nEast Davidburgh, ME 21040',15),(486,'sarahklein','Charles Miller','cconrad@walker-perkins.net','(270)854-8094','4663527234773566047','79.552404 28.373661','9283 Lewis Locks Apt. 589\nPort Anthony, NH 98752',11),(487,'alyssa60','Michael Ruiz','michael17@hotmail.com','356.165.0823x857','4095780770250350','-51.5112655 -70.012816','4222 Raymond Roads\nWest Kelly, CO 04640',14),(488,'gabriel03','Craig Carpenter','aprilmccormick@yahoo.com','1-740-632-4970','4648581678056227772','-5.3598015 -112.305894','89306 Stephens Alley\nAnthonyburgh, NV 92655',5),(489,'gloria76','Luke King','edwardallen@hernandez-reid.com','655.464.7753x222','4926709708590','-6.0659835 -98.223934','236 Flores Vista Suite 545\nSolistown, KY 10747',7),(490,'sarah02','Nathan Rogers','wlarson@hotmail.com','1-783-388-3171x97894','3535694498400710','4.3911145 -130.762154','18703 Ortiz Dam Apt. 334\nDonaldsonstad, WA 70582',11),(491,'twallace','Amy Summers','hendersonsally@mcguire.org','(023)163-9879x0571','373325927623678','-75.210535 -24.644570','63608 Brown Shores Suite 034\nHillmouth, DC 31142',1),(492,'fbrown','Taylor Stewart','shall@mason-mitchell.com','419.961.1753x704','676182822160','11.308786 163.832496','6735 Michelle Trail Apt. 214\nGeorgeshire, AR 22819',7),(493,'ujenkins','Jacqueline Martinez','jvalenzuela@gmail.com','(310)718-8408','370951329567818','10.6901315 103.088646','0632 Rodriguez Lights\nLake Zachary, AZ 90273',14),(494,'jennifer56','Nicholas Anderson','davidjones@gmail.com','912-775-7734x6187','345659183976627','-7.8193675 116.219740','22834 Justin Cape\nMooreview, DE 92814',1),(495,'stephenlewis','Sarah Wood','michael11@thomas.biz','+23(6)5438309168','30250265491923','48.2508855 -49.615167','879 Welch Light Suite 942\nSouth Alexanderhaven, MT 14841',15),(496,'wpierce','Tracy Wells','amanda10@gmail.com','476-626-1706x60914','377873136614513','71.2575005 -90.301003','034 Ross Circles Suite 711\nWoodville, MA 71906',2),(497,'wromero','Anita Herrera','mia98@baker.com','801.461.5253x95425','4267858288609','12.2871735 26.452382','586 Reynolds Fort Apt. 789\nCarpenterchester, FL 51168',1),(498,'jschmidt','Kimberly Cox','ycarlson@yahoo.com','871.303.4989','340085880247143','-2.768790 174.224122','24232 Ramirez Causeway\nHermantown, MD 19298',4),(499,'molly82','Joseph Rice','andrewscott@douglas-may.com','011.041.7395','4421098769700037879','-83.684076 -87.413843','1868 Patty Fork Apt. 058\nEast Josemouth, AR 85449',9),(500,'jennifer71','Linda Fitzpatrick','jkramer@yahoo.com','838.788.8306x920','3513974002060838','16.5123345 -92.588092','094 Mccarty Isle Apt. 504\nLake John, MN 66141',7),(501,'Liza','Elizabeth Test','elizabeth@gmail.com','123456789','12341234','gps-location','address',1);
/*!40000 ALTER TABLE `customers` ENABLE KEYS */;
UNLOCK TABLES;

--
-- Table structure for table `deposits`
--

DROP TABLE IF EXISTS `deposits`;
/*!40101 SET @saved_cs_client     = @@character_set_client */;
 SET character_set_client = utf8mb4 ;
CREATE TABLE `deposits` (
  `id` int(11) NOT NULL AUTO_INCREMENT,
  `bank_account` varchar(50) NOT NULL,
  PRIMARY KEY (`id`)
) ENGINE=InnoDB AUTO_INCREMENT=11 DEFAULT CHARSET=utf8mb4 COLLATE=utf8mb4_0900_ai_ci;
/*!40101 SET character_set_client = @saved_cs_client */;

--
-- Dumping data for table `deposits`
--

LOCK TABLES `deposits` WRITE;
/*!40000 ALTER TABLE `deposits` DISABLE KEYS */;
INSERT INTO `deposits` VALUES (1,'3537849967706124'),(2,'373453677170771'),(3,'3527220971550241'),(4,'370349126792178'),(5,'4186815019216190'),(6,'377925942064398'),(7,'3548054546331737'),(8,'4862711795889'),(9,'376186287045697'),(10,'676297017821');
/*!40000 ALTER TABLE `deposits` ENABLE KEYS */;
UNLOCK TABLES;

--
-- Table structure for table `order_details`
--

DROP TABLE IF EXISTS `order_details`;
/*!40101 SET @saved_cs_client     = @@character_set_client */;
 SET character_set_client = utf8mb4 ;
CREATE TABLE `order_details` (
  `order_id` int(11) NOT NULL,
  `trade_name` varchar(50) NOT NULL,
  `pid` int(11) NOT NULL,
  `amount` int(11) NOT NULL DEFAULT '1',
  PRIMARY KEY (`order_id`,`trade_name`,`pid`),
  KEY `trade_name` (`trade_name`,`pid`),
  CONSTRAINT `order_details_ibfk_1` FOREIGN KEY (`trade_name`, `pid`) REFERENCES `car_parts` (`trade_name`, `pid`),
  CONSTRAINT `order_details_ibfk_2` FOREIGN KEY (`order_id`) REFERENCES `orders` (`id`)
) ENGINE=InnoDB DEFAULT CHARSET=utf8mb4 COLLATE=utf8mb4_0900_ai_ci;
/*!40101 SET character_set_client = @saved_cs_client */;

--
-- Dumping data for table `order_details`
--

LOCK TABLES `order_details` WRITE;
/*!40000 ALTER TABLE `order_details` DISABLE KEYS */;
INSERT INTO `order_details` VALUES (1,'billy14',4,4),(1,'tinastevens',18,3),(2,'alexander97',20,2),(2,'heather79',3,1),(3,'barronamanda',5,6),(3,'hallashley',1,2),(4,'longsamuel',13,4),(4,'mcneildavid',17,3),(4,'mpadilla',9,5),(5,'jeffreyweiss',14,3),(8,'cummingskrystal',13,5),(8,'martin89',4,4),(10,'michelle79',3,9),(10,'paige00',16,4),(13,'qcastro',4,6),(13,'wanda01',2,7),(14,'vkline',9,1),(15,'econner',2,1),(15,'tracybrown',5,10),(16,'mcdanielvalerie',1,4),(19,'colleenwatkins',7,7),(19,'matthewcollins',14,3),(20,'shelia45',19,4),(23,'georgehernandez',4,9),(23,'mark59',2,4),(25,'baileystephen',19,8),(26,'sstevens',5,2),(27,'michael92',3,7),(27,'woodjamie',15,9),(28,'crosbyjeff',7,8),(29,'lopezsue',19,8),(31,'elizabethjordan',20,4),(31,'racheltownsend',19,3),(31,'ramirezbryan',15,9),(33,'alexis45',15,1),(33,'singhjennifer',2,3),(35,'christopherskinner',19,4),(35,'scottgreene',19,8),(36,'ssmith',17,5),(36,'stephensoncalvin',4,2),(37,'hdillon',5,6),(38,'jamesrasmussen',14,2),(38,'xmoore',11,8),(39,'millerrhonda',5,3),(40,'martha50',14,10),(42,'angela31',15,9),(42,'lauren19',12,6),(42,'trevor96',12,10),(43,'vwilliamson',10,8),(43,'williamsanna',9,3),(44,'annegray',12,8),(45,'michaeljones',18,5),(45,'rachel33',14,3),(46,'garciadiana',4,10),(47,'christopherfowler',8,1),(48,'macosta',1,2),(48,'tara27',9,1),(49,'qlong',8,9),(50,'cschroeder',17,4),(50,'wmcdaniel',18,3);
/*!40000 ALTER TABLE `order_details` ENABLE KEYS */;
UNLOCK TABLES;

--
-- Table structure for table `order_payment_records`
--

DROP TABLE IF EXISTS `order_payment_records`;
/*!40101 SET @saved_cs_client     = @@character_set_client */;
 SET character_set_client = utf8mb4 ;
CREATE TABLE `order_payment_records` (
  `no_of_transaction` int(11) NOT NULL,
  `date_time` datetime NOT NULL,
  `pid` int(11) NOT NULL,
  `did` int(11) NOT NULL,
  `oid` int(11) NOT NULL,
  `price` int(11) NOT NULL,
  PRIMARY KEY (`no_of_transaction`),
  UNIQUE KEY `oid` (`oid`),
  KEY `pid` (`pid`),
  KEY `did` (`did`),
  CONSTRAINT `order_payment_records_ibfk_1` FOREIGN KEY (`pid`) REFERENCES `providers` (`id`),
  CONSTRAINT `order_payment_records_ibfk_2` FOREIGN KEY (`oid`) REFERENCES `orders` (`id`),
  CONSTRAINT `order_payment_records_ibfk_3` FOREIGN KEY (`did`) REFERENCES `deposits` (`id`)
) ENGINE=InnoDB DEFAULT CHARSET=utf8mb4 COLLATE=utf8mb4_0900_ai_ci;
/*!40101 SET character_set_client = @saved_cs_client */;

--
-- Dumping data for table `order_payment_records`
--

LOCK TABLES `order_payment_records` WRITE;
/*!40000 ALTER TABLE `order_payment_records` DISABLE KEYS */;
INSERT INTO `order_payment_records` VALUES (101579683,'2018-09-14 16:30:45',11,9,30,2112),(113414023,'2018-03-28 10:24:33',18,5,24,2816),(134326320,'2018-08-26 19:37:16',11,4,15,6053),(154874167,'2018-07-15 15:01:24',19,8,45,3467),(159817498,'2018-11-11 18:47:30',7,7,17,6405),(166405588,'2018-10-22 01:28:00',16,3,10,3260),(177500459,'2018-05-22 01:16:09',2,6,46,7150),(195860565,'2018-09-21 06:17:08',10,2,49,7777),(237351864,'2018-07-02 13:29:22',17,8,26,8215),(268289797,'2018-10-23 08:21:27',8,3,22,7241),(287596822,'2018-07-14 00:37:58',13,6,43,756),(295426591,'2018-08-31 23:45:49',8,10,3,942),(301678089,'2018-12-13 20:57:30',7,7,36,8240),(302791436,'2018-05-17 13:18:26',7,4,33,7929),(306881372,'2018-11-23 16:49:04',3,6,18,7781),(309096211,'2018-07-22 08:05:32',9,3,48,5937),(326467004,'2018-11-28 09:54:00',14,4,40,8946),(345077527,'2018-08-10 17:22:17',8,1,19,197),(368552916,'2018-12-12 20:03:37',13,6,38,616),(372128298,'2018-12-22 18:33:08',10,2,7,8295),(374115675,'2018-11-10 06:32:13',18,10,39,8162),(386630323,'2018-03-05 10:28:14',19,4,27,4982),(428424539,'2018-01-08 08:25:24',6,10,11,626),(439016988,'2018-05-10 08:40:03',18,6,8,1798),(440877541,'2018-12-30 01:45:16',10,9,13,4859),(475075709,'2018-11-21 21:18:46',17,2,35,2867),(502793204,'2018-10-07 21:25:47',17,2,9,1244),(504961042,'2018-09-30 21:02:02',11,7,23,6643),(516717402,'2018-07-05 10:33:21',20,4,37,6894),(525995419,'2018-12-21 03:19:19',7,4,6,3101),(558699179,'2018-07-18 19:27:08',10,5,50,3112),(567929878,'2018-07-06 21:11:15',3,3,41,8702),(629576420,'2018-12-22 15:00:00',16,8,16,4220),(630712686,'2018-07-12 20:24:42',5,3,34,5500),(654156152,'2018-05-27 04:20:58',13,6,20,5308),(667682369,'2018-05-28 23:50:17',19,1,2,2051),(734659795,'2018-12-16 17:51:41',15,6,25,7154),(743368956,'2018-11-06 11:13:21',3,7,1,2319),(812242208,'2018-10-24 10:00:21',6,9,12,4586),(860645505,'2018-05-19 02:29:05',17,9,32,9669),(868108557,'2018-06-06 01:35:56',11,7,42,7807),(882608342,'2018-03-25 09:43:38',10,1,14,9455),(888887904,'2018-06-19 05:15:22',14,6,21,6198),(891123523,'2018-08-08 18:21:17',17,4,4,9045),(896123398,'2018-12-27 04:41:20',15,5,31,340),(902899727,'2018-09-01 19:37:58',1,10,44,6737),(921754264,'2018-08-07 02:12:50',10,9,5,2838),(927627469,'2018-12-26 05:50:42',1,1,28,7076),(955735573,'2018-11-20 12:50:11',1,1,29,2551),(959071681,'2018-09-15 03:11:02',14,8,47,9111);
/*!40000 ALTER TABLE `order_payment_records` ENABLE KEYS */;
UNLOCK TABLES;

--
-- Table structure for table `orders`
--

DROP TABLE IF EXISTS `orders`;
/*!40101 SET @saved_cs_client     = @@character_set_client */;
 SET character_set_client = utf8mb4 ;
CREATE TABLE `orders` (
  `id` int(11) NOT NULL AUTO_INCREMENT,
  `date_time` datetime NOT NULL,
  `wid` int(11) NOT NULL,
  `pid` int(11) NOT NULL,
  PRIMARY KEY (`id`),
  KEY `wid` (`wid`),
  KEY `pid` (`pid`),
  CONSTRAINT `orders_ibfk_1` FOREIGN KEY (`wid`) REFERENCES `workshops` (`id`),
  CONSTRAINT `orders_ibfk_2` FOREIGN KEY (`pid`) REFERENCES `providers` (`id`)
) ENGINE=InnoDB AUTO_INCREMENT=51 DEFAULT CHARSET=utf8mb4 COLLATE=utf8mb4_0900_ai_ci;
/*!40101 SET character_set_client = @saved_cs_client */;

--
-- Dumping data for table `orders`
--

LOCK TABLES `orders` WRITE;
/*!40000 ALTER TABLE `orders` DISABLE KEYS */;
INSERT INTO `orders` VALUES (1,'2018-10-21 08:19:35',10,5),(2,'2018-01-23 18:57:06',5,12),(3,'2018-08-20 01:30:35',6,5),(4,'2018-06-21 10:28:05',4,8),(5,'2018-05-29 19:41:50',7,13),(6,'2018-09-04 00:24:00',5,13),(7,'2018-11-28 19:42:35',1,12),(8,'2018-01-27 15:53:10',10,12),(9,'2018-01-27 04:58:07',1,19),(10,'2018-02-20 05:02:10',4,11),(11,'2018-01-04 05:43:49',7,9),(12,'2018-08-12 10:46:26',7,17),(13,'2018-11-02 13:16:35',7,6),(14,'2018-03-05 07:49:29',9,2),(15,'2018-08-24 00:27:51',8,6),(16,'2018-09-19 13:06:09',2,20),(17,'2018-08-04 23:25:56',2,18),(18,'2018-02-28 23:45:15',1,5),(19,'2018-06-17 08:22:43',8,15),(20,'2018-05-18 17:16:13',3,20),(21,'2018-05-09 18:24:51',4,9),(22,'2018-10-03 12:32:08',5,15),(23,'2018-02-18 14:25:22',9,18),(24,'2018-03-18 05:20:04',6,14),(25,'2018-01-19 04:32:43',6,16),(26,'2018-03-04 18:49:13',10,18),(27,'2018-01-28 00:52:37',7,4),(28,'2018-12-25 13:13:34',7,19),(29,'2018-09-21 19:19:21',4,6),(30,'2018-05-20 11:01:26',5,10),(31,'2018-12-02 21:05:59',10,9),(32,'2018-04-07 07:02:25',3,10),(33,'2018-04-22 07:09:30',5,19),(34,'2018-03-19 01:04:52',2,19),(35,'2018-09-03 10:08:36',3,3),(36,'2018-04-26 04:31:13',4,17),(37,'2018-06-09 06:49:25',4,20),(38,'2018-08-21 17:43:08',2,4),(39,'2018-07-30 12:25:44',6,18),(40,'2018-11-10 17:11:15',9,6),(41,'2018-03-11 10:58:43',5,15),(42,'2018-04-14 16:05:17',5,1),(43,'2018-05-16 12:20:35',8,12),(44,'2018-07-24 18:29:21',5,4),(45,'2018-03-05 11:11:37',9,6),(46,'2018-02-16 10:40:08',6,3),(47,'2018-08-12 18:40:56',9,15),(48,'2018-05-18 06:49:26',3,3),(49,'2018-08-28 00:55:17',4,5),(50,'2018-07-18 02:22:09',3,18);
/*!40000 ALTER TABLE `orders` ENABLE KEYS */;
UNLOCK TABLES;

--
-- Table structure for table `payment_records`
--

DROP TABLE IF EXISTS `payment_records`;
/*!40101 SET @saved_cs_client     = @@character_set_client */;
 SET character_set_client = utf8mb4 ;
CREATE TABLE `payment_records` (
  `no_of_transaction` int(11) NOT NULL,
  `date_time` datetime NOT NULL,
  `cid` int(11) NOT NULL,
  `did` int(11) NOT NULL,
  `price` int(11) NOT NULL,
  PRIMARY KEY (`no_of_transaction`),
  KEY `cid` (`cid`),
  KEY `did` (`did`),
  CONSTRAINT `payment_records_ibfk_1` FOREIGN KEY (`cid`) REFERENCES `customers` (`id`),
  CONSTRAINT `payment_records_ibfk_2` FOREIGN KEY (`did`) REFERENCES `deposits` (`id`)
) ENGINE=InnoDB DEFAULT CHARSET=utf8mb4 COLLATE=utf8mb4_0900_ai_ci;
/*!40101 SET character_set_client = @saved_cs_client */;

--
-- Dumping data for table `payment_records`
--

LOCK TABLES `payment_records` WRITE;
/*!40000 ALTER TABLE `payment_records` DISABLE KEYS */;
INSERT INTO `payment_records` VALUES (1,'2018-09-01 15:26:35',501,1,91),(2,'2018-09-02 15:04:46',501,1,22),(3,'2018-09-03 16:17:33',501,1,19),(4,'2018-09-04 07:07:43',501,1,95),(5,'2018-09-04 16:10:41',501,1,16),(6,'2018-09-05 01:41:49',501,1,75),(7,'2018-09-05 20:20:38',501,1,86),(8,'2018-09-06 04:03:34',501,1,20),(9,'2018-09-06 06:15:55',501,1,44),(10,'2018-09-07 07:16:24',501,1,70),(11,'2018-09-07 16:37:46',501,1,14),(12,'2018-09-08 13:56:46',501,1,54),(13,'2018-09-09 01:25:18',501,1,47),(14,'2018-09-09 13:46:56',501,1,82),(15,'2018-09-09 21:05:53',501,1,48),(16,'2018-09-10 04:40:45',501,1,35),(17,'2018-09-11 02:31:59',501,1,76),(18,'2018-09-12 05:42:31',501,1,100),(19,'2018-09-12 17:22:49',501,1,35),(20,'2018-09-13 13:37:04',501,1,97),(21,'2018-09-14 04:28:27',501,1,82),(22,'2018-09-14 17:54:57',501,1,26),(23,'2018-09-15 03:03:32',501,1,53),(24,'2018-09-15 07:16:19',501,1,95),(25,'2018-09-15 09:55:00',501,1,84),(26,'2018-09-15 18:41:02',501,1,37),(27,'2018-09-15 20:19:36',501,1,81),(28,'2018-09-15 21:03:41',501,1,20),(29,'2018-09-16 13:57:47',501,1,94),(30,'2018-09-16 23:18:23',501,1,87),(100059528,'2018-04-12 05:56:56',165,5,192),(100168356,'2018-03-20 15:58:44',91,2,4651),(100296861,'2018-01-18 04:21:06',402,5,5598),(100360887,'2018-08-06 20:30:54',144,8,530),(100420570,'2018-02-27 07:39:37',220,10,665),(100575632,'2018-11-08 16:15:52',492,3,2674),(101007522,'2018-08-30 08:20:23',318,1,142),(101113442,'2018-10-06 15:52:31',282,4,9206),(101224699,'2018-03-13 14:11:25',115,4,8345),(101258252,'2018-05-11 12:43:03',229,1,9892),(101564708,'2018-11-01 20:09:33',47,2,714),(101780745,'2018-02-21 05:28:35',63,10,4721),(102306384,'2018-07-05 12:53:21',247,2,8814),(102519422,'2018-10-13 01:15:49',332,4,3562),(102639430,'2018-04-25 22:15:10',382,4,433),(102779837,'2018-06-06 16:38:41',6,10,5094),(102850406,'2018-08-25 05:29:18',69,4,7862),(103003383,'2018-05-28 15:37:55',329,4,2140),(103080327,'2018-09-04 04:31:21',136,6,5508),(103318430,'2018-10-17 06:32:36',452,10,3932),(103335037,'2018-09-18 21:05:36',237,4,8474),(103413770,'2018-02-17 07:37:04',269,5,6374),(103501849,'2018-10-20 17:34:49',221,3,9479),(103819876,'2018-09-09 15:11:43',500,2,589),(104131008,'2018-08-10 07:34:38',444,4,6413),(104184703,'2018-01-10 11:21:46',243,3,7705),(104234334,'2018-07-20 05:21:32',172,8,2539),(104412208,'2018-04-30 09:08:22',162,1,9805),(104578484,'2018-11-04 10:55:28',401,2,4836),(105411868,'2018-04-29 14:40:33',120,6,1921),(105571874,'2018-10-03 00:48:01',63,2,7802),(106194383,'2018-01-30 07:51:21',396,7,4338),(106260858,'2018-10-27 06:04:45',337,1,1908),(106375235,'2018-07-27 14:18:12',396,8,5089),(106504660,'2018-11-24 07:20:31',433,7,333),(106635286,'2018-03-07 04:01:05',32,5,3431),(106796103,'2018-10-09 05:50:58',251,9,2743),(107223816,'2018-03-02 06:59:40',478,9,4213),(107531262,'2018-01-04 01:56:11',27,3,4360),(107598058,'2018-04-30 05:26:58',78,5,1384),(107783433,'2018-09-30 00:07:25',398,10,8952),(107983979,'2018-09-18 21:27:12',378,10,8290),(108134086,'2018-05-31 00:00:50',353,10,4001),(108182872,'2018-01-20 17:30:20',254,3,9065),(108184959,'2018-08-27 15:11:23',463,5,9282),(108331321,'2018-10-01 14:18:30',224,2,1520),(108575291,'2018-04-10 14:28:18',79,2,1278),(108654440,'2018-05-15 06:12:55',11,9,6849),(108713837,'2018-09-24 23:40:05',83,4,2448),(108857110,'2018-01-29 07:53:10',134,4,3510),(109506622,'2018-09-22 02:43:39',28,10,1537),(109662508,'2018-05-31 10:26:59',430,10,6899),(109724398,'2018-08-06 17:28:46',206,2,7798),(110180070,'2018-01-13 20:22:21',272,1,7331),(110313209,'2018-03-15 19:01:45',10,8,414),(110450793,'2018-06-26 11:26:03',152,3,4926),(110497730,'2018-03-05 23:32:17',260,3,4265),(110586535,'2018-12-28 12:08:32',220,6,954),(110823920,'2018-06-16 17:46:48',475,3,4106),(110863701,'2018-11-22 04:31:55',224,2,593),(110915721,'2018-03-28 15:12:20',401,2,3423),(110967805,'2018-01-26 22:08:45',405,6,6240),(111183605,'2018-12-28 10:32:18',449,6,9388),(111521410,'2018-04-04 22:20:02',434,10,4932),(111621738,'2018-11-07 19:46:36',398,4,919),(111722349,'2018-11-13 10:46:32',195,8,1501),(111879519,'2018-01-26 20:08:04',236,2,9486),(112247857,'2018-10-20 20:25:09',236,4,5614),(112382915,'2018-12-09 15:44:35',382,10,6037),(112702223,'2018-12-08 17:47:16',230,7,9280),(112881058,'2018-11-04 07:41:11',353,3,9222),(113498901,'2018-04-26 23:45:15',225,7,5067),(113820306,'2018-08-29 11:57:46',290,8,4421),(113834761,'2018-02-13 12:47:44',220,7,9600),(113852690,'2018-02-02 16:46:38',336,7,3441),(114059340,'2018-03-12 05:08:50',16,5,165),(114502497,'2018-04-20 18:03:11',149,2,1079),(114590703,'2018-03-16 05:31:52',84,3,8736),(114800298,'2018-09-22 09:43:44',39,8,9590),(114838876,'2018-11-01 22:17:08',78,7,5509),(114897012,'2018-12-07 10:00:34',326,7,6210),(114948719,'2018-04-13 03:57:34',171,1,115),(115046763,'2018-10-19 04:23:25',280,1,8906),(115186894,'2018-12-21 23:39:57',174,9,7131),(115339949,'2018-10-13 16:39:22',323,2,8737),(115407557,'2018-09-30 18:14:55',401,2,9715),(115860850,'2018-08-18 15:00:19',278,9,8707),(116230721,'2018-02-06 23:27:03',13,7,2326),(116231603,'2018-09-04 11:36:41',101,1,1199),(116473233,'2018-12-28 07:06:57',228,9,3058),(116495849,'2018-09-09 22:53:20',20,4,1170),(116687253,'2018-09-04 06:11:53',264,6,3285),(116782810,'2018-02-12 23:23:55',307,2,6101),(116951558,'2018-08-30 10:20:50',339,4,9240),(117267736,'2018-01-08 07:31:40',186,5,8972),(117281776,'2018-10-29 17:41:45',54,6,5384),(117386863,'2018-05-11 08:06:52',420,6,2283),(117432955,'2018-11-27 08:52:23',38,2,3113),(117715399,'2018-02-11 08:22:15',231,2,4553),(117771560,'2018-06-14 19:30:44',360,5,2229),(117822559,'2018-01-11 05:12:41',455,5,9390),(117938618,'2018-09-07 12:53:37',94,5,8041),(118380493,'2018-02-09 22:16:49',413,1,3650),(118819574,'2018-03-15 16:10:36',206,4,3641),(119093738,'2018-03-18 16:03:46',402,8,8918),(119387030,'2018-02-09 03:04:50',499,1,1704),(119605232,'2018-10-06 09:19:12',464,9,2315),(119607306,'2018-03-08 06:54:28',469,8,3582),(120058412,'2018-07-08 03:33:41',417,1,4233),(120385367,'2018-10-20 04:15:37',186,6,4954),(120443526,'2018-04-29 12:24:25',320,8,216),(120504262,'2018-03-24 17:00:50',330,6,1345),(120594826,'2018-09-13 09:33:42',218,2,3958),(120736641,'2018-07-28 23:15:41',319,9,5795),(121021763,'2018-07-03 21:04:22',168,5,2965),(121122104,'2018-01-25 16:33:21',167,3,7789),(121279836,'2018-03-11 09:22:12',486,5,811),(121402266,'2018-12-07 10:16:34',316,2,6219),(121437927,'2018-11-28 10:18:03',100,8,4632),(121499657,'2018-03-01 21:34:11',436,8,6906),(121662949,'2018-03-12 22:05:21',353,6,5525),(121681155,'2018-04-28 22:37:30',488,4,5334),(122193970,'2018-02-19 18:36:48',79,10,9548),(122396721,'2018-04-14 15:46:39',113,3,6497),(122480846,'2018-01-30 00:48:48',237,10,6130),(122808265,'2018-09-07 11:40:48',387,2,1093),(122919615,'2018-01-20 05:58:32',99,8,1484),(123177227,'2018-12-03 14:46:40',118,2,3373),(123218408,'2018-11-08 02:48:32',165,10,7143),(123311148,'2018-10-20 02:12:26',305,1,5845),(123627993,'2018-03-20 10:11:58',146,10,2997),(123873719,'2018-10-12 12:05:09',286,2,4218),(124071856,'2018-11-28 19:10:35',348,4,9646),(124209014,'2018-04-04 07:10:25',146,6,1455),(124376715,'2018-10-27 06:42:44',43,10,7034),(124628702,'2018-08-26 22:59:52',367,10,4342),(124725008,'2018-12-14 12:32:51',76,4,2838),(124851535,'2018-07-31 21:11:12',494,7,588),(125046931,'2018-12-03 08:06:23',202,6,7295),(125173362,'2018-01-18 16:06:26',255,8,9203),(125574407,'2018-11-21 18:09:40',328,9,3456),(125759856,'2018-07-07 15:42:41',44,6,2026),(125815852,'2018-02-08 11:30:59',180,9,7739),(125893022,'2018-04-24 15:29:47',146,10,3500),(126175072,'2018-10-01 03:39:50',36,9,2374),(126186780,'2018-03-11 03:41:07',319,5,2798),(126303828,'2018-05-14 23:39:03',415,3,9635),(126353901,'2018-11-07 00:17:28',441,8,8880),(126399809,'2018-10-26 20:11:37',415,10,7238),(127044079,'2018-10-04 23:26:06',216,10,6623),(127066657,'2018-06-30 13:55:41',300,5,1177),(127127766,'2018-10-06 05:50:16',443,9,7171),(127424794,'2018-02-01 17:38:50',177,10,3036),(127490443,'2018-01-02 06:58:54',230,7,8305),(127518690,'2018-07-24 04:01:29',2,10,4931),(127748916,'2018-01-11 20:09:49',172,9,5543),(127923717,'2018-08-13 11:05:37',399,4,1238),(127943523,'2018-03-06 22:22:41',439,2,3837),(127950669,'2018-04-15 08:45:19',27,3,3783),(128424522,'2018-09-16 12:48:00',400,4,8536),(128538268,'2018-08-14 22:01:59',381,6,8631),(128561990,'2018-06-26 20:32:09',35,10,4020),(128571068,'2018-12-21 03:09:29',318,7,9705),(128597732,'2018-05-24 03:48:17',352,2,8864),(129082255,'2018-02-03 02:35:15',415,9,7553),(130120883,'2018-02-12 22:43:18',45,10,7413),(130189676,'2018-10-12 18:00:09',208,5,7974),(130293416,'2018-03-20 16:14:09',77,6,5242),(130457419,'2018-08-21 04:28:14',70,8,4603),(130734393,'2018-03-23 01:07:10',117,1,8402),(130755864,'2018-11-10 00:06:24',8,1,6883),(130780887,'2018-12-23 01:49:17',38,7,3198),(131074566,'2018-12-26 16:35:21',66,3,9746),(131233266,'2018-04-04 08:28:22',100,8,3534),(131495770,'2018-09-16 06:17:23',492,2,8988),(131722639,'2018-06-12 10:14:22',417,2,6468),(131882528,'2018-09-13 23:19:54',489,10,8132),(132112419,'2018-04-05 19:01:46',445,9,7564),(132695721,'2018-11-25 09:33:07',331,9,5426),(132978737,'2018-05-01 15:40:17',265,7,8571),(132998790,'2018-08-10 04:50:42',350,9,6006),(133196436,'2018-10-22 04:31:51',128,2,1618),(133394031,'2018-10-12 17:05:00',112,2,9723),(133458022,'2018-10-14 08:01:10',319,9,9050),(133678967,'2018-04-03 14:30:00',77,2,5344),(133959036,'2018-06-21 17:40:15',211,4,9315),(134025661,'2018-08-19 13:32:27',308,1,9131),(134038891,'2018-06-19 07:29:08',140,2,1146),(134152046,'2018-06-18 00:23:42',449,2,5485),(134620807,'2018-09-23 20:58:43',30,10,9085),(134714288,'2018-05-24 01:51:01',81,6,3183),(135194121,'2018-11-27 00:30:36',114,7,4120),(135229612,'2018-06-12 11:18:48',282,10,4471),(135341458,'2018-11-20 01:48:00',309,8,3905),(135492186,'2018-02-20 14:21:25',394,9,7030),(135495463,'2018-11-14 07:15:14',416,8,4057),(135804952,'2018-02-21 17:22:43',479,7,4807),(135866198,'2018-10-24 08:09:13',228,5,4844),(135981018,'2018-08-22 10:06:07',221,2,867),(136056798,'2018-11-25 21:44:54',200,10,1920),(136274315,'2018-03-24 09:57:22',434,1,1408),(136631369,'2018-03-23 06:15:47',306,9,9467),(136835610,'2018-11-02 20:40:42',383,1,355),(136906845,'2018-10-06 07:26:55',365,2,3389),(136941391,'2018-03-23 17:44:06',70,10,4941),(137168014,'2018-09-04 17:52:50',454,3,6565),(137482245,'2018-11-18 01:54:06',260,9,9754),(137504809,'2018-07-02 08:23:01',28,7,6298),(137647439,'2018-08-27 13:02:48',254,7,9116),(137650429,'2018-07-26 06:12:03',126,5,1513),(137863610,'2018-02-24 09:32:31',235,1,3193),(138060872,'2018-08-17 04:03:56',327,2,1628),(138283258,'2018-01-30 06:43:48',201,6,2481),(138657894,'2018-02-05 09:00:34',358,9,2962),(139345871,'2018-07-25 14:14:12',483,5,6029),(139400069,'2018-12-31 09:46:00',4,8,3589),(139514173,'2018-07-19 22:23:05',401,4,9467),(139521556,'2018-04-19 09:45:05',399,4,9280),(139680192,'2018-02-02 21:10:24',310,3,2548),(139686655,'2018-04-07 05:52:07',282,9,4557),(140042530,'2018-01-09 01:29:43',247,3,7193),(140153724,'2018-09-08 07:23:29',13,9,7420),(140331306,'2018-04-19 21:32:01',290,5,8670),(140972018,'2018-04-12 13:38:53',488,2,3900),(141388195,'2018-11-13 04:55:36',302,8,1228),(141594509,'2018-09-22 17:58:31',366,6,3173),(141734285,'2018-05-19 20:13:07',378,10,7806),(141749223,'2018-02-28 02:59:48',229,6,4561),(141811703,'2018-07-13 16:48:55',488,8,348),(142022056,'2018-03-14 17:41:06',15,6,3715),(142180644,'2018-07-18 19:54:40',488,10,7087),(142322790,'2018-02-10 10:21:54',156,2,917),(142540461,'2018-02-15 21:50:42',335,8,4435),(142576468,'2018-03-25 22:55:44',104,4,9501),(142780515,'2018-01-19 11:21:49',196,10,5163),(143129577,'2018-01-03 14:19:46',150,7,2352),(143665535,'2018-04-22 21:08:24',77,7,7328),(143934271,'2018-05-27 06:47:47',454,6,4494),(144528546,'2018-04-20 10:42:48',291,5,9854),(144968302,'2018-07-22 06:06:29',217,1,1583),(145402326,'2018-12-19 01:41:40',257,6,186),(145912888,'2018-01-29 11:59:25',405,10,5733),(145932036,'2018-06-23 17:49:07',3,7,9817),(146089822,'2018-10-13 00:54:16',239,8,2231),(146306867,'2018-07-31 04:00:44',485,7,4482),(146523079,'2018-03-09 20:11:51',227,6,1472),(146544702,'2018-09-05 02:10:28',412,7,8095),(146887164,'2018-12-30 12:26:46',450,4,3873),(146944419,'2018-12-05 08:35:43',158,3,1851),(147021940,'2018-08-11 07:34:30',305,4,9103),(147053579,'2018-12-27 09:58:40',464,1,8752),(147529323,'2018-02-22 11:40:31',31,5,134),(147585098,'2018-10-25 17:48:14',162,2,3407),(147872300,'2018-09-18 20:15:29',403,3,508),(147944291,'2018-06-24 04:34:11',30,7,1508),(147955283,'2018-02-03 14:46:28',122,8,2995),(148227773,'2018-06-16 13:37:07',91,7,6718),(148330624,'2018-05-26 12:49:24',477,6,7487),(148576247,'2018-12-25 02:04:11',434,2,9220),(148577993,'2018-10-19 20:22:13',33,7,9815),(148709079,'2018-02-18 01:10:34',273,9,6875),(149000132,'2018-05-14 19:49:20',206,5,1058),(149635248,'2018-02-26 00:06:31',324,3,2994),(149781033,'2018-08-28 17:54:04',423,7,6004),(149834298,'2018-07-08 01:01:01',183,8,1030),(150386806,'2018-03-22 12:08:44',425,2,3272),(150413335,'2018-04-11 17:15:51',427,7,4033),(150444069,'2018-04-16 05:09:36',200,5,7802),(150574470,'2018-09-03 19:04:27',489,1,9267),(150986114,'2018-09-30 18:22:00',385,6,6802),(151620110,'2018-09-24 12:18:41',46,3,4300),(151646037,'2018-11-17 01:01:45',386,3,1150),(151777729,'2018-09-17 22:17:12',186,10,9532),(151976736,'2018-04-30 20:16:38',360,6,6258),(152318770,'2018-12-13 00:28:48',473,10,1388),(152683416,'2018-05-27 20:16:23',369,3,7168),(152718266,'2018-07-28 03:12:21',240,3,4685),(152796597,'2018-09-13 23:24:25',217,3,4484),(153177478,'2018-08-02 03:58:06',305,7,4670),(153711313,'2018-09-28 23:18:55',254,4,270),(153725446,'2018-05-24 11:57:33',314,8,9691),(153996611,'2018-01-24 14:23:37',261,5,5518),(154323262,'2018-03-01 17:20:11',423,7,8648),(154583973,'2018-03-23 15:59:12',67,10,3929),(155166027,'2018-08-17 01:50:49',395,2,750),(155943484,'2018-02-15 17:43:19',277,10,9014),(155973322,'2018-01-07 21:23:06',66,9,9457),(156037559,'2018-05-13 22:43:54',422,2,4676),(156146149,'2018-11-23 18:37:41',271,4,6910),(156314088,'2018-03-07 00:50:14',338,8,2512),(156366412,'2018-03-26 16:32:40',492,10,8449),(156530366,'2018-05-16 16:26:51',465,10,8424),(156586452,'2018-09-04 01:49:02',153,4,7529),(156712802,'2018-09-05 08:29:34',201,5,7471),(156785750,'2018-03-03 14:44:31',472,1,2185),(157009239,'2018-12-17 06:36:50',186,3,7798),(157032606,'2018-03-13 20:35:25',199,7,5563),(157085286,'2018-08-19 02:53:18',390,7,8680),(157190222,'2018-09-04 05:08:43',200,7,5228),(157251828,'2018-12-29 22:29:17',493,5,2970),(157887819,'2018-01-16 03:51:22',480,2,1924),(157926432,'2018-02-25 00:57:30',259,9,6636),(158058211,'2018-02-03 10:11:14',320,9,2524),(158079532,'2018-05-01 04:08:13',381,5,3053),(158988301,'2018-04-07 22:33:44',370,3,913),(158991562,'2018-03-18 08:18:16',422,9,473),(159468985,'2018-08-19 06:25:27',277,6,7665),(159663270,'2018-05-07 22:31:02',13,2,128),(159753289,'2018-05-13 09:24:56',17,4,6536),(159794861,'2018-09-13 20:24:16',351,7,9083),(160135984,'2018-08-02 07:34:24',9,1,2407),(160238015,'2018-07-12 06:26:47',460,8,4398),(160384733,'2018-12-20 07:44:04',151,6,2596),(160391483,'2018-02-10 02:39:02',323,10,7707),(160480747,'2018-11-03 22:14:24',496,9,7022),(160520890,'2018-09-27 08:35:25',491,3,7937),(160674275,'2018-12-26 20:10:07',496,3,7300),(160884058,'2018-12-23 12:47:18',415,8,6757),(161101986,'2018-05-11 04:27:58',201,10,8337),(161199839,'2018-08-27 11:40:31',11,5,5323),(161305780,'2018-02-22 16:20:03',303,1,7683),(161525365,'2018-07-07 19:37:47',199,4,5001),(161563075,'2018-03-31 08:15:16',18,8,3879),(161708909,'2018-10-06 07:47:12',168,3,4562),(161881782,'2018-03-20 00:39:05',346,6,7051),(161901249,'2018-02-06 17:50:05',170,1,5995),(162658961,'2018-11-29 01:41:11',87,3,3956),(163059708,'2018-09-24 10:19:38',238,6,7019),(163199237,'2018-06-28 18:19:25',355,4,7436),(163316434,'2018-08-11 12:15:57',87,1,4423),(163382904,'2018-02-06 20:30:02',148,8,6580),(163538789,'2018-05-14 18:35:38',139,6,4469),(163579088,'2018-11-01 15:02:49',113,9,5943),(163714578,'2018-08-12 22:27:26',169,7,5074),(163948426,'2018-10-12 21:11:28',302,10,1616),(164121541,'2018-10-10 18:17:36',167,1,3680),(164237333,'2018-10-23 22:15:30',454,5,898),(164300018,'2018-05-09 03:00:13',477,3,3685),(164486849,'2018-02-15 15:40:11',391,5,8260),(164555691,'2018-03-24 03:22:10',232,4,8123),(164670826,'2018-01-24 06:49:11',385,8,3827),(165297172,'2018-12-07 16:06:16',109,2,7050),(165917072,'2018-02-05 14:46:55',360,1,1335),(166211099,'2018-07-28 01:44:29',226,9,3987),(166224133,'2018-02-27 00:42:07',379,3,8555),(166237903,'2018-11-18 15:09:16',226,6,1800),(166287075,'2018-10-25 08:08:34',182,5,6013),(166755859,'2018-07-28 00:10:41',498,5,5570),(166800606,'2018-05-27 11:01:09',205,8,1491),(167165951,'2018-02-20 07:27:29',99,7,5345),(167201477,'2018-01-14 12:34:26',250,2,64),(167585014,'2018-05-26 17:16:17',484,7,2816),(167598884,'2018-07-29 09:15:49',160,9,3496),(167709813,'2018-04-05 14:17:18',445,10,2439),(168291261,'2018-07-08 03:51:04',83,7,8842),(168363671,'2018-02-10 19:44:15',311,7,6234),(168756512,'2018-04-28 14:54:53',263,9,291),(168826392,'2018-08-09 06:25:57',445,7,5664),(168858303,'2018-08-04 09:23:18',424,6,5447),(169253214,'2018-06-28 11:49:18',143,9,3409),(169648797,'2018-06-05 00:43:38',105,10,1716),(169858506,'2018-06-09 20:00:26',397,9,3669),(169950520,'2018-05-13 20:58:59',85,10,5499),(170099876,'2018-04-29 05:59:32',426,7,6110),(170321339,'2018-05-13 02:29:52',123,5,6980),(170382471,'2018-01-06 23:30:15',386,9,9336),(170497314,'2018-05-28 23:53:12',66,4,8659),(170595811,'2018-11-03 13:42:33',408,8,6498),(171069104,'2018-11-15 14:08:55',457,5,2630),(171690828,'2018-12-30 20:37:57',193,8,7136),(171854763,'2018-07-27 05:51:14',39,9,9840),(172118877,'2018-05-10 13:19:47',462,3,2901),(172203576,'2018-08-21 07:21:59',223,10,2025),(172205761,'2018-05-26 18:02:16',416,5,1842),(172241385,'2018-12-31 15:56:28',457,6,9667),(172646294,'2018-03-16 06:38:15',388,6,7647),(172893176,'2018-06-18 09:44:11',178,3,1831),(173003678,'2018-11-27 16:41:01',51,2,8723),(173226522,'2018-09-06 07:40:04',101,4,7353),(173283427,'2018-02-18 10:54:29',361,9,4569),(173569096,'2018-12-12 11:53:53',352,2,2758),(173770513,'2018-10-16 14:51:36',484,10,9589),(173919267,'2018-10-07 01:33:15',327,10,6982),(173929632,'2018-01-11 20:12:24',378,10,9160),(173988402,'2018-08-03 21:57:37',332,5,5865),(174120815,'2018-06-13 19:44:21',269,4,1028),(174271263,'2018-02-03 14:32:53',147,7,5259),(174380370,'2018-09-15 03:43:45',407,6,3826),(174726628,'2018-07-26 09:33:57',103,4,7246),(175145514,'2018-06-01 15:36:39',2,3,8167),(175336141,'2018-10-29 08:07:51',403,5,7265),(175706144,'2018-07-27 07:54:13',121,5,3244),(175838224,'2018-03-03 19:29:52',483,8,4307),(175842259,'2018-12-15 23:36:11',71,10,6884),(175910604,'2018-07-12 02:00:17',38,8,1199),(176860734,'2018-03-31 08:58:57',388,3,3171),(177058108,'2018-09-10 09:57:19',252,6,4254),(177082766,'2018-05-27 22:37:55',324,1,3725),(177123531,'2018-09-18 07:37:28',304,6,7325),(177292298,'2018-04-20 18:21:24',64,10,3109),(177423456,'2018-10-25 03:57:12',151,7,7544),(177647261,'2018-05-02 03:46:20',177,2,1339),(177651437,'2018-03-21 19:18:51',325,1,7316),(178065606,'2018-12-17 15:00:09',47,7,4227),(178833613,'2018-04-11 14:52:37',150,9,9019),(178833894,'2018-08-28 20:44:50',201,8,9321),(178874025,'2018-07-08 22:06:19',41,8,9278),(179228799,'2018-11-30 14:22:34',246,5,4267),(179496973,'2018-08-22 08:20:33',225,10,1474),(179773234,'2018-02-14 11:07:58',128,7,5046),(180186828,'2018-07-18 19:54:43',105,7,6254),(180312903,'2018-03-27 14:47:54',152,8,1206),(180400263,'2018-11-24 00:36:04',391,10,7311),(180526256,'2018-07-05 23:07:59',451,5,2760),(180623429,'2018-09-17 06:59:44',377,6,3219),(180667070,'2018-11-14 21:56:20',240,6,7771),(180761813,'2018-04-10 13:10:16',115,6,8221),(181079011,'2018-01-04 02:28:15',361,8,5638),(181526684,'2018-10-17 12:58:55',177,6,7159),(181590674,'2018-07-29 22:28:56',114,3,6142),(181597340,'2018-01-19 15:57:13',342,8,4272),(181696492,'2018-06-27 13:21:29',465,3,5445),(181707293,'2018-04-24 18:09:54',224,6,8078),(181898205,'2018-12-04 21:41:18',475,8,7160),(181977370,'2018-05-08 17:09:36',496,1,6773),(182445978,'2018-05-08 17:46:43',168,10,7042),(182482016,'2018-11-17 20:01:44',259,7,430),(182890133,'2018-01-22 09:56:31',102,6,7035),(183143267,'2018-01-13 14:39:12',185,7,6052),(183229528,'2018-02-22 20:01:37',488,5,5797),(183407506,'2018-02-25 22:12:57',78,8,3313),(183927791,'2018-01-15 11:29:29',155,7,7984),(183940673,'2018-03-18 06:08:32',166,7,9232),(184181605,'2018-05-24 12:06:20',400,8,7181),(184376162,'2018-12-19 12:54:41',172,5,7383),(185424116,'2018-05-20 05:51:54',433,2,513),(185638092,'2018-09-20 01:59:05',369,3,1574),(185749632,'2018-04-09 06:32:14',491,3,7117),(185916724,'2018-12-12 08:19:12',154,8,2227),(185984184,'2018-10-09 16:58:25',244,8,3649),(186119617,'2018-06-12 19:39:44',71,10,1013),(186265590,'2018-01-30 03:57:45',27,8,2362),(186314653,'2018-10-10 11:26:36',131,7,797),(186871221,'2018-09-13 15:40:40',43,1,1317),(187027645,'2018-04-26 15:22:18',282,9,2281),(187147516,'2018-10-17 07:40:19',96,4,4411),(187234035,'2018-01-14 15:15:18',327,5,2226),(187498168,'2018-10-31 21:54:36',98,4,1538),(187535528,'2018-09-07 20:57:18',17,2,6365),(187656752,'2018-11-23 12:00:00',160,4,8480),(187779796,'2018-01-16 01:52:03',110,2,503),(187914205,'2018-09-03 00:12:10',477,5,9531),(187949278,'2018-05-30 16:15:42',114,1,9741),(187998291,'2018-10-01 11:13:45',119,6,3926),(188479725,'2018-07-23 17:41:51',50,9,3952),(188830153,'2018-09-24 16:23:31',385,3,2896),(189122656,'2018-04-08 13:16:34',307,6,9374),(189129433,'2018-10-13 17:03:22',403,5,5503),(189526361,'2018-02-26 00:42:53',346,1,4651),(189565598,'2018-06-08 15:29:00',318,7,5141),(189973940,'2018-06-13 00:23:37',302,8,6959),(190084338,'2018-03-07 04:08:10',277,1,231),(190644535,'2018-11-09 04:34:19',379,6,1501),(190669547,'2018-07-14 08:33:41',261,8,4378),(190962390,'2018-11-16 05:04:09',451,8,1965),(191109111,'2018-09-01 11:16:46',226,3,6042),(191303693,'2018-11-24 02:41:17',19,3,2576),(191358865,'2018-01-14 09:35:11',246,6,3531),(192054006,'2018-02-11 13:05:46',283,10,6152),(192178981,'2018-06-09 06:03:23',456,5,2129),(192499266,'2018-01-15 23:11:08',51,9,2708),(192517265,'2018-07-28 18:56:45',300,4,3793),(192564774,'2018-10-14 09:30:30',52,10,6371),(192607001,'2018-07-21 09:49:59',302,9,2392),(192676588,'2018-07-17 07:47:17',75,8,1387),(192718147,'2018-06-28 12:28:18',114,5,3460),(193311015,'2018-11-21 12:31:50',149,1,508),(193801158,'2018-11-16 21:05:13',158,9,1916),(193883650,'2018-03-21 15:33:45',38,8,7143),(193950398,'2018-06-17 09:33:19',147,9,4316),(194182323,'2018-06-16 01:19:31',56,5,1214),(194538950,'2018-11-07 02:34:31',59,8,6729),(194627650,'2018-01-22 08:31:40',133,5,6368),(194633173,'2018-11-21 10:20:00',178,4,2972),(194793367,'2018-03-05 13:43:31',238,7,3694),(194944334,'2018-08-05 08:56:45',499,6,1301),(195288193,'2018-07-10 16:08:56',136,5,7620),(195569498,'2018-01-05 16:11:00',74,9,554),(195650490,'2018-04-04 12:59:17',218,3,1475),(196017662,'2018-01-13 17:06:49',109,3,7497),(196397011,'2018-05-16 15:30:42',159,9,4680),(196656480,'2018-12-28 20:02:24',186,3,1322),(196890380,'2018-09-17 19:13:03',198,8,5678),(197374573,'2018-08-14 14:55:04',265,2,2080),(197772353,'2018-05-15 06:26:07',326,6,6310),(197861815,'2018-04-07 20:20:18',466,3,1702),(197889602,'2018-05-07 10:01:20',159,10,5077),(198186913,'2018-10-19 01:23:27',71,4,4924),(198253297,'2018-12-04 10:24:48',427,7,8452),(198259899,'2018-10-05 15:58:08',253,5,3439),(198510654,'2018-10-10 16:42:21',488,1,5205),(198586919,'2018-02-19 20:00:13',229,3,5955),(198764704,'2018-10-17 21:24:06',88,1,3716),(199486826,'2018-07-26 11:26:50',157,4,8131),(199496465,'2018-11-01 09:16:15',317,10,8378),(199674487,'2018-03-05 10:50:12',48,6,4540),(200321788,'2018-10-10 02:49:54',452,2,3865),(200363471,'2018-06-18 06:07:29',208,8,3720),(200450535,'2018-05-10 19:46:18',123,1,2104),(200950124,'2018-10-13 23:50:03',434,7,18),(201264142,'2018-02-22 21:49:02',59,1,2710),(201345546,'2018-05-10 11:51:53',302,10,4380),(201479316,'2018-05-03 20:31:32',297,8,1594),(201766525,'2018-11-22 14:18:12',372,7,6665),(202284099,'2018-10-06 03:14:47',117,3,873),(202694581,'2018-06-08 18:38:28',475,4,1683),(203281241,'2018-01-13 22:03:59',342,8,4956),(203510930,'2018-07-19 09:44:51',454,1,3209),(203965762,'2018-02-04 19:36:44',114,9,2273),(204025907,'2018-10-16 14:26:45',175,4,7688),(204768104,'2018-10-21 23:14:08',466,1,3898),(205190602,'2018-03-26 12:47:48',49,3,6462),(205664231,'2018-11-26 09:16:07',333,4,3721),(205713754,'2018-06-06 01:20:43',231,7,9866),(205818722,'2018-06-20 11:56:01',52,8,6944),(205903706,'2018-10-15 06:23:41',237,1,6174),(205998115,'2018-01-31 17:42:06',369,3,9207),(206266811,'2018-07-06 03:26:27',27,3,3956),(206280018,'2018-02-12 05:10:16',281,6,8331),(206641513,'2018-12-06 22:32:23',264,8,2233),(207351483,'2018-08-29 07:58:35',182,2,4546),(207476871,'2018-06-09 02:50:35',57,9,9989),(207532235,'2018-10-16 16:18:06',246,1,4700),(207806847,'2018-05-08 07:34:14',89,8,9201),(207993288,'2018-09-20 15:52:05',404,4,8235),(208003973,'2018-12-22 02:49:01',377,4,3343),(208131488,'2018-03-28 18:58:30',291,9,1092),(208177934,'2018-09-09 18:48:28',224,4,3728),(208204609,'2018-05-31 21:26:10',39,2,7332),(208247332,'2018-09-03 07:47:09',458,7,7815),(208703209,'2018-06-22 00:18:27',16,3,2537),(208934276,'2018-01-27 14:41:36',409,5,1003),(209315047,'2018-09-23 14:06:54',185,4,1021),(209322174,'2018-06-08 06:37:54',174,4,5252),(209359535,'2018-11-22 13:59:07',372,2,2233),(209506918,'2018-10-31 16:12:02',461,10,7673),(209512155,'2018-05-08 05:50:08',428,8,3668),(209735737,'2018-06-08 07:20:05',20,2,9875),(209903047,'2018-06-29 16:51:52',112,6,6341),(210158645,'2018-07-08 18:24:00',182,7,2436),(210192724,'2018-06-23 11:59:17',324,6,989),(210261529,'2018-04-18 01:09:19',77,3,171),(210438518,'2018-04-06 19:15:45',62,8,6320),(210452336,'2018-09-23 19:18:46',488,5,9840),(210802124,'2018-05-03 00:22:05',333,5,4421),(211672148,'2018-06-16 08:19:34',185,5,1997),(211703984,'2018-12-14 09:29:16',424,3,288),(211838817,'2018-04-10 05:24:35',42,8,8525),(211876456,'2018-11-15 21:12:23',475,10,8552),(212160330,'2018-11-14 18:55:08',152,1,9416),(212382230,'2018-06-12 01:46:20',49,9,6665),(212686836,'2018-04-09 10:42:14',345,3,2054),(212918419,'2018-10-03 02:56:07',355,7,1327),(212950586,'2018-04-22 11:14:56',34,5,7943),(213016208,'2018-10-10 07:54:16',317,7,6623),(213134985,'2018-05-23 21:56:49',268,8,9135),(213164748,'2018-02-21 03:10:16',2,8,9468),(213203827,'2018-07-05 00:30:43',204,6,6210),(213208151,'2018-12-26 06:54:58',180,7,3260),(213210833,'2018-12-05 04:51:23',181,9,119),(213292660,'2018-02-08 10:39:34',390,8,4782),(213327976,'2018-03-14 23:16:55',28,6,6505),(213351322,'2018-10-26 11:01:08',292,2,5195),(213403514,'2018-02-09 02:12:02',96,2,9869),(213602447,'2018-01-03 02:16:04',92,5,8177),(213671804,'2018-11-17 05:21:14',70,4,3639),(213766456,'2018-06-16 17:28:45',252,4,6448),(213863636,'2018-02-16 23:20:48',230,2,4045),(213918349,'2018-05-28 07:46:34',262,1,4969),(214059879,'2018-07-16 15:32:14',5,1,7553),(215054778,'2018-08-02 12:05:14',14,9,244),(215279870,'2018-05-21 22:32:47',103,9,3667),(215296802,'2018-03-08 20:57:40',489,9,5587),(215419728,'2018-06-12 05:58:57',86,7,5772),(215719332,'2018-01-10 12:57:19',188,2,6909),(215908976,'2018-04-16 11:28:27',347,1,7880),(215931934,'2018-09-16 22:47:22',133,8,1070),(215933613,'2018-03-06 17:04:17',316,1,7876),(215955045,'2018-11-20 11:20:57',324,9,3380),(216088947,'2018-02-08 22:32:06',377,9,4376),(216290488,'2018-10-09 18:56:51',415,3,6869),(216408333,'2018-02-22 22:27:03',209,4,7985),(216444815,'2018-12-08 06:46:36',172,1,4267),(216711622,'2018-12-29 01:31:36',486,3,2417),(216958271,'2018-03-15 20:31:09',444,8,6009),(216971019,'2018-06-19 17:13:32',311,1,5776),(217158554,'2018-09-22 07:44:57',420,7,9527),(217502320,'2018-07-30 21:17:39',162,3,6074),(218192266,'2018-12-26 13:17:14',119,2,736),(218350074,'2018-01-17 16:39:32',185,2,6861),(218379243,'2018-11-13 19:25:45',336,5,695),(218552224,'2018-01-12 03:33:30',266,1,5597),(218558072,'2018-02-04 12:43:03',241,4,3656),(218690661,'2018-12-24 01:18:42',199,10,8591),(218799876,'2018-09-19 12:05:41',226,3,7084),(219329190,'2018-01-05 06:47:51',237,9,7898),(219351220,'2018-12-08 06:44:03',440,2,3904),(219365056,'2018-08-24 12:01:04',115,9,2104),(219480282,'2018-05-13 20:06:56',468,6,3015),(219657529,'2018-04-13 01:27:52',119,7,9814),(219783110,'2018-02-23 23:15:43',209,8,7249),(219912665,'2018-08-23 20:10:25',451,3,9763),(220128620,'2018-04-08 23:15:05',472,2,9143),(220168907,'2018-04-17 19:47:27',8,9,4016),(220267142,'2018-04-19 19:24:37',52,3,8840),(220398645,'2018-01-02 11:45:13',315,2,9384),(220435059,'2018-08-07 21:17:03',402,8,489),(220508493,'2018-05-29 01:29:01',484,1,5972),(220514401,'2018-11-15 23:27:42',190,7,7854),(220515551,'2018-12-17 03:01:26',454,6,4860),(220728058,'2018-12-19 19:27:53',431,10,1989),(220766256,'2018-12-13 04:20:37',39,3,6522),(221072504,'2018-06-10 03:54:54',301,4,1510),(221154308,'2018-07-24 23:27:08',359,5,6732),(221181033,'2018-02-25 04:51:53',444,3,3612),(221218088,'2018-07-21 03:31:11',198,7,973),(221228148,'2018-07-08 10:14:11',135,9,517),(221316096,'2018-02-21 14:01:40',430,10,9375),(221457266,'2018-09-17 10:46:40',468,8,9857),(221462699,'2018-07-03 13:53:57',125,4,3094),(221813645,'2018-05-21 03:26:57',25,6,2053),(221952868,'2018-01-02 16:45:06',472,6,6771),(222007648,'2018-11-06 05:16:26',32,9,934),(222211892,'2018-05-09 17:39:49',383,5,7720),(222427064,'2018-01-25 14:22:18',401,10,6742),(222847115,'2018-06-10 19:25:06',60,5,7896),(222945561,'2018-06-21 03:12:12',178,9,6365),(223011811,'2018-09-09 22:54:10',73,8,2898),(223214699,'2018-08-16 14:22:36',284,5,1467),(223440086,'2018-06-02 01:48:50',86,6,23),(223531726,'2018-03-26 14:49:01',176,1,4228),(223841568,'2018-10-28 00:08:53',206,10,1058),(223968787,'2018-06-25 15:56:16',31,8,6519),(224034330,'2018-12-28 15:26:00',26,8,7976),(224276876,'2018-09-18 03:35:08',223,5,5874),(224352633,'2018-05-11 12:20:34',185,10,2825),(224373332,'2018-10-20 17:26:40',279,3,6598),(224532374,'2018-06-15 11:52:07',121,9,7463),(224977382,'2018-08-01 13:29:54',205,9,4917),(225312711,'2018-09-23 09:21:49',228,10,8726),(225558375,'2018-01-31 05:19:10',197,5,9722),(225836471,'2018-02-21 03:44:02',255,8,7917),(225859520,'2018-08-18 21:36:57',175,2,2538),(225889736,'2018-03-13 00:20:06',349,9,1637),(226049135,'2018-07-10 04:04:34',95,10,3731),(226384296,'2018-01-04 22:33:37',259,3,4150),(226524703,'2018-02-04 13:49:33',361,8,5406),(226725933,'2018-09-18 00:48:46',221,10,5705),(226928358,'2018-05-25 09:59:26',382,3,8322),(226997217,'2018-04-24 21:44:10',367,2,9613),(227653104,'2018-01-09 16:46:12',436,9,891),(227788894,'2018-04-12 10:19:40',55,10,2474),(227889467,'2018-03-22 19:24:00',454,5,764),(227953830,'2018-02-19 21:01:12',12,5,6455),(227980595,'2018-01-20 04:02:31',250,7,7344),(228012644,'2018-03-23 10:43:05',437,3,8272),(228253032,'2018-11-02 07:59:36',135,7,5987),(228701020,'2018-07-28 20:38:09',495,10,196),(228931434,'2018-11-26 06:01:00',144,1,4190),(229538645,'2018-11-02 11:35:44',223,1,9270),(230155568,'2018-10-17 22:24:19',50,10,7854),(230386646,'2018-01-29 23:59:53',65,10,1484),(230416785,'2018-12-08 05:49:50',179,5,690),(230455644,'2018-02-21 15:38:01',94,10,7710),(230615278,'2018-01-15 08:34:35',129,7,229),(231083522,'2018-04-11 17:06:15',49,3,8938),(231132641,'2018-08-25 06:13:18',385,7,5494),(231174680,'2018-06-20 09:07:59',1,8,3326),(231253554,'2018-02-13 19:29:17',468,2,53),(231716636,'2018-01-09 06:51:50',50,7,2307),(231786240,'2018-10-28 06:59:04',235,1,9003),(231946049,'2018-12-14 02:52:36',486,2,1349),(232383488,'2018-08-07 12:54:45',370,2,8310),(232496152,'2018-11-06 08:26:19',167,2,6185),(232571390,'2018-11-10 08:20:30',302,5,1853),(232577537,'2018-11-20 21:49:32',403,5,3937),(232887209,'2018-03-23 06:47:25',274,5,468),(233144305,'2018-07-11 18:52:34',325,7,7912),(233306583,'2018-12-22 15:20:54',86,9,648),(233458252,'2018-01-01 16:48:36',223,7,1679),(233914259,'2018-07-15 18:43:50',217,9,7920),(234022851,'2018-03-05 08:19:59',497,6,6862),(234089353,'2018-06-09 21:42:18',292,2,7659),(234245747,'2018-12-19 07:57:46',415,10,4334),(234442727,'2018-05-14 18:43:27',454,8,6147),(234986738,'2018-12-03 02:42:00',49,1,1734),(235173158,'2018-09-19 19:55:14',429,6,3326),(235403357,'2018-02-12 09:54:45',258,9,9802),(235845877,'2018-01-24 06:36:28',69,6,5269),(236001872,'2018-04-23 20:29:49',217,3,497),(236335808,'2018-04-08 17:23:27',283,10,5972),(236553157,'2018-11-25 12:00:47',149,4,4725),(236677307,'2018-01-22 18:16:24',278,6,1459),(236831850,'2018-12-12 05:48:50',364,9,4664),(236947366,'2018-11-13 08:09:59',81,8,2869),(236974174,'2018-06-27 08:05:52',405,1,8926),(237052097,'2018-10-27 15:05:17',79,3,6869),(237183369,'2018-07-24 18:02:58',472,6,7798),(237310248,'2018-07-15 11:41:14',365,8,3172),(237417416,'2018-05-30 12:55:49',168,10,9276),(237602698,'2018-11-07 03:05:37',302,7,2367),(237680652,'2018-11-07 16:37:20',484,7,8418),(238045244,'2018-03-22 21:13:20',235,7,1677),(238628359,'2018-08-17 10:51:47',142,2,6883),(238655885,'2018-06-12 02:55:10',89,9,9968),(238682209,'2018-02-01 20:56:52',239,10,5148),(238879511,'2018-08-07 00:26:10',295,2,9853),(238972408,'2018-11-24 23:57:47',377,8,1878),(239024420,'2018-06-07 09:10:04',162,8,3180),(239069482,'2018-05-03 18:38:58',468,2,7284),(239780475,'2018-02-20 21:37:01',153,6,1237),(239781998,'2018-07-08 07:49:05',236,3,6871),(239973357,'2018-09-29 12:14:17',65,8,3398),(240146909,'2018-06-18 05:18:58',249,6,6183),(240146977,'2018-10-08 04:13:00',349,3,8271),(240147794,'2018-07-15 00:20:40',454,5,7817),(240390591,'2018-09-10 20:15:40',448,5,3868),(240711108,'2018-05-24 06:04:16',144,4,4896),(241189781,'2018-09-18 04:35:04',253,6,9565),(241919852,'2018-01-10 20:49:48',445,3,9320),(241986132,'2018-06-09 18:10:58',231,7,9523),(242049569,'2018-08-09 03:43:01',275,6,211),(242128513,'2018-02-01 09:12:33',387,5,1927),(242857213,'2018-07-16 16:27:55',371,10,4483),(242932404,'2018-01-17 21:21:23',317,4,1229),(243262574,'2018-07-19 14:09:12',361,8,4656),(243497131,'2018-08-19 03:41:24',365,5,6155),(243528499,'2018-12-17 03:19:20',124,4,2014),(243579665,'2018-12-02 18:39:31',249,9,9375),(243656804,'2018-10-07 22:56:28',154,3,9651),(243866241,'2018-02-12 14:15:32',294,6,5047),(243868073,'2018-04-02 01:37:24',180,10,7002),(244396530,'2018-07-13 19:37:04',193,9,4474),(244596190,'2018-11-12 06:25:06',319,10,7964),(244682022,'2018-07-05 04:29:02',233,7,2328),(244876780,'2018-07-12 17:28:15',351,5,1940),(245089985,'2018-11-22 19:47:39',171,3,6754),(245115554,'2018-11-19 13:28:19',376,2,1809),(245128408,'2018-05-26 12:51:18',370,5,7719),(245172776,'2018-03-12 05:00:42',100,5,2459),(245285489,'2018-09-24 16:27:20',166,8,419),(245350476,'2018-12-13 04:20:42',156,3,3763),(245353038,'2018-09-01 12:17:51',151,10,2355),(245527156,'2018-09-18 17:07:25',202,9,399),(245585578,'2018-07-10 02:36:09',152,5,8713),(245592386,'2018-10-23 20:48:06',20,5,3710),(245618158,'2018-12-12 19:05:35',358,1,3976),(245627091,'2018-02-13 08:29:47',34,8,1837),(246181055,'2018-11-24 09:54:33',94,6,5269),(246219592,'2018-03-18 02:50:17',312,9,7386),(246301571,'2018-06-01 00:57:34',309,2,1888),(246927084,'2018-03-11 05:57:04',80,2,3564),(247013146,'2018-11-03 23:24:59',50,3,343),(247189985,'2018-06-18 21:41:24',31,5,8327),(247225490,'2018-01-14 15:34:39',140,7,428),(247279956,'2018-12-02 10:08:43',232,8,5225),(247739222,'2018-02-20 18:37:32',299,6,9501),(247860810,'2018-10-01 15:26:48',166,8,2515),(248150529,'2018-08-07 03:25:53',167,1,7214),(248310025,'2018-12-08 17:23:14',57,2,302),(248651983,'2018-07-22 05:24:44',247,9,9364),(249216525,'2018-10-21 21:24:27',310,7,2730),(249343357,'2018-10-25 22:57:58',191,4,7862),(249468757,'2018-08-28 03:38:14',90,8,481),(249554205,'2018-05-24 08:55:32',426,9,2025),(249574886,'2018-05-17 14:52:26',150,1,5751),(249782872,'2018-07-31 08:20:58',319,6,9173),(249954808,'2018-10-12 05:08:40',356,1,8630),(250249674,'2018-06-28 04:43:18',405,3,8945),(250330968,'2018-05-12 12:18:27',204,6,8823),(250707604,'2018-11-10 07:31:10',497,7,6725),(251144044,'2018-01-04 03:39:15',13,2,1165),(251145379,'2018-10-04 06:01:14',19,8,5890),(251416187,'2018-10-18 07:23:42',71,7,3530),(251525756,'2018-11-09 21:18:49',167,10,5064),(251575733,'2018-04-30 01:25:51',415,1,5778),(251595467,'2018-03-11 03:38:43',494,4,6815),(251816321,'2018-09-22 02:43:55',191,9,2767),(251909171,'2018-09-11 22:21:39',322,9,1688),(252049435,'2018-12-12 04:48:46',498,8,5967),(252488285,'2018-10-13 02:38:58',453,9,4616),(252513635,'2018-08-26 18:17:06',71,10,895),(252647073,'2018-09-07 14:12:49',225,1,389),(252754045,'2018-06-21 00:25:54',246,2,3717),(252818726,'2018-09-02 07:19:28',264,10,8199),(252845044,'2018-04-23 19:30:38',338,1,5853),(252948287,'2018-04-08 13:09:23',86,7,7889),(253165018,'2018-07-08 07:08:27',183,7,8204),(253264553,'2018-06-14 11:08:44',282,10,3457),(253299467,'2018-08-16 05:34:27',95,9,2705),(253383527,'2018-02-12 15:52:55',446,5,4434),(253541113,'2018-10-14 23:10:14',444,6,94),(253582073,'2018-08-06 11:49:45',488,10,4496),(253585437,'2018-04-22 04:04:28',356,9,7025),(253608033,'2018-12-14 13:14:07',226,10,7904),(253853340,'2018-10-15 03:58:19',346,6,7338),(253960637,'2018-11-04 10:47:45',9,5,8227),(253982640,'2018-10-23 16:51:58',168,5,9914),(254198012,'2018-12-20 00:21:22',377,4,5419),(254218130,'2018-09-13 20:10:43',233,7,8095),(254268837,'2018-03-18 00:14:34',328,7,1890),(254522082,'2018-09-14 18:38:37',29,10,5749),(254638408,'2018-10-10 02:19:55',451,5,53),(254990315,'2018-06-19 09:27:03',456,9,5025),(255277625,'2018-07-04 11:10:15',37,7,7092),(255311373,'2018-04-10 21:19:56',272,8,6633),(255341359,'2018-11-23 17:53:59',316,5,7508),(255497161,'2018-07-28 16:32:02',158,10,4266),(255752871,'2018-07-07 18:12:42',420,5,2886),(256187802,'2018-02-21 19:45:18',250,6,371),(256224512,'2018-06-22 02:32:58',247,8,8459),(256307000,'2018-12-09 17:10:02',315,8,8769),(256421736,'2018-04-04 03:58:10',321,8,5293),(256630185,'2018-06-04 19:33:23',7,9,6384),(256767442,'2018-08-04 08:42:21',82,6,3234),(256910957,'2018-09-15 09:42:28',407,4,8320),(257041008,'2018-06-07 13:05:24',231,5,5562),(257089143,'2018-05-14 20:56:17',117,4,5722),(257919951,'2018-07-23 12:21:37',327,10,3034),(257939101,'2018-05-18 00:20:49',238,3,3556),(258180486,'2018-08-29 11:44:16',479,6,1854),(258371102,'2018-09-20 13:39:30',170,8,8064),(258582532,'2018-12-08 04:05:54',438,8,5127),(258749630,'2018-10-07 20:00:51',267,7,4195),(259040385,'2018-07-20 15:28:59',287,1,2898),(259296566,'2018-12-05 16:27:36',205,6,1832),(259305586,'2018-09-13 14:04:07',242,2,799),(259464750,'2018-03-24 08:00:55',60,6,5683),(259758799,'2018-03-13 00:53:52',118,4,7800),(260525019,'2018-01-07 18:11:58',37,1,8595),(260656927,'2018-10-26 03:34:41',39,9,585),(260919712,'2018-10-16 02:05:45',252,7,1360),(260971834,'2018-01-21 22:03:23',430,5,597),(261632082,'2018-04-11 08:03:27',196,6,3558),(261765328,'2018-07-08 00:16:06',55,8,2308),(261832888,'2018-04-02 13:07:14',277,7,5154),(261841455,'2018-10-16 13:40:57',69,2,190),(261842100,'2018-01-28 08:56:08',235,3,6275),(261907628,'2018-02-08 14:51:57',27,4,4224),(262194443,'2018-04-26 16:38:00',54,3,8414),(262343064,'2018-06-15 09:01:15',362,8,5759),(262406574,'2018-05-27 05:58:29',81,8,2238),(262568056,'2018-10-13 16:40:41',340,8,5936),(263875284,'2018-06-29 07:07:04',277,4,5859),(263910290,'2018-06-19 10:18:12',102,9,1988),(264092514,'2018-06-22 23:25:46',269,10,6482),(264215016,'2018-06-07 10:10:49',90,7,3975),(264385341,'2018-02-05 05:38:25',394,7,512),(264510829,'2018-07-01 04:05:57',210,8,1443),(264730701,'2018-11-09 00:26:08',11,6,9362),(264769156,'2018-03-04 12:51:07',197,2,1939),(265083104,'2018-05-27 12:51:54',261,2,598),(265485328,'2018-10-25 16:16:59',267,6,6308),(265678488,'2018-05-05 09:04:42',87,1,2604),(265696921,'2018-03-30 06:30:40',363,5,6268),(265720343,'2018-03-14 01:57:06',427,10,4582),(265767885,'2018-09-07 18:13:27',44,2,1365),(265838154,'2018-05-22 09:03:38',409,1,1969),(265995234,'2018-07-09 20:48:52',473,9,1410),(266125626,'2018-10-04 13:07:24',138,10,6486),(266153239,'2018-02-04 05:17:40',164,7,1486),(266174251,'2018-05-03 05:17:37',133,9,5335),(266200723,'2018-09-05 19:28:04',500,1,5318),(266233934,'2018-08-28 08:12:03',372,7,9358),(266331516,'2018-04-25 05:42:50',39,8,7677),(266537934,'2018-08-07 09:55:57',10,4,4066),(266751684,'2018-04-06 18:18:32',361,4,8600),(266841587,'2018-01-01 14:04:14',236,1,191),(266906488,'2018-04-19 00:11:08',271,4,2111),(267139325,'2018-01-19 12:50:48',299,8,3453),(267146308,'2018-06-26 23:13:21',130,10,9612),(267215584,'2018-09-22 14:14:41',443,10,381),(267295097,'2018-08-02 21:17:35',424,7,6708),(267330756,'2018-11-01 18:53:23',303,8,2311),(267365348,'2018-11-27 10:01:43',371,2,7624),(267741695,'2018-08-20 01:03:30',347,1,30),(268101304,'2018-11-06 02:17:10',34,8,1171),(268156396,'2018-02-03 22:55:15',288,8,9719),(268833733,'2018-08-07 16:53:30',75,6,6838),(268901626,'2018-05-20 00:49:01',226,7,9380),(268931323,'2018-03-15 08:34:27',62,4,5871),(268935173,'2018-11-30 08:06:59',147,9,5579),(269006142,'2018-11-16 11:57:11',130,1,1587),(269024532,'2018-12-27 17:47:21',486,5,4939),(269140502,'2018-06-15 12:54:22',233,5,3862),(269184669,'2018-06-30 23:26:22',329,7,224),(269249893,'2018-12-23 09:12:54',266,2,1089),(269340193,'2018-05-22 17:25:22',32,4,6793),(269456688,'2018-01-14 21:24:39',342,3,329),(269608261,'2018-02-21 03:07:57',231,2,3251),(269800520,'2018-02-21 07:37:36',316,7,2471),(269891112,'2018-03-29 20:34:55',156,10,8107),(270073567,'2018-06-14 08:11:00',274,9,8974),(270135011,'2018-08-29 10:26:26',373,1,619),(270275382,'2018-09-17 00:00:56',395,6,4074),(270315488,'2018-02-08 09:21:26',419,6,7633),(270405931,'2018-10-15 19:48:39',424,7,3858),(270746734,'2018-05-10 01:55:41',42,1,9745),(270762560,'2018-02-06 06:41:03',379,5,2249),(270891713,'2018-01-15 13:00:21',16,5,2513),(270894089,'2018-10-13 18:53:44',307,10,4377),(270924553,'2018-12-31 20:07:59',97,8,610),(271317322,'2018-10-16 19:04:53',143,10,7948),(271318088,'2018-01-20 04:17:00',128,8,5931),(271416176,'2018-01-06 21:20:04',368,6,4970),(271505029,'2018-08-11 21:42:20',342,4,8138),(271525457,'2018-07-09 16:37:26',282,3,5669),(271693051,'2018-07-24 01:35:59',282,10,2547),(271915539,'2018-04-21 17:46:36',305,7,4427),(273408001,'2018-07-27 03:16:29',314,3,1174),(273536435,'2018-05-19 08:04:37',193,8,1017),(273938485,'2018-04-27 22:26:02',137,7,8950),(274117834,'2018-04-06 05:37:07',402,10,3319),(274230234,'2018-04-27 00:35:33',271,4,200),(274280296,'2018-05-22 16:49:22',15,6,4787),(274534633,'2018-01-20 14:02:21',434,7,879),(274539055,'2018-03-19 01:22:44',219,2,9257),(274560381,'2018-11-18 15:20:53',427,6,6320),(274576601,'2018-11-20 12:24:03',280,6,5501),(274652301,'2018-12-28 02:40:15',295,6,8021),(275112036,'2018-05-13 21:32:07',277,5,6343),(275355575,'2018-05-22 22:32:51',37,4,7814),(275520053,'2018-03-02 21:17:45',246,1,8412),(275548973,'2018-10-12 10:08:14',337,4,3125),(275903103,'2018-01-02 17:25:28',355,2,6899),(275906137,'2018-07-18 09:10:15',242,4,4239),(276374804,'2018-09-18 12:29:16',108,2,9703),(276525912,'2018-08-28 17:27:38',328,6,8549),(276586705,'2018-05-18 23:17:44',122,10,8684),(276938367,'2018-08-11 17:31:36',121,6,7054),(277032513,'2018-05-15 20:42:08',310,1,703),(277158566,'2018-01-22 15:13:27',266,1,2809),(277263079,'2018-06-03 12:26:16',427,5,960),(277287813,'2018-07-11 13:04:37',23,5,2970),(277419070,'2018-12-10 21:05:26',473,2,5884),(277513235,'2018-09-11 09:21:15',25,9,1295),(277582839,'2018-01-26 05:16:19',279,5,6450),(277697431,'2018-12-10 18:15:01',58,6,681),(277699523,'2018-04-02 09:20:15',223,3,568),(277990395,'2018-08-29 12:49:24',224,4,3121),(278086297,'2018-06-17 13:30:02',351,9,9591),(278187125,'2018-01-12 03:32:47',62,4,9615),(278765766,'2018-01-07 03:50:39',253,6,7065),(278783562,'2018-07-26 08:14:32',72,9,5177),(279108344,'2018-10-31 20:13:16',69,2,2690),(279454289,'2018-06-16 17:42:37',467,9,1395),(279556636,'2018-09-13 04:21:34',451,8,1166),(279627177,'2018-11-15 09:25:27',8,1,2876),(279631457,'2018-02-14 18:43:58',211,2,6998),(279697874,'2018-09-02 06:19:59',488,4,644),(280007817,'2018-07-06 11:53:39',414,5,9397),(280103364,'2018-02-14 15:27:56',432,2,3705),(280180049,'2018-10-04 07:03:13',98,1,3348),(280271410,'2018-01-03 18:43:12',32,6,2271),(280389407,'2018-08-01 05:20:34',82,6,9281),(280682788,'2018-09-28 17:26:10',182,5,5427),(280739418,'2018-11-23 10:55:58',461,1,5553),(281253988,'2018-03-04 22:42:08',163,2,8645),(281380258,'2018-12-16 14:10:06',366,1,3129),(281486965,'2018-08-16 01:27:28',445,5,1720),(281662150,'2018-01-13 13:20:25',41,6,5001),(281770143,'2018-01-05 13:06:04',144,1,9915),(281924840,'2018-11-29 07:38:15',117,2,3966),(282002547,'2018-10-20 17:40:16',158,3,4343),(282425439,'2018-04-01 05:50:47',339,3,8482),(282498757,'2018-05-02 23:33:34',122,3,1358),(282530330,'2018-02-15 06:01:32',334,6,4257),(282674589,'2018-04-26 22:29:20',446,2,8329),(283096523,'2018-01-18 06:41:30',227,6,426),(283487467,'2018-08-26 23:50:41',374,3,8044),(283489326,'2018-04-15 10:20:47',425,7,6469),(283695881,'2018-09-26 01:31:12',3,4,8456),(283796117,'2018-01-30 23:48:51',23,5,7724),(283987979,'2018-03-04 01:11:16',318,9,3353),(284053492,'2018-09-20 10:15:03',238,5,5483),(284484449,'2018-02-08 10:29:03',236,4,6218),(284843644,'2018-06-05 04:59:06',117,2,962),(284867853,'2018-08-17 14:18:58',106,8,6472),(285118281,'2018-12-31 13:13:51',237,3,6572),(285469200,'2018-03-02 02:27:06',185,8,212),(285609472,'2018-09-26 20:49:47',142,7,2392),(285620720,'2018-02-25 10:33:26',127,10,743),(285736789,'2018-12-01 21:13:44',37,9,8772),(285918961,'2018-03-28 00:45:34',92,6,8640),(286080120,'2018-06-27 20:20:18',67,8,6356),(286116848,'2018-03-18 17:41:23',49,2,859),(286290667,'2018-06-02 20:45:14',248,4,9414),(286296472,'2018-07-21 05:02:41',321,9,4302),(286312436,'2018-06-25 19:20:34',147,7,133),(286533784,'2018-01-23 11:35:20',297,1,2476),(286668437,'2018-12-09 13:56:59',69,2,6243),(286861953,'2018-05-21 16:41:03',443,8,9043),(286994298,'2018-03-24 05:46:40',297,10,9135),(287054351,'2018-10-17 22:38:27',101,10,5193),(287167576,'2018-01-07 17:04:13',35,3,2505),(287222393,'2018-01-21 03:39:47',322,10,368),(287267766,'2018-01-18 07:18:20',120,4,8428),(287570721,'2018-10-29 19:36:53',147,9,9402),(288129103,'2018-12-18 05:14:13',356,10,7965),(288505529,'2018-09-03 23:12:00',136,4,5933),(288558508,'2018-02-21 10:18:20',58,8,5049),(288598183,'2018-02-26 22:15:15',57,4,1809),(289011252,'2018-04-14 22:25:39',239,4,9450),(289215666,'2018-02-16 17:27:56',244,6,1679),(289560181,'2018-05-08 08:00:09',467,1,4048),(289838635,'2018-10-27 14:28:41',361,6,9935),(290019602,'2018-02-27 14:01:01',149,4,9249),(290316670,'2018-04-09 20:09:17',258,4,6336),(290398798,'2018-10-20 06:37:53',9,8,9334),(290672046,'2018-02-27 02:44:29',432,3,7345),(290722638,'2018-01-16 18:35:41',37,7,523),(290801791,'2018-11-14 07:29:26',85,3,7160),(291068418,'2018-06-09 19:06:37',431,8,6611),(291535050,'2018-06-26 18:38:48',198,5,6387),(291858095,'2018-09-06 17:30:34',421,2,9538),(292008045,'2018-07-23 11:30:20',394,3,7044),(292036402,'2018-07-26 23:12:14',426,10,5711),(292046437,'2018-11-04 09:24:45',194,9,8897),(292209816,'2018-09-02 18:47:04',235,3,4015),(292215789,'2018-10-04 08:46:12',405,9,1403),(292299444,'2018-04-21 20:45:36',277,7,2030),(292367605,'2018-12-16 13:05:53',163,3,3779),(292538362,'2018-02-28 01:22:45',372,1,4113),(293126363,'2018-10-21 02:48:14',473,4,1737),(293317023,'2018-07-24 08:39:40',280,7,3613),(293346891,'2018-12-01 12:17:57',160,5,3204),(293530982,'2018-07-02 05:24:59',145,4,7363),(293598175,'2018-02-19 02:46:57',398,4,3174),(293823610,'2018-05-08 15:04:03',481,6,6869),(293856870,'2018-11-15 21:37:20',185,4,8215),(294088096,'2018-02-14 22:54:16',89,6,526),(294096219,'2018-11-13 14:35:39',155,9,8970),(294328156,'2018-04-21 15:07:01',290,9,8725),(294454850,'2018-03-02 00:58:01',105,5,2633),(294799950,'2018-10-18 21:27:38',403,4,1792),(294936807,'2018-11-21 06:05:37',380,5,8636),(295284209,'2018-09-15 22:50:03',16,10,7457),(295330345,'2018-01-03 12:00:42',416,9,7381),(295340143,'2018-03-21 16:17:17',378,4,7959),(295396059,'2018-05-09 09:28:41',209,2,6298),(295551925,'2018-05-23 17:58:27',328,6,513),(295678367,'2018-11-09 11:43:08',382,3,8177),(295683570,'2018-11-17 19:53:19',303,4,6311),(295777552,'2018-06-14 02:01:27',208,4,7593),(296018224,'2018-12-09 06:00:17',350,3,2000),(296365913,'2018-05-23 21:00:38',362,8,1325),(296957052,'2018-11-30 17:56:39',90,8,3764),(297719923,'2018-06-06 04:31:25',17,2,9520),(297759831,'2018-07-31 03:40:46',398,5,4280),(297879290,'2018-11-20 08:18:50',83,6,1067),(298055107,'2018-10-16 20:47:05',334,4,2122),(298300554,'2018-08-06 09:34:17',373,8,5348),(298402835,'2018-04-29 05:19:19',251,8,825),(298414431,'2018-02-08 16:40:35',291,6,5864),(298440810,'2018-03-17 07:40:35',231,9,869),(298689009,'2018-08-13 21:58:38',258,5,6412),(298807808,'2018-08-14 21:22:07',201,4,7366),(299038650,'2018-09-11 21:59:59',247,5,1495),(299151824,'2018-12-27 16:43:08',87,4,8236),(299289152,'2018-09-16 16:20:13',475,4,2227),(299394203,'2018-07-13 05:10:38',247,5,589),(299425859,'2018-08-16 15:01:07',25,2,9665),(299596936,'2018-02-08 12:28:40',247,2,9288),(299823602,'2018-04-01 12:04:23',486,10,2143),(299845913,'2018-05-03 07:49:39',458,5,501),(299846387,'2018-11-06 22:37:57',97,10,635),(300037515,'2018-02-14 04:25:47',330,4,7038),(300190975,'2018-09-07 16:46:06',146,3,2062),(300236035,'2018-07-06 14:17:16',14,1,2185),(300934487,'2018-10-22 21:08:25',355,1,5594),(301022025,'2018-10-29 02:54:33',411,4,6742),(301266120,'2018-06-24 06:48:22',101,1,1708),(301440243,'2018-03-01 04:47:29',463,6,3279),(301530337,'2018-12-03 10:13:48',466,1,3552),(301661201,'2018-05-02 10:22:05',363,3,7794),(301866549,'2018-02-08 11:50:59',328,5,213),(302043348,'2018-06-15 19:54:02',351,1,3952),(302096662,'2018-03-31 13:43:28',225,2,1332),(302172445,'2018-09-27 22:27:02',404,3,6188),(302181415,'2018-06-25 16:24:14',273,2,8053),(302217558,'2018-01-23 17:35:50',46,7,6360),(302414643,'2018-06-20 11:56:36',89,5,8350),(302746715,'2018-06-19 03:00:16',438,10,5102),(303039548,'2018-02-19 19:26:17',464,1,9304),(303194000,'2018-01-16 21:12:35',227,5,9265),(303769100,'2018-10-28 05:13:59',76,5,6163),(304147088,'2018-03-23 12:33:00',415,5,5748),(304324359,'2018-02-16 04:28:21',386,9,8236),(304416177,'2018-11-15 11:36:29',29,1,9257),(304476568,'2018-04-21 15:51:15',417,2,5636),(305034298,'2018-09-13 23:16:24',92,1,4470),(305287352,'2018-12-28 12:26:06',212,1,6543),(305344876,'2018-02-08 03:56:55',363,8,3037),(305826550,'2018-08-21 12:37:03',237,6,9608),(305895638,'2018-12-06 09:49:48',91,4,5402),(305962615,'2018-12-26 21:39:20',136,10,8433),(306296872,'2018-05-27 10:47:26',275,6,7470),(306326487,'2018-03-11 17:40:36',453,8,9376),(306372196,'2018-07-18 21:40:42',275,3,6993),(306540138,'2018-07-24 12:01:24',375,7,5322),(306828778,'2018-05-05 08:16:22',184,7,5153),(306877788,'2018-06-25 05:56:09',499,5,2009),(307016410,'2018-12-07 18:22:59',277,9,9334),(307085402,'2018-11-30 02:01:10',495,10,8276),(307315973,'2018-10-21 21:21:52',98,5,5611),(307426270,'2018-06-11 17:47:12',320,9,9231),(307444776,'2018-04-12 05:13:58',177,3,7261),(307694898,'2018-06-13 09:06:59',158,2,2028),(307697912,'2018-06-14 08:49:52',165,4,9523),(307971189,'2018-01-07 21:59:30',385,8,5348),(307988057,'2018-10-08 23:17:48',82,7,3931),(308023925,'2018-10-09 17:53:50',417,7,526),(308103761,'2018-07-22 09:23:00',293,2,4074),(308383141,'2018-12-24 19:39:49',50,2,2431),(308653946,'2018-07-06 13:48:15',418,1,685),(308757482,'2018-01-20 20:13:27',445,6,4684),(309008755,'2018-07-15 04:16:57',39,8,5560),(309111993,'2018-05-17 20:08:59',210,5,8840),(309165775,'2018-12-14 10:34:25',400,6,9620),(309207309,'2018-08-20 01:19:11',255,6,9108),(309289737,'2018-05-29 15:22:44',317,8,6443),(309553996,'2018-07-14 08:47:18',118,6,7297),(309727834,'2018-12-13 06:45:28',354,3,5848),(309882860,'2018-09-26 23:52:08',192,4,2967),(310247948,'2018-05-28 14:27:12',173,4,6946),(310294866,'2018-04-18 16:56:43',51,5,8919),(310452553,'2018-11-14 14:52:48',113,8,8130),(310728133,'2018-11-11 02:31:06',217,3,8431),(311247703,'2018-02-09 04:22:03',171,7,5339),(311349526,'2018-04-28 10:20:48',280,5,6889),(311385121,'2018-02-26 03:29:23',206,7,1979),(311395302,'2018-11-06 14:07:00',440,6,1681),(311634396,'2018-12-30 23:24:37',205,1,1438),(311898919,'2018-04-01 14:20:47',378,4,2771),(311952690,'2018-08-28 14:41:30',153,10,5185),(312043230,'2018-12-20 20:16:12',118,1,4555),(312211653,'2018-10-04 06:02:32',237,8,7077),(312488511,'2018-07-20 13:02:24',495,1,6261),(312743637,'2018-01-22 06:37:29',65,10,9642),(312849448,'2018-12-15 00:39:22',366,9,8902),(312919624,'2018-01-31 23:04:51',50,9,726),(313547713,'2018-06-21 05:53:00',459,9,6634),(313627578,'2018-05-21 17:18:18',70,2,7407),(313638210,'2018-07-25 07:37:44',352,4,7890),(313664644,'2018-12-13 12:18:11',289,5,77),(313817246,'2018-09-20 14:56:32',361,10,1418),(313863546,'2018-08-24 05:20:27',126,1,298),(314070707,'2018-10-14 05:07:27',472,1,3994),(314254388,'2018-12-08 08:43:59',83,2,441),(314256242,'2018-01-27 16:26:41',20,2,4514),(314703087,'2018-04-21 15:22:50',237,9,2697),(314941580,'2018-12-31 12:08:08',355,3,6751),(315097429,'2018-04-05 08:49:12',355,8,4302),(315325313,'2018-01-20 05:02:15',483,8,8061),(315396103,'2018-08-08 18:30:18',189,10,4716),(315798851,'2018-03-03 15:02:27',415,3,1077),(315948506,'2018-04-26 06:58:14',23,1,5236),(316093436,'2018-06-12 13:25:26',486,3,3914),(316119210,'2018-01-27 21:53:03',358,7,6572),(316169909,'2018-07-16 06:17:13',320,9,6742),(316363282,'2018-03-01 14:15:20',305,5,485),(316458025,'2018-01-16 08:57:18',172,2,6872),(316810848,'2018-09-29 19:55:08',111,8,239),(316846762,'2018-11-15 11:43:19',412,2,7154),(317394975,'2018-01-16 10:52:29',264,5,3617),(318089881,'2018-08-18 19:00:50',327,10,6873),(318171135,'2018-11-12 23:36:31',210,9,1710),(318304216,'2018-08-13 14:22:07',201,1,9900),(318461198,'2018-09-05 18:17:38',463,1,6330),(318523046,'2018-12-04 00:15:39',313,9,2687),(318649375,'2018-04-28 14:52:41',471,9,7985),(319282483,'2018-06-12 10:45:46',186,1,1671),(319309992,'2018-01-25 06:45:51',328,1,8243),(319399733,'2018-11-16 10:54:09',133,7,7148),(319415657,'2018-02-20 19:23:56',421,2,5471),(319431892,'2018-07-07 16:16:44',6,9,8860),(319551691,'2018-07-29 04:37:59',268,8,719),(319843646,'2018-11-15 13:07:57',311,8,416),(320051426,'2018-03-16 21:25:52',80,2,6716),(320216732,'2018-11-02 15:18:33',236,6,3946),(320314490,'2018-05-21 22:35:05',164,10,6842),(320412428,'2018-07-30 15:59:07',352,8,2424),(320429700,'2018-08-26 20:40:32',222,8,7874),(321093379,'2018-12-22 05:23:57',324,5,2438),(321308659,'2018-08-26 11:34:44',153,3,1658),(321512421,'2018-11-29 07:45:56',423,4,5408),(321687068,'2018-10-27 21:52:27',270,6,9130),(322101568,'2018-03-04 17:16:46',76,6,3939),(322401112,'2018-03-09 05:56:03',295,9,5967),(322493146,'2018-11-29 23:58:50',116,6,3756),(322572793,'2018-12-04 09:34:45',391,5,581),(322733212,'2018-07-25 19:36:24',216,1,409),(322789755,'2018-03-26 23:42:25',50,3,7034),(322924012,'2018-07-22 10:02:50',500,5,299),(322929272,'2018-09-16 21:47:34',450,1,5338),(322986031,'2018-10-16 02:22:16',285,8,5434),(323012654,'2018-06-29 22:01:21',430,7,2006),(323674141,'2018-12-03 03:36:57',30,9,7485),(323800344,'2018-01-07 15:46:31',437,5,2322),(324143234,'2018-08-16 18:42:26',31,4,4287),(324503320,'2018-12-05 11:14:38',480,9,6215),(324529279,'2018-01-13 18:48:41',27,2,6517),(325064913,'2018-09-15 16:00:21',24,1,9824),(325397516,'2018-09-10 00:34:16',81,4,3987),(325522678,'2018-04-08 22:16:16',35,4,7133),(325783978,'2018-06-21 22:14:08',359,2,9710),(325911735,'2018-01-04 17:10:22',357,2,544),(326103579,'2018-09-25 05:49:07',489,9,6210),(326200479,'2018-11-15 03:24:58',75,5,1935),(326280935,'2018-09-12 16:56:15',436,8,962),(326417812,'2018-07-13 12:05:31',193,1,2878),(326440293,'2018-08-25 02:00:12',181,4,2661),(326583233,'2018-12-07 05:15:50',375,8,3429),(326738961,'2018-07-10 03:17:57',397,1,3693),(326745106,'2018-03-13 02:06:05',35,1,910),(326950077,'2018-11-04 12:52:39',32,5,155),(327219026,'2018-07-26 12:37:23',304,4,8767),(327507555,'2018-11-11 21:58:58',210,10,9446),(327526678,'2018-09-10 09:36:06',262,8,1316),(327893877,'2018-05-12 22:40:41',242,2,3751),(328017573,'2018-03-29 02:21:38',362,10,1172),(328199460,'2018-09-25 08:34:16',497,4,1317),(328216542,'2018-06-18 13:25:44',87,4,2715),(328346185,'2018-09-08 12:21:53',416,1,6749),(328586598,'2018-09-10 00:22:41',278,5,72),(328648362,'2018-07-03 18:11:07',81,1,8999),(328771112,'2018-03-09 15:03:52',278,1,9897),(328920928,'2018-10-23 03:02:26',224,9,7007),(329103085,'2018-09-19 16:10:21',448,7,8643),(329342731,'2018-12-06 01:16:19',79,10,1331),(329416575,'2018-12-04 18:11:47',418,7,5150),(329635403,'2018-05-11 11:10:50',57,8,2474),(329692164,'2018-11-16 12:51:13',348,9,8340),(330080155,'2018-12-27 01:19:26',474,1,8969),(330094140,'2018-07-12 13:36:53',193,6,4094),(330493134,'2018-12-08 10:25:03',40,5,1668),(330616837,'2018-09-07 23:48:23',485,2,3290),(330677957,'2018-08-24 09:49:22',231,10,9460),(330866325,'2018-11-17 04:29:12',92,8,5278),(330899517,'2018-01-15 12:03:14',54,7,3580),(330970342,'2018-10-19 03:10:37',418,3,1870),(331260851,'2018-05-29 02:19:08',454,8,6504),(331264553,'2018-12-22 23:52:39',246,5,2976),(331348588,'2018-12-02 23:42:23',492,8,3173),(331392041,'2018-02-11 01:28:35',264,10,9912),(331753713,'2018-11-15 23:17:00',1,3,3664),(331812841,'2018-11-12 04:12:11',324,3,1965),(331885220,'2018-03-09 21:34:58',453,6,7540),(331957068,'2018-11-11 03:34:29',337,7,3455),(332217242,'2018-08-26 03:47:50',139,4,3041),(332498506,'2018-05-03 21:41:20',88,8,5952),(332710975,'2018-05-19 10:06:11',325,2,4388),(332982219,'2018-03-05 15:59:36',54,3,2884),(333205904,'2018-02-01 01:06:32',303,9,6342),(333222252,'2018-06-11 20:39:23',192,3,7933),(333564620,'2018-01-20 15:57:48',10,10,7349),(333837240,'2018-06-11 16:57:40',96,9,9339),(333942160,'2018-05-30 18:21:49',270,1,5711),(334028524,'2018-06-17 21:24:03',355,3,518),(334139093,'2018-05-22 02:58:10',170,6,5631),(334290542,'2018-12-31 08:22:32',26,5,5545),(334306591,'2018-09-16 04:11:15',114,2,2574),(334368486,'2018-09-03 20:17:42',246,6,3882),(334744911,'2018-01-21 09:27:15',428,5,6488),(334782289,'2018-06-03 05:52:24',160,9,6051),(335365118,'2018-01-30 22:36:35',456,7,4095),(335559921,'2018-05-16 08:28:33',384,7,2652),(335790160,'2018-12-03 14:14:19',191,5,863),(335975018,'2018-11-23 02:39:53',419,10,9125),(336440138,'2018-07-26 12:42:50',2,5,8707),(336546050,'2018-01-20 05:11:36',165,1,2997),(336887074,'2018-03-10 11:07:59',39,6,871),(337350741,'2018-09-01 14:10:45',280,7,1959),(337493300,'2018-03-07 03:50:28',137,2,3000),(337498967,'2018-12-17 10:53:19',222,3,1035),(337498981,'2018-01-21 14:19:16',427,4,5684),(337649826,'2018-08-03 04:06:59',383,10,941),(337659569,'2018-10-09 10:55:46',448,7,9097),(337760578,'2018-11-30 00:42:06',51,8,4658),(338379621,'2018-12-24 07:10:22',131,3,4165),(338400108,'2018-05-31 11:20:53',317,4,6796),(338423202,'2018-12-30 01:44:10',33,5,2332),(338781578,'2018-04-23 01:27:48',480,7,8652),(338941355,'2018-03-05 21:37:46',148,7,3085),(339259780,'2018-11-25 21:10:39',21,10,4215),(339855049,'2018-01-17 10:38:04',338,1,7594),(339948494,'2018-04-03 16:50:02',188,2,2154),(340088406,'2018-10-30 09:37:56',226,10,9466),(340363099,'2018-11-19 18:12:13',413,1,1445),(340390226,'2018-12-10 03:48:15',319,9,6966),(340625532,'2018-04-19 03:57:13',230,2,2737),(340739659,'2018-09-12 06:20:50',463,10,7993),(340971167,'2018-02-09 00:08:46',118,8,4351),(341325718,'2018-04-29 22:33:32',192,4,6050),(341369733,'2018-07-17 21:07:52',328,2,8970),(341427437,'2018-02-08 12:34:04',223,7,6159),(341458966,'2018-05-18 17:49:00',155,5,2243),(341724279,'2018-01-21 08:51:10',7,2,8163),(341868032,'2018-12-18 13:56:33',45,1,8654),(341890277,'2018-05-19 01:10:34',385,8,7184),(342361264,'2018-08-10 20:44:59',404,3,5994),(342381603,'2018-09-02 12:00:13',312,3,3472),(342809745,'2018-06-23 13:25:43',29,5,7084),(342956538,'2018-08-27 12:54:14',308,4,2726),(343007129,'2018-01-29 13:59:23',411,5,4868),(343125693,'2018-03-23 12:45:21',363,10,6898),(343311507,'2018-04-21 03:15:06',431,3,1293),(343835455,'2018-11-16 04:50:38',229,1,9521),(343981963,'2018-06-17 07:27:22',2,1,136),(344081266,'2018-09-08 04:38:49',31,2,1294),(344172737,'2018-10-31 15:29:56',309,8,5977),(344183162,'2018-10-25 08:06:36',62,7,5136),(344465673,'2018-09-07 13:37:06',350,5,3103),(344605481,'2018-06-01 19:08:24',131,8,9483),(344814269,'2018-11-05 13:16:53',500,6,4656),(345253265,'2018-12-30 18:27:51',243,1,6272),(345465964,'2018-07-31 20:39:14',442,7,5638),(345595130,'2018-07-03 05:23:41',351,5,6471),(345794800,'2018-07-02 23:31:50',3,7,5624),(345879258,'2018-12-02 00:26:27',453,10,6989),(346225533,'2018-12-13 10:57:40',280,10,1537),(346392797,'2018-04-24 06:26:45',73,5,7345),(346413389,'2018-02-18 10:45:14',355,2,6786),(346492059,'2018-08-30 18:56:29',356,5,8000),(346606017,'2018-08-10 18:23:33',431,2,6174),(346762600,'2018-05-27 12:48:54',246,3,9739),(347382504,'2018-09-04 04:16:56',27,6,2826),(347989635,'2018-07-29 08:46:49',367,7,1002),(348041848,'2018-05-25 01:18:09',356,2,5943),(348128712,'2018-03-15 10:28:02',215,2,9882),(348262159,'2018-04-03 03:10:18',134,7,6066),(348365429,'2018-04-23 02:39:54',320,5,1977),(348655137,'2018-11-28 04:26:00',359,7,496),(348715446,'2018-11-29 15:15:02',270,8,6233),(348970739,'2018-05-07 22:09:08',189,5,5850),(349158518,'2018-05-03 07:25:03',199,6,3378),(349186305,'2018-01-29 12:27:15',320,7,1529),(349245744,'2018-10-25 03:03:16',316,10,2262),(349470181,'2018-06-30 19:04:51',204,4,5437),(349550979,'2018-12-09 11:06:34',329,9,6625),(349696972,'2018-04-16 12:28:02',110,4,9015),(350043597,'2018-03-08 19:17:33',448,2,2717),(350239597,'2018-05-06 08:59:23',486,6,2846),(350332065,'2018-09-23 11:28:09',183,8,4045),(350341750,'2018-03-19 01:26:37',279,4,1821),(350552201,'2018-09-22 00:50:19',113,10,3098),(350747025,'2018-08-07 22:15:05',82,6,4980),(350810939,'2018-05-05 05:19:56',371,5,4805),(351055265,'2018-09-07 12:31:40',235,10,5966),(351354285,'2018-09-07 18:07:01',197,10,7633),(351947035,'2018-03-13 09:10:39',438,1,8021),(351975076,'2018-11-05 16:41:27',448,10,2714),(352321595,'2018-04-10 22:52:33',247,2,2601),(352661389,'2018-04-07 13:30:24',431,6,6286),(353297992,'2018-12-29 14:23:16',377,3,1861),(353711604,'2018-03-06 07:35:36',59,4,2454),(353781256,'2018-09-14 13:29:00',169,7,509),(353973636,'2018-03-08 23:04:30',160,9,7218),(354283525,'2018-09-13 14:59:13',4,7,3408),(354328415,'2018-11-21 16:40:08',283,5,1751),(354519214,'2018-07-06 00:05:22',449,1,516),(354759518,'2018-07-15 14:40:31',291,8,9384),(354974996,'2018-08-07 09:39:25',365,1,8180),(355132229,'2018-03-29 07:06:05',79,5,9350),(355161798,'2018-04-02 06:18:22',455,5,8775),(355205723,'2018-01-21 16:17:07',367,3,8623),(355683155,'2018-01-27 14:57:11',484,4,419),(356114019,'2018-09-24 18:14:36',121,4,2836),(356281365,'2018-12-12 17:08:56',86,8,4117),(356281416,'2018-12-04 23:29:15',182,9,3156),(357460703,'2018-02-14 23:31:01',125,7,4642),(357463035,'2018-06-10 15:41:19',279,7,5162),(357609652,'2018-06-04 19:52:01',301,6,3022),(357627507,'2018-11-06 03:34:59',81,5,4583),(357788898,'2018-02-13 12:08:23',446,2,1949),(357817762,'2018-05-17 06:02:58',495,5,7222),(357925980,'2018-04-15 05:59:11',18,6,9619),(357929416,'2018-01-12 02:09:03',445,6,7638),(358024419,'2018-02-25 06:48:08',86,7,5394),(358399937,'2018-12-28 10:31:34',191,3,7782),(358511538,'2018-04-26 08:39:52',262,5,3068),(358609386,'2018-10-20 20:48:54',483,7,2536),(358647119,'2018-05-09 00:44:42',168,8,9991),(358895916,'2018-10-04 18:27:48',153,4,1778),(359321776,'2018-09-15 11:41:42',48,5,2464),(359518667,'2018-02-18 04:22:28',218,9,7713),(359968760,'2018-12-21 11:54:06',328,7,5754),(360035102,'2018-06-21 06:59:28',464,4,7680),(360085922,'2018-10-20 17:12:31',79,6,3559),(360125042,'2018-08-23 19:34:00',324,4,7514),(360205793,'2018-03-16 04:13:29',151,3,3289),(360565431,'2018-06-06 10:53:54',254,7,2536),(360636436,'2018-10-20 13:42:51',228,4,2779),(360697296,'2018-11-14 04:32:38',35,2,716),(360861816,'2018-06-05 06:32:46',187,9,356),(361106509,'2018-12-26 00:46:03',48,5,7141),(361204130,'2018-06-28 10:38:09',337,6,7456),(361232025,'2018-10-17 02:49:43',76,9,9403),(361368898,'2018-08-08 23:15:02',84,3,8580),(361568753,'2018-10-07 01:18:25',102,8,1712),(361714675,'2018-01-05 14:42:42',135,9,3215),(362077923,'2018-11-21 15:18:37',409,7,2852),(362163324,'2018-01-04 14:23:22',327,8,6962),(362197498,'2018-09-02 03:05:46',303,3,1739),(362435914,'2018-12-31 08:17:10',54,7,4519),(362786556,'2018-12-22 19:26:32',441,8,3599),(362810861,'2018-08-01 22:02:39',99,5,1249),(362971781,'2018-06-26 20:18:36',111,5,3586),(363079775,'2018-10-17 12:23:23',41,8,1907),(363364782,'2018-04-15 09:57:28',9,6,373),(363427547,'2018-01-22 23:46:15',105,4,5858),(363622495,'2018-03-14 23:55:52',471,5,3745),(363768238,'2018-06-17 07:01:19',439,2,8616),(363912158,'2018-11-10 06:57:28',139,1,3951),(363960563,'2018-05-06 08:39:09',407,2,2831),(364067164,'2018-05-30 02:20:42',55,5,3094),(364150678,'2018-03-14 14:06:50',88,5,3592),(364253186,'2018-01-03 07:33:20',300,5,5372),(364389253,'2018-07-01 02:23:04',361,2,3756),(364836343,'2018-05-19 11:27:26',2,9,1988),(365085233,'2018-10-23 23:01:18',14,9,1905),(365259973,'2018-06-28 23:08:21',368,5,8489),(365525262,'2018-09-19 22:55:03',389,2,6202),(365607734,'2018-10-03 23:52:02',269,3,4772),(365900997,'2018-12-01 11:27:01',157,3,8465),(365961079,'2018-06-12 16:50:20',444,8,4071),(365997920,'2018-03-20 14:40:01',440,7,4922),(367006369,'2018-08-26 18:54:22',211,2,9346),(367035323,'2018-03-08 10:38:38',82,10,4124),(367046033,'2018-01-27 06:22:40',88,8,5495),(367235792,'2018-05-10 00:09:17',471,10,4523),(367296986,'2018-01-27 13:01:09',453,7,3410),(367309547,'2018-04-05 22:58:56',283,6,226),(367507201,'2018-04-09 14:36:47',429,10,143),(367897281,'2018-02-06 22:32:35',198,3,4529),(367947151,'2018-05-15 17:18:33',176,7,7792),(368156176,'2018-08-05 02:26:48',452,9,5018),(368366754,'2018-12-11 10:28:52',74,3,9667),(368499028,'2018-08-18 13:59:25',287,6,6814),(368705130,'2018-10-23 18:38:47',198,2,621),(368724015,'2018-05-24 23:30:48',77,6,2580),(368917874,'2018-09-25 14:36:11',6,5,7084),(369099891,'2018-08-21 15:58:29',2,7,4351),(369353363,'2018-01-15 08:16:51',327,3,4183),(369535871,'2018-09-06 13:43:09',113,7,1778),(369651690,'2018-09-08 03:23:33',202,8,9581),(369673811,'2018-04-08 12:40:26',315,6,7848),(369820263,'2018-08-25 02:42:58',357,7,1185),(370012623,'2018-11-16 16:20:40',237,5,6647),(370220288,'2018-08-26 18:56:32',438,10,4900),(370600402,'2018-04-10 00:20:28',75,2,9599),(370977855,'2018-02-01 12:50:19',18,7,615),(371360539,'2018-01-29 09:17:30',203,10,9730),(371442749,'2018-11-24 12:34:12',262,7,3637),(371709594,'2018-02-27 03:32:42',338,7,5302),(371720890,'2018-06-09 21:49:42',17,2,8131),(371745758,'2018-08-29 21:21:50',169,1,9283),(371782059,'2018-11-25 03:11:31',314,10,9575),(371836482,'2018-04-15 18:13:05',319,3,4019),(371982087,'2018-07-03 08:16:03',121,6,1046),(372166510,'2018-06-30 15:17:36',444,8,9859),(372472175,'2018-08-31 11:11:57',195,4,9378),(372621784,'2018-06-01 14:49:04',283,6,9639),(372783172,'2018-07-09 22:45:24',477,7,7490),(372816113,'2018-09-02 02:28:29',411,7,3800),(372871590,'2018-12-05 09:13:37',178,8,3322),(373345987,'2018-06-11 22:30:55',327,1,914),(373389426,'2018-05-01 01:18:50',168,8,4136),(373441410,'2018-08-21 23:32:20',497,5,8540),(373492457,'2018-11-12 14:56:23',24,1,7365),(373495080,'2018-10-22 12:15:15',395,3,3616),(373562448,'2018-12-16 02:54:25',463,8,171),(373832079,'2018-12-09 00:58:15',270,3,918),(374041796,'2018-12-15 14:53:22',345,7,4755),(374129488,'2018-01-13 17:15:25',220,8,9775),(374369274,'2018-12-25 19:00:13',119,6,8452),(374653178,'2018-04-10 06:29:41',366,8,6405),(374872694,'2018-07-11 02:25:55',494,2,529),(374951670,'2018-09-09 22:54:07',353,1,6275),(374995550,'2018-08-23 22:08:30',296,2,589),(375202806,'2018-11-28 10:46:55',134,8,3309),(375538831,'2018-02-02 07:04:52',348,6,4020),(375720641,'2018-05-13 09:46:39',235,1,3433),(375889486,'2018-12-07 12:07:18',358,6,8467),(376092761,'2018-11-29 23:28:30',87,2,3248),(376271181,'2018-06-27 01:03:25',363,10,4808),(376319733,'2018-08-21 08:30:31',227,4,7678),(376361114,'2018-07-18 23:39:19',126,9,2459),(376405164,'2018-04-29 21:21:02',141,6,2953),(376608222,'2018-06-27 13:46:02',496,6,3976),(376616241,'2018-01-24 19:18:05',185,6,9833),(376749617,'2018-06-03 11:23:07',398,5,5815),(376909750,'2018-12-23 18:09:51',334,9,347),(377200592,'2018-06-07 00:28:50',51,7,2078),(377295083,'2018-08-02 22:55:37',154,2,310),(377454890,'2018-09-20 04:55:07',44,10,6965),(377790639,'2018-07-20 20:17:18',293,9,6048),(377803512,'2018-11-25 02:15:06',224,2,9263),(377988441,'2018-04-26 11:56:25',462,10,7116),(378112840,'2018-06-12 14:41:47',297,9,1614),(378131250,'2018-12-30 01:44:34',238,1,798),(378135091,'2018-05-16 22:53:37',161,4,625),(378173296,'2018-08-17 00:31:54',67,3,7004),(378217982,'2018-01-31 14:15:22',436,4,3491),(378283779,'2018-08-08 06:59:36',308,7,2617),(378336734,'2018-11-26 16:18:37',355,1,6506),(378729594,'2018-10-26 12:52:53',97,9,309),(378936852,'2018-02-04 17:36:08',159,4,9025),(378986734,'2018-09-15 07:19:04',228,7,9252),(378988119,'2018-09-14 03:39:28',411,3,7450),(379046645,'2018-05-17 23:00:00',287,5,9077),(379080339,'2018-05-15 11:38:43',236,7,7290),(379105144,'2018-12-02 19:33:24',199,6,2309),(379186724,'2018-07-10 08:39:58',123,3,2160),(379308324,'2018-05-31 04:12:03',1,6,4809),(379333664,'2018-02-04 21:50:18',272,1,4882),(379352305,'2018-06-09 06:06:36',289,8,9096),(379561624,'2018-11-13 05:03:43',400,1,5701),(379567495,'2018-04-17 02:17:27',413,10,7773),(379576750,'2018-02-09 11:44:31',406,1,5065),(379655240,'2018-10-07 12:20:31',254,3,201),(379839725,'2018-06-02 13:53:02',31,5,8371),(380093529,'2018-09-07 14:40:21',178,4,7125),(380160352,'2018-10-21 22:32:29',198,9,6450),(380359684,'2018-05-02 13:55:08',153,8,4118),(380406293,'2018-12-20 14:56:11',91,6,3032),(380496204,'2018-01-08 20:23:59',173,2,5619),(380599489,'2018-12-02 01:38:36',63,4,666),(381511832,'2018-11-14 20:07:47',165,5,15),(381854166,'2018-10-31 14:56:55',167,2,2054),(382025162,'2018-08-22 09:41:38',20,10,4235),(382047067,'2018-11-04 03:52:57',260,3,282),(382130090,'2018-07-03 03:51:45',104,8,7790),(382195910,'2018-04-04 22:14:54',367,2,6426),(382266826,'2018-08-12 17:21:53',69,1,4119),(382336492,'2018-07-28 13:54:49',112,10,3558),(382442097,'2018-07-07 07:24:57',55,3,5591),(382553114,'2018-05-24 19:02:05',237,6,6501),(382559891,'2018-08-13 00:01:19',68,8,2132),(382866693,'2018-04-28 13:55:34',412,9,7752),(382960924,'2018-04-05 01:58:37',466,10,1296),(383049499,'2018-08-19 07:34:06',9,5,6825),(383114528,'2018-10-28 13:12:00',213,8,6288),(383576875,'2018-04-11 06:43:51',408,10,9425),(383578446,'2018-08-05 23:36:08',437,4,6157),(383853604,'2018-07-11 02:50:28',158,3,7999),(383939341,'2018-06-19 12:55:00',33,8,766),(383973618,'2018-03-27 03:29:51',82,10,9005),(384050867,'2018-03-11 01:29:43',140,10,1802),(384252598,'2018-11-05 19:07:00',386,9,9693),(384279559,'2018-11-17 22:45:38',355,2,4570),(384301862,'2018-06-29 05:09:45',119,10,2053),(384519641,'2018-02-01 08:12:41',209,9,4128),(384558621,'2018-01-26 19:48:03',294,9,3509),(384832475,'2018-08-12 20:00:16',481,5,4850),(384997770,'2018-08-04 00:06:10',116,1,3940),(385081942,'2018-12-31 13:20:00',138,6,5848),(385378130,'2018-10-24 19:40:07',186,2,1874),(385417121,'2018-07-24 20:51:39',482,1,1790),(385523757,'2018-06-20 04:06:17',153,5,5509),(385582779,'2018-09-19 20:21:46',68,4,5116),(385650916,'2018-05-21 13:05:26',380,3,8117),(385815598,'2018-11-10 12:54:05',176,6,6874),(386223193,'2018-04-14 06:05:30',308,9,1865),(386320029,'2018-11-30 14:50:08',147,5,7603),(386408255,'2018-05-12 02:23:05',428,2,6412),(386594095,'2018-08-10 11:35:27',21,9,727),(386761000,'2018-06-01 20:15:01',94,6,1727),(387016663,'2018-05-25 01:35:11',371,9,5706),(387764491,'2018-05-25 20:02:06',407,2,6268),(387937920,'2018-12-15 00:47:54',358,9,6996),(387993333,'2018-04-18 09:14:52',418,4,2546),(388182190,'2018-03-14 16:09:56',265,1,8113),(388218929,'2018-03-13 04:29:19',433,7,6142),(388556872,'2018-09-11 04:28:17',70,6,5113),(388860478,'2018-09-20 12:24:19',49,8,6489),(388929913,'2018-07-20 22:35:52',288,2,8379),(389009330,'2018-09-19 07:35:10',160,5,6531),(389068389,'2018-10-25 13:44:37',172,7,9785),(389209021,'2018-11-14 22:30:23',294,9,4755),(389474023,'2018-02-04 10:02:04',376,4,695),(389854265,'2018-11-10 06:59:53',198,1,3982),(389880605,'2018-04-05 07:24:22',429,4,9916),(389892544,'2018-01-17 09:44:56',308,6,3942),(390416564,'2018-06-16 23:48:59',38,10,3440),(390600993,'2018-09-22 03:23:56',180,1,8231),(390766873,'2018-04-26 11:09:49',271,9,8394),(391396707,'2018-10-19 20:35:14',386,5,4906),(391512074,'2018-12-01 23:53:53',360,3,4085),(392391584,'2018-07-18 05:22:21',265,6,5469),(392531642,'2018-11-13 13:29:58',489,10,9079),(392560890,'2018-05-07 09:16:59',431,3,2729),(393274452,'2018-01-21 00:18:11',232,10,1956),(393358680,'2018-12-24 08:03:52',282,1,7205),(393386836,'2018-03-01 16:32:29',348,1,8690),(393424007,'2018-10-11 13:53:15',227,3,8886),(393453475,'2018-11-27 17:13:51',267,6,7254),(393455552,'2018-12-28 22:01:28',186,8,6534),(393493330,'2018-10-22 18:28:33',360,8,7029),(393709699,'2018-03-18 17:13:00',272,4,8077),(393816901,'2018-05-28 17:32:27',138,10,2635),(393836476,'2018-06-30 21:54:08',190,6,1883),(393932676,'2018-12-26 06:19:05',342,5,9807),(394021406,'2018-07-18 20:17:09',479,7,4545),(394258940,'2018-02-09 12:56:04',127,5,8602),(394477376,'2018-06-27 18:36:17',270,9,5197),(394579568,'2018-05-08 01:31:46',256,2,216),(395698687,'2018-06-18 04:26:21',369,2,4531),(395709107,'2018-12-14 16:31:56',100,9,3741),(395735578,'2018-07-22 23:07:40',378,10,4933),(395774356,'2018-07-12 06:08:44',252,7,6411),(396388146,'2018-12-10 02:50:52',136,10,4569),(396390785,'2018-11-03 09:31:19',441,2,7656),(396477952,'2018-03-23 22:50:51',35,9,1347),(396496371,'2018-09-14 20:02:36',91,6,6842),(397069612,'2018-09-04 04:40:24',229,8,5430),(397251490,'2018-07-19 15:33:25',39,2,4661),(397463115,'2018-03-30 08:27:28',139,8,1517),(398145922,'2018-12-06 09:32:22',371,7,3799),(398216174,'2018-01-20 04:16:50',32,4,4590),(398431229,'2018-12-30 03:49:17',380,7,4734),(399309646,'2018-03-15 15:27:31',54,6,1483),(399314030,'2018-04-06 21:33:17',7,4,6999),(399426471,'2018-05-22 00:49:46',41,9,6064),(399489931,'2018-11-28 16:44:58',67,8,1583),(399647499,'2018-03-13 04:31:33',436,9,8764),(399848129,'2018-04-05 20:59:42',9,1,4668),(400302173,'2018-10-16 11:23:52',224,6,641),(400381334,'2018-10-26 21:36:30',97,10,4741),(400649054,'2018-02-26 15:38:07',441,2,7182),(400708800,'2018-01-05 10:42:13',205,9,4937),(401462865,'2018-07-31 08:23:00',403,10,8706),(401559700,'2018-12-12 17:08:27',334,2,7430),(401959525,'2018-05-07 02:27:48',383,8,6898),(401976567,'2018-05-15 05:22:28',145,5,9249),(402079052,'2018-02-24 18:22:11',227,8,4580),(402452690,'2018-06-09 00:39:03',434,9,1818),(402546027,'2018-04-21 14:27:46',336,3,6116),(402631548,'2018-03-09 15:47:52',346,3,2079),(403330616,'2018-10-31 07:28:29',25,9,9187),(403558693,'2018-09-05 10:28:14',449,10,148),(403634060,'2018-11-19 21:54:21',171,2,9568),(403668575,'2018-11-07 03:06:53',389,6,8383),(404112315,'2018-02-20 11:24:13',173,5,8259),(404410926,'2018-03-16 07:59:39',463,10,3742),(404435996,'2018-10-22 03:48:46',392,8,2147),(404658831,'2018-11-03 11:30:00',146,7,574),(404740760,'2018-03-09 18:59:23',215,6,508),(404944221,'2018-10-29 02:18:20',110,9,2578),(405216679,'2018-05-11 09:07:34',316,1,5312),(405607414,'2018-09-16 18:42:52',304,5,5602),(405697920,'2018-10-11 05:33:55',135,5,871),(406096897,'2018-09-23 00:47:10',199,10,2008),(406366368,'2018-02-11 13:19:59',458,9,8253),(406437687,'2018-12-23 23:52:43',103,5,4427),(406447753,'2018-07-23 14:17:21',231,9,923),(406484910,'2018-06-07 07:39:50',365,2,984),(406615393,'2018-06-07 18:55:41',174,6,7678),(406752665,'2018-10-31 04:33:12',61,3,1228),(406864888,'2018-05-31 03:47:26',150,7,970),(407135119,'2018-10-01 16:51:27',26,8,2640),(407642083,'2018-04-28 16:49:31',289,9,4274),(407774987,'2018-11-29 04:10:28',65,2,2086),(407845077,'2018-02-08 11:43:23',269,1,4781),(407997360,'2018-02-02 00:34:28',11,2,5074),(408101785,'2018-12-02 06:45:40',332,1,8537),(408217276,'2018-01-31 15:26:16',42,8,8077),(408323989,'2018-09-11 06:25:36',407,8,8181),(408366787,'2018-11-21 05:22:15',273,9,6678),(408400863,'2018-03-29 15:06:27',324,7,6647),(408827479,'2018-04-12 21:47:34',262,2,8192),(409122484,'2018-08-05 03:39:22',281,4,7662),(409138314,'2018-12-10 11:54:04',110,2,7068),(409171260,'2018-02-04 19:06:24',142,9,2996),(409235889,'2018-07-22 08:12:19',200,5,2675),(409481294,'2018-11-04 05:46:33',266,3,444),(409554062,'2018-07-09 22:26:27',446,8,3678),(409611642,'2018-03-01 06:11:41',341,3,8205),(409715585,'2018-11-12 15:38:12',302,5,9996),(409786057,'2018-12-28 22:53:15',75,1,630),(410032254,'2018-07-05 19:03:45',104,7,7023),(410166456,'2018-06-29 15:02:16',234,7,2653),(410266340,'2018-01-31 11:10:31',444,5,1871),(410290676,'2018-06-19 15:48:26',391,3,255),(410404290,'2018-08-12 04:20:44',377,7,5888),(410448035,'2018-08-29 10:42:30',287,8,5853),(410674861,'2018-07-03 07:37:14',215,10,2028),(411107259,'2018-03-24 04:36:22',37,10,9273),(411511709,'2018-12-11 23:10:35',85,7,7576),(411888081,'2018-12-30 08:34:58',326,10,561),(412333459,'2018-06-05 07:40:06',122,9,2534),(412389193,'2018-01-06 15:23:45',457,6,9796),(412546787,'2018-10-24 09:58:13',464,2,6517),(412654195,'2018-09-03 05:10:51',48,1,8655),(412762659,'2018-12-21 23:24:42',192,5,757),(413134029,'2018-03-03 06:23:31',477,1,95),(413212418,'2018-06-19 16:06:03',185,10,4944),(413876441,'2018-05-10 17:54:20',188,5,7246),(413911900,'2018-08-01 16:04:46',360,9,659),(413962519,'2018-05-13 00:26:56',404,6,6675),(414164485,'2018-06-12 19:09:28',203,2,4694),(415087490,'2018-06-01 01:29:36',460,8,8843),(415488065,'2018-06-02 04:11:46',380,1,6717),(415553643,'2018-04-06 04:39:58',438,10,5336),(415739994,'2018-05-14 17:07:08',233,5,8309),(415748581,'2018-12-10 22:15:58',82,9,8227),(415804162,'2018-12-29 23:26:12',425,3,3017),(416259199,'2018-09-14 18:16:26',250,4,161),(416373476,'2018-10-25 17:22:11',167,9,384),(416403313,'2018-02-26 14:10:40',110,3,4388),(416562677,'2018-06-15 05:35:47',474,10,9859),(416588486,'2018-12-24 12:53:31',2,9,4206),(416683430,'2018-04-29 00:01:56',401,9,6598),(416844447,'2018-12-03 04:18:08',33,5,7898),(416914584,'2018-11-03 04:27:28',379,2,1245),(416987305,'2018-05-12 02:54:33',486,7,1412),(417131604,'2018-02-09 07:59:22',115,2,7928),(417872827,'2018-11-08 08:13:12',422,3,3241),(417947731,'2018-04-30 02:36:25',430,10,1752),(418247373,'2018-10-21 18:11:24',452,2,6035),(418539389,'2018-12-26 19:09:22',196,9,1672),(418629834,'2018-01-21 19:05:30',47,8,1220),(418984957,'2018-12-13 15:52:31',30,1,4527),(419013931,'2018-05-10 01:49:14',348,6,8075),(419195731,'2018-07-13 19:39:21',359,5,506),(419527124,'2018-06-08 00:58:07',124,4,3490),(419626117,'2018-10-16 09:55:02',13,5,5105),(419681576,'2018-01-18 05:32:49',500,5,1115),(419709457,'2018-05-29 16:16:12',116,4,3507),(419796532,'2018-08-03 19:17:22',412,1,9603),(420363216,'2018-07-28 06:05:25',116,3,8133),(420616943,'2018-12-25 16:21:40',490,10,3864),(420710534,'2018-05-02 19:34:11',455,7,3824),(420766399,'2018-07-14 10:20:58',396,1,4757),(420779546,'2018-01-10 00:58:03',305,2,1112),(421097295,'2018-12-20 02:57:43',344,4,1164),(421243743,'2018-09-06 16:06:29',436,1,605),(421319825,'2018-11-13 08:48:45',332,3,5684),(421773085,'2018-11-29 23:29:34',318,2,5925),(421781830,'2018-06-29 03:20:33',38,1,2582),(422811708,'2018-07-31 10:17:27',37,1,213),(423141036,'2018-09-29 04:06:26',413,5,7552),(423157963,'2018-05-15 15:40:45',344,2,3159),(423260161,'2018-10-05 16:56:41',317,8,2279),(423556821,'2018-07-22 07:13:13',309,8,4981),(423634963,'2018-05-29 04:11:35',82,7,6836),(423781326,'2018-01-13 11:04:17',398,8,1973),(423840166,'2018-03-08 21:14:40',92,4,267),(423885855,'2018-12-30 00:45:27',143,3,1308),(424048536,'2018-06-04 19:02:15',355,6,8371),(424091948,'2018-02-03 10:56:34',230,9,4135),(424372492,'2018-01-19 04:08:46',316,4,7688),(424375968,'2018-07-25 12:44:11',113,9,1650),(424732767,'2018-08-13 09:10:58',371,3,1964),(424916719,'2018-09-15 14:39:05',317,6,1350),(424981955,'2018-04-13 06:14:01',263,9,496),(425025029,'2018-04-11 07:04:49',12,4,1816),(425216065,'2018-02-07 18:36:44',181,2,5192),(425276416,'2018-01-01 13:27:32',263,4,6167),(425471710,'2018-08-29 04:01:15',10,3,999),(426085890,'2018-05-21 10:45:10',474,4,6129),(426150378,'2018-02-22 23:39:17',282,10,7617),(426293125,'2018-09-07 07:33:08',170,9,4323),(426516893,'2018-07-18 00:27:11',21,7,949),(426566326,'2018-12-22 22:08:12',464,6,2434),(426888003,'2018-02-26 20:08:42',12,8,7605),(427135749,'2018-11-30 06:51:42',273,7,6788),(427451038,'2018-01-11 15:20:41',32,5,6231),(427507141,'2018-05-11 09:30:35',164,9,2815),(427583920,'2018-07-30 06:08:37',26,2,3675),(427664109,'2018-10-10 08:51:17',367,7,264),(428099247,'2018-05-27 20:42:07',174,3,8982),(428337648,'2018-12-10 00:18:42',43,7,25),(428726150,'2018-06-30 05:48:51',250,4,6997),(428739495,'2018-02-07 06:46:19',117,2,2992),(428923368,'2018-07-05 03:45:25',251,8,1016),(429043913,'2018-10-29 12:15:57',266,8,259),(429229269,'2018-10-24 18:53:16',90,10,6468),(429453165,'2018-06-22 22:54:57',26,2,6747),(429495659,'2018-07-18 20:55:23',272,8,1996),(429588036,'2018-09-28 02:28:23',61,8,3337),(429768820,'2018-11-10 17:55:51',357,2,9988),(429787054,'2018-11-02 03:48:46',317,7,23),(429799166,'2018-01-08 12:53:16',358,7,6852),(429999453,'2018-04-04 07:23:05',201,10,671),(430074926,'2018-12-02 15:17:01',442,4,8094),(430078671,'2018-12-12 20:59:38',107,9,9772),(430083278,'2018-08-03 19:18:44',365,4,747),(430180332,'2018-03-27 17:10:34',259,5,6489),(430277840,'2018-12-07 11:15:38',499,4,9876),(430293084,'2018-06-04 23:40:22',287,7,1682),(430488587,'2018-11-13 02:35:56',226,1,5515),(430696620,'2018-12-25 16:51:52',196,3,879),(430701263,'2018-08-10 18:51:20',245,4,158),(430720653,'2018-07-06 19:26:35',290,1,2795),(430738045,'2018-05-21 13:56:40',435,10,4742),(431524468,'2018-01-18 16:06:56',445,7,7208),(431557550,'2018-03-21 22:22:08',201,1,6199),(431678714,'2018-05-25 16:28:52',42,3,2962),(431714470,'2018-09-22 19:00:35',191,7,2286),(431804309,'2018-04-07 09:36:34',439,1,5406),(431915312,'2018-11-09 13:35:53',205,6,4569),(432343229,'2018-04-16 03:46:59',133,7,9058),(432439481,'2018-12-02 07:20:50',136,8,9060),(432797418,'2018-12-24 15:45:19',67,1,9153),(432949112,'2018-12-10 06:19:06',170,1,1668),(432970778,'2018-10-27 04:15:37',439,10,2373),(433194759,'2018-07-15 21:22:52',494,8,6626),(433498842,'2018-11-24 04:16:50',88,8,1508),(433536163,'2018-05-14 06:04:13',250,10,1051),(433641145,'2018-02-02 01:58:17',240,5,6458),(433684271,'2018-10-03 19:31:41',303,2,6340),(433701359,'2018-01-11 11:45:54',425,6,4193),(433726635,'2018-07-02 00:06:29',417,3,198),(433751257,'2018-02-06 15:04:54',349,9,8062),(433835873,'2018-02-03 11:33:10',385,9,5460),(434416024,'2018-06-03 13:51:07',111,2,5792),(434458294,'2018-01-13 11:02:24',483,10,3857),(434511298,'2018-01-12 15:03:56',458,4,6381),(434557569,'2018-09-02 15:19:18',316,9,9048),(435163092,'2018-07-10 05:33:57',81,8,4323),(435195856,'2018-10-24 08:48:41',83,9,824),(435332950,'2018-05-14 19:44:03',416,1,9818),(435386835,'2018-03-16 17:14:30',391,1,4505),(435395026,'2018-11-04 13:42:43',326,8,324),(435591606,'2018-02-03 12:19:40',414,2,9323),(435964706,'2018-09-08 10:03:44',146,4,7864),(435978968,'2018-12-28 17:40:59',79,5,3004),(436036399,'2018-12-18 01:10:31',149,2,1843),(436224908,'2018-12-11 18:47:53',177,2,2042),(436474615,'2018-02-23 19:11:58',499,4,7294),(437412622,'2018-10-20 02:07:53',257,6,5682),(437418513,'2018-06-29 19:50:22',145,9,171),(437489966,'2018-03-31 17:56:00',62,10,2303),(437831869,'2018-09-08 20:31:40',403,1,4373),(437879833,'2018-04-21 18:53:29',471,9,3795),(437918474,'2018-11-04 16:29:50',74,6,9770),(438179935,'2018-08-19 13:10:26',83,1,8318),(438395261,'2018-03-20 07:52:02',324,9,6354),(438476791,'2018-10-24 20:22:59',226,2,7682),(438639801,'2018-07-20 12:24:32',364,8,9648),(438914348,'2018-08-07 22:49:02',127,3,1510),(439104353,'2018-11-19 06:00:15',171,9,5842),(439132317,'2018-01-02 10:54:36',413,4,1858),(439304225,'2018-08-13 18:07:40',418,6,8693),(439353968,'2018-10-23 17:55:35',258,8,6528),(439444013,'2018-09-11 22:24:29',378,8,7733),(439505145,'2018-07-21 09:11:05',116,3,6652),(439779956,'2018-05-22 07:56:12',227,8,2636),(439940299,'2018-11-22 09:51:11',466,5,2142),(439984602,'2018-01-24 14:09:27',96,1,1512),(441208141,'2018-06-22 08:32:36',125,7,8403),(441321270,'2018-08-22 09:57:39',110,7,5050),(441566917,'2018-11-29 20:44:42',260,8,5392),(441578194,'2018-04-10 01:57:14',265,8,2798),(441777322,'2018-07-06 04:00:12',65,3,7532),(441857900,'2018-04-22 16:37:58',152,4,4322),(441931606,'2018-09-20 07:07:10',87,5,8611),(442402724,'2018-05-12 17:45:42',403,1,5360),(443249528,'2018-07-27 20:11:54',493,10,2834),(443476910,'2018-03-21 00:12:44',333,7,9591),(443547014,'2018-11-28 05:31:33',498,6,7612),(443555162,'2018-08-06 22:57:37',262,9,4635),(443647776,'2018-03-20 21:59:15',444,2,7578),(443794473,'2018-06-07 18:01:32',279,1,9816),(443985168,'2018-02-23 06:43:09',334,9,3048),(444216415,'2018-05-21 01:10:12',183,5,9933),(444399858,'2018-05-30 14:28:39',375,2,4711),(444432223,'2018-04-28 14:59:27',431,1,112),(444469942,'2018-11-09 16:05:06',245,10,8075),(444821868,'2018-11-18 00:12:49',234,3,1056),(445043383,'2018-05-05 07:07:36',433,9,1887),(445058960,'2018-04-03 22:34:53',138,3,9080),(445324307,'2018-08-16 02:00:17',479,10,4492),(445472148,'2018-03-08 09:14:04',458,8,1549),(445495683,'2018-06-20 00:39:03',194,4,322),(446291403,'2018-03-18 09:40:27',168,1,5196),(446757036,'2018-12-06 10:54:12',107,9,4761),(447213519,'2018-04-13 10:12:59',144,1,1405),(447223144,'2018-03-23 16:04:44',100,5,5608),(447531689,'2018-05-14 07:21:57',486,8,497),(447642893,'2018-08-08 18:15:37',9,1,7059),(447740792,'2018-01-23 03:55:49',235,9,7519),(447740823,'2018-05-04 15:37:10',98,2,6288),(447746193,'2018-06-03 06:07:44',77,2,3249),(448163736,'2018-05-09 08:37:37',452,1,752),(448244475,'2018-01-16 03:57:12',308,9,8452),(448486782,'2018-05-25 15:03:18',371,10,1228),(448487312,'2018-08-15 05:22:40',295,2,4464),(448718627,'2018-04-16 14:15:56',483,2,7405),(448745278,'2018-12-01 02:23:28',87,8,7341),(448896520,'2018-08-18 06:08:26',472,4,293),(448985254,'2018-06-08 14:09:19',131,9,4549),(449196046,'2018-03-22 20:38:17',313,9,1462),(449314152,'2018-02-06 01:04:43',359,8,1717),(449412677,'2018-11-17 22:19:47',301,7,7724),(449497858,'2018-05-15 09:08:05',103,10,5127),(449636364,'2018-08-25 12:41:16',496,5,56),(449724329,'2018-09-24 05:20:54',397,9,1535),(449769240,'2018-09-25 15:16:15',229,4,4540),(450225918,'2018-03-18 07:02:11',284,2,6161),(450342259,'2018-06-25 04:48:55',299,9,1212),(451233571,'2018-03-02 07:36:08',458,2,9199),(451404711,'2018-01-22 04:49:07',188,2,7186),(451635033,'2018-05-31 07:29:18',282,10,38),(451670230,'2018-10-23 23:14:10',113,5,4522),(451754708,'2018-04-05 16:05:07',294,8,3652),(452658038,'2018-10-07 06:46:10',499,8,1824),(452718128,'2018-08-21 09:39:31',328,9,8973),(452818428,'2018-09-01 18:52:50',180,8,939),(452872991,'2018-11-16 15:29:42',392,7,4474),(452965538,'2018-12-27 13:35:42',406,5,1556),(453055809,'2018-08-27 08:53:59',194,1,7052),(453407820,'2018-06-01 13:22:09',287,1,7212),(453436764,'2018-01-15 16:49:57',69,1,1561),(453558788,'2018-06-10 13:27:46',448,3,2927),(454099959,'2018-12-14 06:10:14',451,8,8807),(454323084,'2018-06-14 14:41:44',490,4,140),(454566288,'2018-05-15 12:59:41',56,1,7359),(454875474,'2018-05-25 06:00:29',120,7,1734),(455315997,'2018-06-29 10:24:18',10,4,3475),(455729097,'2018-01-21 05:03:22',148,10,4920),(456077895,'2018-05-25 08:45:09',157,4,2515),(456479892,'2018-04-27 21:35:59',54,5,9039),(456691858,'2018-10-22 06:43:30',326,4,5878),(456810144,'2018-03-23 15:56:54',462,5,9733),(456918024,'2018-04-09 07:55:54',212,4,8442),(457179599,'2018-09-12 22:05:15',285,6,7695),(457304602,'2018-11-21 05:51:08',326,2,8373),(457409450,'2018-12-15 16:22:18',426,4,4235),(458122506,'2018-02-19 05:41:05',42,1,3638),(458149911,'2018-06-15 17:20:11',398,4,814),(458315655,'2018-11-26 14:28:15',35,3,9218),(458540263,'2018-01-07 22:18:09',427,1,7376),(458587162,'2018-07-09 20:50:26',486,6,8641),(458966598,'2018-07-24 02:12:23',367,6,3057),(459273306,'2018-09-07 02:23:27',152,4,5860),(459297894,'2018-06-21 03:16:18',441,7,4095),(459714494,'2018-01-14 09:59:47',258,10,9490),(459858821,'2018-01-13 21:42:35',498,5,5340),(459860766,'2018-12-25 00:23:47',16,3,6699),(460397867,'2018-06-08 16:02:12',240,3,888),(461291482,'2018-08-29 06:21:50',418,6,1872),(461366444,'2018-12-19 13:54:17',289,4,7347),(461387463,'2018-02-03 06:23:53',57,2,3420),(461404873,'2018-03-29 11:39:51',326,5,9959),(461444790,'2018-11-29 12:15:54',23,4,2733),(461723538,'2018-08-10 01:07:42',42,7,8693),(461734146,'2018-02-10 21:12:35',354,10,2966),(461861817,'2018-08-09 11:52:19',46,5,7989),(461956065,'2018-04-24 14:43:54',12,8,7746),(462146241,'2018-05-27 06:31:42',307,5,991),(462270065,'2018-12-04 18:44:11',420,4,4624),(462410550,'2018-06-23 17:24:22',366,5,2876),(462426073,'2018-01-18 13:41:21',39,7,7320),(462443977,'2018-07-06 05:02:27',9,6,7753),(462447656,'2018-09-05 19:26:01',267,7,62),(462469989,'2018-12-31 08:03:09',15,7,2633),(462853673,'2018-04-30 18:51:00',245,9,3233),(462997681,'2018-02-02 02:50:11',408,10,7687),(463310541,'2018-12-20 00:06:14',439,3,702),(463653825,'2018-01-28 10:16:00',338,2,5311),(463770717,'2018-02-14 22:03:03',382,8,7221),(463910364,'2018-04-26 00:25:19',179,4,8143),(463936891,'2018-12-31 20:29:30',396,4,3533),(463992040,'2018-05-11 23:10:16',335,4,9805),(464088197,'2018-11-13 13:52:50',496,9,3049),(464294207,'2018-12-23 05:55:10',163,10,7962),(464627048,'2018-07-05 18:15:54',350,5,8759),(464774982,'2018-11-11 16:54:08',204,4,1112),(464958646,'2018-12-12 12:56:06',420,6,5757),(465002281,'2018-06-01 07:27:38',351,8,6071),(465990364,'2018-01-03 18:15:52',387,8,4884),(466005036,'2018-05-18 19:52:01',146,3,3464),(466155037,'2018-05-08 14:49:15',142,3,2269),(466243696,'2018-05-15 03:13:41',469,7,4281),(466325950,'2018-06-21 09:56:45',346,6,6950),(467042388,'2018-11-07 08:27:49',31,6,3043),(467482304,'2018-10-24 00:08:49',323,6,6861),(467563467,'2018-04-27 12:23:10',184,8,9586),(467633414,'2018-05-22 10:59:22',472,1,6069),(467673453,'2018-01-31 23:43:33',225,5,1231),(468018197,'2018-06-05 05:04:33',492,6,2608),(468378216,'2018-03-28 22:11:26',59,10,288),(468542842,'2018-05-06 21:37:10',416,3,3866),(468787250,'2018-05-26 22:55:27',45,9,5613),(468908292,'2018-03-10 14:16:41',364,5,6899),(469090888,'2018-03-19 21:43:34',185,2,2271),(469420469,'2018-03-10 02:26:27',307,2,4799),(469726956,'2018-10-30 02:59:57',155,8,9821),(469746064,'2018-11-21 15:34:29',177,2,9077),(470441781,'2018-11-20 00:02:32',426,2,5499),(470482556,'2018-10-04 02:27:53',352,4,3651),(470796592,'2018-09-13 18:08:34',400,3,6779),(470804675,'2018-08-20 05:12:45',387,1,1732),(471011376,'2018-02-28 05:59:20',174,10,9218),(471289165,'2018-10-17 03:25:34',234,10,8099),(471300972,'2018-12-11 00:26:25',209,7,1604),(472210676,'2018-08-03 01:52:52',421,9,2397),(472301379,'2018-04-18 17:03:13',309,2,5080),(472556476,'2018-08-26 00:35:41',377,7,7396),(473150453,'2018-11-07 14:31:51',213,8,2142),(473176791,'2018-01-18 02:14:45',15,1,7691),(473223515,'2018-04-28 23:30:55',173,2,5316),(473319122,'2018-06-30 22:59:05',388,3,474),(473635866,'2018-10-14 16:29:09',426,5,1786),(473815660,'2018-03-16 04:45:56',127,9,8873),(473905467,'2018-09-23 15:08:04',458,3,2867),(474167921,'2018-06-13 04:12:19',149,9,4778),(475274872,'2018-07-13 03:10:45',270,10,5267),(475336330,'2018-04-20 11:20:21',424,4,5135),(475363566,'2018-03-29 21:08:12',36,4,128),(475403133,'2018-10-04 06:23:45',213,10,258),(475507924,'2018-05-18 09:40:04',439,3,6386),(475511274,'2018-10-13 13:24:33',302,1,2727),(475686496,'2018-05-10 23:51:58',244,2,3560),(475898723,'2018-05-26 07:46:38',407,10,3384),(475970303,'2018-05-29 06:17:20',211,4,4206),(476059717,'2018-07-02 02:06:50',324,1,4598),(476066083,'2018-05-07 23:33:31',246,1,2951),(476339987,'2018-06-30 07:07:47',290,7,7537),(476518236,'2018-04-13 18:06:29',262,3,924),(476587151,'2018-06-15 23:11:53',441,5,7084),(477012867,'2018-09-17 03:25:35',252,4,8113),(477187545,'2018-06-13 01:34:06',406,9,4971),(477417443,'2018-06-06 20:26:11',496,9,8591),(477644240,'2018-04-18 05:02:21',224,2,5017),(477756508,'2018-02-10 03:39:22',152,7,261),(477802726,'2018-04-01 22:09:51',7,5,8848),(477935620,'2018-10-18 08:04:26',162,10,724),(478229334,'2018-04-02 11:42:06',245,2,2274),(478233555,'2018-05-13 08:30:52',131,10,6873),(478654489,'2018-05-13 20:21:01',353,3,9895),(478738633,'2018-11-15 05:24:24',341,4,8183),(478787614,'2018-11-16 22:00:23',363,5,63),(478792709,'2018-02-19 00:47:58',42,10,4044),(479165994,'2018-05-30 18:19:17',32,2,2455),(479391829,'2018-03-29 11:10:52',203,6,858),(479606557,'2018-08-20 16:24:17',379,4,3377),(479904245,'2018-05-22 09:58:22',387,6,8274),(479992169,'2018-08-22 13:57:40',337,1,5606),(480202462,'2018-10-19 13:30:48',350,4,5974),(480208908,'2018-09-25 14:32:07',162,6,2439),(480210201,'2018-01-05 10:36:28',476,3,1223),(480316465,'2018-08-09 22:27:59',3,1,4817),(480477048,'2018-05-09 11:02:08',49,8,9126),(480583535,'2018-04-19 04:00:54',200,3,5137),(480854762,'2018-09-16 03:15:01',32,4,5254),(481086820,'2018-11-12 04:44:03',419,3,7651),(481125928,'2018-01-19 21:52:11',240,10,2606),(481929666,'2018-01-14 05:49:44',178,7,3845),(482408508,'2018-01-20 00:46:07',103,3,3048),(482648545,'2018-05-16 18:53:36',127,4,2242),(482846370,'2018-05-08 07:20:42',283,6,4901),(483094284,'2018-09-04 00:51:52',248,9,1779),(483265506,'2018-11-09 12:10:50',301,6,9045),(483317111,'2018-07-06 15:17:33',296,5,6873),(483362564,'2018-05-16 23:38:04',435,3,2444),(483375568,'2018-11-27 05:42:01',221,7,6081),(483474334,'2018-11-30 13:22:24',12,4,7273),(483541410,'2018-12-02 10:40:49',460,5,8094),(483754786,'2018-04-26 22:04:19',176,1,8943),(483788173,'2018-02-23 07:59:31',35,10,9203),(483861309,'2018-02-06 00:41:10',229,8,5170),(483888971,'2018-05-20 15:42:32',54,6,6514),(484121852,'2018-10-15 08:08:55',116,10,4760),(484441106,'2018-12-29 10:30:25',146,6,1593),(484611360,'2018-02-09 23:09:50',148,6,6131),(484775156,'2018-01-28 01:05:30',138,8,8770),(484854846,'2018-03-29 13:28:07',429,6,1874),(484939806,'2018-07-02 17:56:25',125,4,1177),(484978651,'2018-03-23 14:56:07',51,1,2588),(485642554,'2018-04-18 21:53:29',2,2,3272),(485659274,'2018-07-06 23:40:02',257,1,2714),(485743178,'2018-07-28 13:44:41',327,2,5881),(485754128,'2018-12-14 20:46:01',69,6,1287),(486182536,'2018-02-07 14:29:58',168,6,1015),(486288457,'2018-01-02 13:12:24',388,1,4854),(486306986,'2018-01-26 03:01:32',447,7,8020),(486839374,'2018-06-10 20:11:19',428,3,2525),(486990054,'2018-07-09 19:19:15',11,10,7755),(487048242,'2018-06-01 10:22:23',255,1,5615),(487214362,'2018-07-17 19:50:59',389,3,1721),(487955625,'2018-11-03 05:40:51',300,1,4221),(488324697,'2018-04-20 12:38:14',450,8,145),(488433050,'2018-03-03 18:57:03',371,6,7736),(488557182,'2018-07-06 05:48:52',247,4,3782),(488557333,'2018-07-10 09:36:03',370,4,9631),(488694395,'2018-01-09 08:33:42',22,9,1768),(489008287,'2018-03-28 06:27:01',450,6,5338),(489086733,'2018-09-08 05:24:30',281,9,1774),(489110063,'2018-01-10 10:53:06',375,9,471),(489187555,'2018-02-14 23:45:26',211,8,6558),(489257997,'2018-12-26 20:15:14',16,8,5941),(489405642,'2018-09-10 03:54:56',238,2,5044),(490007548,'2018-10-09 09:23:14',58,7,8217),(490380646,'2018-01-08 16:02:02',280,9,6122),(490404793,'2018-05-02 19:04:26',34,1,5647),(490831436,'2018-11-15 04:23:19',84,2,2863),(490868857,'2018-02-06 12:32:18',6,8,5629),(490927875,'2018-02-23 00:10:47',418,10,5216),(491247187,'2018-01-26 11:07:19',424,1,5385),(491284329,'2018-07-10 01:55:20',319,5,2171),(491343024,'2018-04-09 23:06:15',486,7,9494),(491510559,'2018-08-21 17:07:10',469,9,8303),(491589803,'2018-12-17 15:45:02',342,6,5696),(491963102,'2018-11-17 12:45:02',416,7,4632),(492322046,'2018-10-30 16:51:49',93,4,6349),(492357285,'2018-08-04 19:34:04',5,2,5385),(492657961,'2018-12-21 18:03:29',67,8,9394),(492904770,'2018-05-16 22:51:34',170,7,5323),(492905320,'2018-05-29 13:28:30',178,10,7450),(493036225,'2018-06-30 22:49:53',109,3,7146),(493189340,'2018-09-27 06:49:44',308,7,4562),(493199476,'2018-09-08 20:43:13',439,9,6386),(493290009,'2018-07-17 23:58:10',293,5,1768),(493313118,'2018-12-28 18:11:11',122,2,5971),(493700861,'2018-04-21 13:25:10',20,7,505),(493820687,'2018-07-22 13:58:40',216,10,5304),(493885690,'2018-02-19 09:47:26',60,3,7201),(493897646,'2018-03-26 09:10:23',50,7,3556),(493912806,'2018-10-11 12:21:20',365,8,8643),(493950505,'2018-08-18 23:06:22',270,7,4573),(494073594,'2018-11-05 02:37:26',192,5,6921),(494158096,'2018-12-25 23:47:19',154,6,9769),(494460618,'2018-02-12 01:15:59',498,9,2386),(494634849,'2018-06-20 01:17:18',68,5,8337),(494658950,'2018-05-30 05:55:23',415,10,2529),(494687143,'2018-06-17 20:32:12',315,9,5037),(494815154,'2018-08-08 23:15:05',369,7,5367),(495017690,'2018-08-15 13:52:54',30,8,7827),(495332195,'2018-11-14 23:45:57',382,8,1985),(495387568,'2018-03-09 08:46:20',457,4,8790),(495717165,'2018-02-24 17:52:16',105,10,8412),(495935855,'2018-06-02 04:51:13',235,1,8667),(496035353,'2018-04-18 00:30:38',133,5,4178),(496175679,'2018-03-23 13:21:23',200,4,9871),(496494430,'2018-11-10 07:22:31',200,3,6305),(496607926,'2018-11-16 16:00:19',310,6,5585),(496665523,'2018-01-02 19:58:34',383,4,6913),(497217146,'2018-04-27 14:23:19',114,9,2637),(497296664,'2018-08-24 21:41:26',383,6,891),(498568406,'2018-06-02 08:35:05',297,8,6300),(498810070,'2018-11-23 03:52:45',321,10,847),(499554598,'2018-02-17 09:19:21',97,10,6921),(499916282,'2018-09-27 19:04:19',267,3,4761),(500300242,'2018-10-03 00:00:03',414,9,5372),(500336734,'2018-10-12 05:48:42',262,9,8862),(500590956,'2018-04-10 21:27:53',335,7,2207),(500948118,'2018-06-29 07:06:33',108,7,7150),(501071812,'2018-12-11 01:24:42',264,8,6286),(501085509,'2018-12-08 06:39:27',18,10,7095),(501349134,'2018-08-06 11:58:43',77,5,4907),(501532686,'2018-09-08 20:12:28',35,2,7317),(501560164,'2018-08-13 23:30:36',140,1,5671),(501587581,'2018-02-12 23:39:42',32,7,4127),(501643188,'2018-02-07 20:54:44',154,4,4426),(501766996,'2018-02-27 16:31:37',65,4,9156),(502175228,'2018-05-31 10:26:40',131,7,6150),(502345830,'2018-07-31 02:31:20',381,9,1365),(502821065,'2018-04-27 11:53:58',188,10,247),(502853174,'2018-12-03 23:16:40',311,8,1243),(502998787,'2018-03-26 07:05:12',481,4,9848),(503192039,'2018-09-07 17:15:20',391,3,2857),(503420996,'2018-11-01 00:21:57',306,10,1482),(503560296,'2018-02-26 07:49:33',8,2,2438),(503952402,'2018-09-09 01:18:39',18,9,1774),(504114164,'2018-08-31 15:35:43',344,5,5615),(504236977,'2018-07-17 13:15:34',275,5,5818),(504354189,'2018-07-20 18:31:26',123,2,8638),(504359412,'2018-07-15 05:06:37',394,7,8588),(504624895,'2018-09-11 00:13:59',242,1,5791),(505025947,'2018-12-10 11:40:13',366,4,8425),(505206473,'2018-02-01 04:44:00',46,5,9962),(505233569,'2018-07-03 11:03:28',359,10,190),(505398891,'2018-05-29 09:41:04',337,4,57),(505585156,'2018-12-14 08:13:16',463,10,761),(505599173,'2018-05-27 17:00:32',458,6,9750),(505719392,'2018-11-17 09:58:32',414,9,5516),(505753234,'2018-07-16 05:57:46',335,2,4344),(506011966,'2018-04-27 01:19:57',348,9,85),(506251941,'2018-09-28 22:47:01',377,5,4576),(506408799,'2018-12-27 23:48:07',158,2,2252),(506545666,'2018-01-12 02:12:11',26,10,8596),(506559499,'2018-02-07 00:41:50',313,6,8915),(506771677,'2018-01-23 03:33:29',330,7,2177),(506861774,'2018-11-28 23:45:26',198,10,5587),(507210738,'2018-06-02 01:42:26',261,6,609),(507492156,'2018-05-05 05:49:13',125,8,2655),(507505902,'2018-05-28 13:30:40',151,3,5075),(507584702,'2018-01-30 12:53:36',46,1,8140),(507870232,'2018-01-19 05:01:57',53,7,5098),(507886611,'2018-06-09 15:52:15',275,2,4399),(508025054,'2018-10-28 03:24:19',266,8,4013),(508068930,'2018-09-27 05:16:39',400,7,9997),(508091716,'2018-03-01 12:30:50',411,6,9199),(508266264,'2018-04-21 07:36:48',99,4,2445),(508279435,'2018-08-31 08:18:23',319,5,7916),(508334286,'2018-11-13 22:10:16',219,5,575),(508345431,'2018-10-28 18:39:23',307,1,1715),(508424588,'2018-03-08 14:27:46',309,7,9089),(508593037,'2018-08-26 03:47:30',347,6,3646),(508820878,'2018-04-01 15:04:13',60,10,2250),(508944097,'2018-03-31 07:27:40',125,3,2831),(509308192,'2018-05-20 19:43:12',131,6,6492),(509469589,'2018-12-10 02:58:25',459,1,7704),(509565283,'2018-07-25 06:32:54',246,3,8964),(509748330,'2018-12-01 17:57:23',216,2,4820),(510149029,'2018-05-31 03:34:42',176,2,1522),(510351475,'2018-01-22 18:20:09',217,6,1170),(510491604,'2018-10-28 00:37:56',310,2,839),(510571694,'2018-05-05 04:46:45',299,3,3136),(510577703,'2018-09-10 07:12:08',259,4,7883),(511005949,'2018-02-23 00:15:04',243,4,9900),(511028769,'2018-02-19 23:15:14',414,6,6769),(511480887,'2018-03-16 07:33:28',64,5,7263),(511542157,'2018-04-08 23:58:20',479,5,9552),(511715730,'2018-05-25 14:06:42',269,6,2949),(511867451,'2018-12-29 21:15:48',407,8,9883),(511956235,'2018-02-08 08:35:29',148,3,8892),(512001317,'2018-08-23 04:41:31',184,3,8376),(512167176,'2018-09-30 02:58:43',192,9,6027),(512193698,'2018-11-16 15:41:39',77,9,6946),(512242214,'2018-12-21 22:26:14',479,3,8392),(512279840,'2018-05-25 00:35:54',202,1,6019),(512306923,'2018-11-18 16:33:11',351,3,2551),(512394459,'2018-12-12 16:07:26',105,9,3086),(512653163,'2018-08-02 22:34:46',179,2,79),(512714191,'2018-10-07 10:28:02',122,10,3388),(512960581,'2018-04-10 02:01:30',303,9,5233),(513226751,'2018-07-12 06:12:44',359,7,6124),(513261348,'2018-09-13 05:01:20',382,3,9801),(513445666,'2018-05-28 16:28:23',481,1,3878),(513540943,'2018-02-16 15:54:27',257,8,3684),(513894321,'2018-11-14 20:06:10',313,4,6955),(513900172,'2018-10-10 14:24:43',443,4,8396),(514036522,'2018-01-15 09:20:15',257,4,8787),(514052562,'2018-01-08 21:39:17',54,1,1261),(514337217,'2018-04-06 09:05:41',436,3,9108),(514379685,'2018-07-28 01:56:24',411,8,7330),(514391142,'2018-03-12 07:15:30',101,8,430),(514550219,'2018-10-13 22:33:31',216,7,2041),(514658687,'2018-03-22 22:43:16',131,5,1711),(514816045,'2018-09-25 22:39:53',106,8,3632),(514959299,'2018-12-05 10:50:33',11,9,8700),(514962483,'2018-02-20 21:32:18',312,8,1899),(515120432,'2018-10-03 04:54:36',270,9,3804),(515699745,'2018-12-30 11:11:02',441,10,6972),(515783249,'2018-06-07 20:11:04',215,4,4221),(515881009,'2018-08-23 11:24:09',226,6,6563),(516132077,'2018-05-10 07:33:18',192,1,9772),(516340445,'2018-05-14 22:34:30',385,1,9011),(516347703,'2018-06-06 01:39:31',255,5,3505),(516553933,'2018-05-14 20:57:16',31,5,4318),(516657988,'2018-03-18 00:20:13',117,4,676),(516691094,'2018-12-24 03:00:34',322,3,2132),(516857616,'2018-02-04 22:12:11',360,7,5902),(516879878,'2018-02-27 00:11:43',160,1,4978),(517180703,'2018-05-29 11:53:35',425,5,595),(517289617,'2018-01-03 20:54:19',25,8,9239),(517532296,'2018-10-08 05:28:36',240,5,9124),(517864305,'2018-12-04 21:57:29',167,7,9812),(518160420,'2018-09-20 02:43:53',296,3,5213),(518188490,'2018-08-17 07:45:23',268,4,3161),(518251638,'2018-09-24 06:24:40',103,7,7727),(518403344,'2018-01-07 20:42:29',143,6,3863),(518408905,'2018-08-27 19:05:28',397,10,6921),(519207390,'2018-02-03 15:34:53',295,9,5338),(519318500,'2018-06-03 05:20:30',191,6,4162),(519503456,'2018-12-01 22:21:15',474,4,1744),(519641075,'2018-07-26 13:51:06',207,9,6647),(519726838,'2018-06-11 03:53:14',110,6,5651),(520202727,'2018-01-20 22:19:28',292,7,8304),(520802026,'2018-06-25 04:12:32',79,3,9202),(520927962,'2018-08-16 05:12:06',398,6,4959),(521030726,'2018-12-31 02:16:53',419,8,8607),(521069165,'2018-12-12 18:20:33',84,4,6449),(521340408,'2018-08-30 07:26:36',168,1,8423),(521453168,'2018-11-07 04:47:42',194,9,593),(522110912,'2018-10-06 00:25:31',429,10,9166),(522156501,'2018-02-15 01:59:54',250,5,1634),(522442361,'2018-12-18 06:28:25',257,8,1827),(522675759,'2018-07-19 05:19:04',226,4,7453),(522730309,'2018-01-04 01:41:56',153,1,1255),(522902425,'2018-06-29 05:05:08',285,9,3214),(523229276,'2018-06-12 21:41:55',482,4,1548),(523440681,'2018-02-17 16:00:15',320,4,8828),(523570197,'2018-01-11 15:40:01',423,4,7039),(523687492,'2018-09-01 07:12:59',463,5,8999),(524425678,'2018-05-18 18:14:48',29,10,3305),(524471928,'2018-09-16 18:30:22',362,1,6040),(524601850,'2018-03-18 16:35:16',125,8,9592),(524611910,'2018-01-13 18:21:57',298,1,3193),(525014989,'2018-08-16 18:58:47',356,4,5595),(525406799,'2018-02-06 00:17:44',439,6,6123),(525746092,'2018-01-18 01:05:32',248,1,9957),(526633775,'2018-11-23 16:37:52',472,9,8640),(526706298,'2018-03-05 08:11:19',393,7,1181),(526876946,'2018-09-17 16:22:06',340,7,5271),(526956845,'2018-08-24 05:11:57',360,1,2797),(526968121,'2018-02-06 07:55:11',373,6,6241),(526973486,'2018-07-09 20:31:30',379,2,6138),(526994108,'2018-01-30 00:38:22',287,5,2960),(527162239,'2018-07-14 04:38:25',386,1,5480),(527512953,'2018-07-01 01:38:28',335,10,8582),(527524702,'2018-09-22 02:56:59',248,3,8006),(527728672,'2018-11-23 03:05:26',69,10,2076),(527882653,'2018-03-14 20:25:37',52,7,8380),(528082199,'2018-11-14 11:07:29',428,6,6744),(528588049,'2018-05-18 13:05:01',53,3,8156),(528711406,'2018-03-25 16:41:40',230,7,1257),(528749286,'2018-06-07 03:53:47',141,4,1702),(528818520,'2018-11-04 08:06:48',172,6,4866),(528833552,'2018-07-18 00:08:22',221,7,2124),(528972392,'2018-03-04 10:44:30',159,3,9123),(529090744,'2018-05-31 05:32:33',120,1,5177),(529244544,'2018-04-01 14:09:59',36,2,8895),(529252195,'2018-01-02 08:48:14',334,10,5029),(529296672,'2018-02-01 13:46:31',223,1,1618),(529324273,'2018-03-27 12:01:28',487,8,2308),(529432202,'2018-06-12 00:40:18',275,7,5839),(529549722,'2018-05-11 09:45:37',216,6,2514),(529652605,'2018-12-12 00:53:08',392,3,1785),(529684781,'2018-09-28 14:53:17',280,3,2601),(529886691,'2018-07-09 10:55:43',447,7,1826),(530041398,'2018-12-11 07:41:15',19,1,1766),(530400675,'2018-06-07 11:37:14',235,6,5127),(530460724,'2018-06-27 00:07:23',329,10,5574),(530593051,'2018-07-07 05:25:33',411,10,4981),(530629643,'2018-05-27 14:50:10',343,10,9300),(530700367,'2018-07-10 15:21:25',174,4,3890),(530799848,'2018-11-26 10:28:24',374,8,1662),(530825494,'2018-10-01 01:23:44',324,9,1553),(530845814,'2018-12-14 07:55:30',339,9,4743),(530877257,'2018-04-13 10:59:14',453,6,9655),(531023681,'2018-02-25 06:17:57',238,7,8926),(531099171,'2018-06-17 15:32:10',318,4,9585),(531290032,'2018-10-14 22:05:39',370,1,7673),(531349860,'2018-01-03 21:43:06',467,6,6184),(531359465,'2018-05-29 03:17:00',334,2,1590),(531661384,'2018-12-12 11:31:05',478,4,2446),(531723132,'2018-06-29 00:10:55',397,10,9013),(531738868,'2018-03-31 09:01:10',122,7,7034),(532038776,'2018-06-06 21:46:55',164,6,2239),(532427952,'2018-02-26 05:41:35',125,7,8699),(532439063,'2018-10-20 00:16:39',445,7,81),(532462359,'2018-04-26 15:38:53',365,4,1664),(532620240,'2018-09-19 03:58:07',230,2,3119),(534228203,'2018-11-03 20:59:25',455,3,2773),(534774648,'2018-08-20 04:06:56',173,8,625),(534848963,'2018-05-15 09:35:07',359,7,2973),(534901928,'2018-10-02 01:51:52',267,2,5701),(534940065,'2018-05-08 09:41:55',220,8,4346),(534951411,'2018-02-07 22:48:27',189,3,5527),(535178772,'2018-04-07 22:47:22',240,8,2182),(535305204,'2018-11-28 22:26:37',442,2,4471),(535505590,'2018-02-17 21:27:17',427,8,6569),(535839762,'2018-03-26 04:43:57',301,7,6437),(535895932,'2018-01-02 19:58:33',155,5,4940),(536028109,'2018-07-06 10:09:23',251,6,6084),(536109749,'2018-05-29 10:29:18',320,7,9717),(536188315,'2018-09-04 06:15:41',318,4,4127),(536381001,'2018-11-06 16:54:29',427,3,8378),(536453681,'2018-01-17 18:47:30',334,4,3072),(536459599,'2018-02-13 11:28:00',459,5,9958),(536640786,'2018-10-01 17:00:54',350,5,5116),(536978430,'2018-01-06 14:45:45',438,1,6456),(537081146,'2018-07-13 09:26:14',327,3,9786),(537140659,'2018-03-09 16:44:12',123,5,5009),(537313318,'2018-12-22 05:20:19',404,6,7155),(537888442,'2018-10-22 12:28:28',468,7,7416),(538238091,'2018-03-27 04:20:35',276,8,8871),(538287897,'2018-10-22 22:17:46',159,1,956),(538320808,'2018-11-05 17:06:09',359,5,9644),(538403026,'2018-04-19 13:34:34',38,9,9576),(538433176,'2018-02-22 19:08:37',223,5,1714),(538498553,'2018-11-14 17:00:39',333,5,9463),(538548046,'2018-03-16 18:34:52',4,5,4212),(538653231,'2018-08-28 14:04:07',325,3,2930),(538713106,'2018-12-17 18:17:36',285,10,6590),(538782669,'2018-10-29 07:37:44',81,9,1630),(538835758,'2018-09-06 11:46:27',300,5,1335),(539122232,'2018-08-20 02:58:13',451,7,1294),(539409102,'2018-03-24 10:12:02',464,4,522),(539535425,'2018-03-17 08:22:40',212,7,3955),(539585253,'2018-01-06 09:56:20',171,8,8113),(539614774,'2018-09-09 18:01:43',425,5,9190),(539712809,'2018-01-12 04:57:44',102,7,6830),(539760616,'2018-07-16 18:12:02',119,2,5933),(540066381,'2018-10-19 20:03:21',356,9,841),(540253867,'2018-10-12 20:42:00',475,6,3960),(540601423,'2018-06-02 02:39:17',182,1,681),(540603306,'2018-09-21 17:34:01',401,7,4023),(540810369,'2018-01-27 05:47:55',374,3,1688),(541110243,'2018-05-05 13:36:00',91,8,7316),(541120004,'2018-08-30 01:14:55',338,6,5939),(542031180,'2018-05-22 08:14:14',59,5,2730),(542140364,'2018-03-25 05:04:29',402,1,5243),(542399861,'2018-07-25 10:15:27',79,6,8981),(542868769,'2018-11-15 19:25:16',320,6,4196),(543057083,'2018-03-24 03:03:48',339,4,6169),(543076404,'2018-09-22 00:03:39',240,6,4583),(543440520,'2018-10-15 14:07:52',481,6,8926),(543492902,'2018-03-01 20:01:52',201,4,3671),(543502610,'2018-01-19 10:24:01',302,10,9567),(543568324,'2018-05-14 10:19:52',212,4,4853),(543733536,'2018-09-15 18:21:49',414,5,5974),(543979469,'2018-12-18 21:28:01',308,6,8640),(543994015,'2018-04-01 13:55:01',208,8,3811),(544153688,'2018-05-17 15:22:27',185,6,7614),(544223246,'2018-08-02 11:02:52',232,3,6553),(544403928,'2018-01-18 23:22:29',105,7,2029),(545066023,'2018-11-30 20:31:11',25,3,8493),(545242337,'2018-02-25 03:11:53',172,7,3730),(545389124,'2018-12-01 03:19:39',364,10,4690),(545493694,'2018-08-06 00:21:08',265,4,6413),(545787362,'2018-03-17 14:38:15',231,4,7279),(545822972,'2018-11-29 11:53:46',405,8,2612),(545837857,'2018-08-23 10:49:54',116,10,7293),(545916372,'2018-10-21 21:37:37',136,9,406),(545986223,'2018-10-24 11:35:59',409,8,3936),(546263807,'2018-03-01 20:04:03',76,10,6456),(546333710,'2018-09-01 19:51:23',344,9,6446),(546471657,'2018-05-28 17:11:13',126,6,1160),(546583962,'2018-04-19 05:50:02',169,1,6183),(546992672,'2018-07-04 05:47:40',295,6,5845),(547018816,'2018-01-01 09:12:20',384,8,275),(547154590,'2018-01-03 23:18:24',143,8,3089),(547428252,'2018-04-13 12:52:06',47,9,34),(547529032,'2018-08-13 11:50:11',336,4,7323),(547705670,'2018-03-16 01:43:08',197,10,8071),(547878692,'2018-07-28 14:30:36',265,6,5191),(547952038,'2018-11-25 04:42:09',396,7,4824),(548146741,'2018-05-10 20:02:11',159,4,7768),(548167323,'2018-05-03 01:10:05',441,7,981),(548590956,'2018-01-23 09:37:10',474,8,3093),(548690726,'2018-08-16 13:19:08',262,1,4522),(548762339,'2018-07-14 03:37:46',257,3,2783),(548989514,'2018-03-20 20:44:10',31,10,1729),(549337825,'2018-01-27 15:49:41',39,6,8381),(549948880,'2018-03-04 22:19:20',11,10,2151),(549995465,'2018-04-10 20:21:50',496,7,7321),(550440398,'2018-05-29 23:28:43',470,5,6926),(550509817,'2018-07-05 11:47:20',172,5,9184),(550890619,'2018-08-23 22:48:20',377,3,3949),(550929331,'2018-03-08 03:27:03',356,7,2664),(550995472,'2018-04-11 04:59:25',178,3,1169),(551007922,'2018-08-14 13:37:42',370,8,890),(551085639,'2018-04-03 14:16:48',341,2,224),(551218586,'2018-07-04 00:01:53',11,10,6254),(551386533,'2018-12-15 01:15:38',10,2,9216),(551416863,'2018-04-02 13:40:55',250,7,6888),(551427115,'2018-06-17 05:46:31',306,10,8053),(551873350,'2018-05-29 04:20:49',292,2,1156),(551884526,'2018-12-21 10:38:55',123,8,7157),(551993554,'2018-11-24 11:30:58',277,7,4062),(552840783,'2018-05-17 16:22:16',437,5,9914),(553119905,'2018-04-10 11:58:04',297,1,8456),(553163037,'2018-01-11 16:02:03',342,8,6299),(553166988,'2018-05-21 18:27:01',476,5,2812),(553208847,'2018-10-26 11:35:19',171,7,7305),(553240312,'2018-05-19 16:54:20',358,9,9467),(553346271,'2018-08-14 21:46:03',337,4,5090),(553369981,'2018-06-09 14:25:45',439,10,2969),(553475965,'2018-03-20 17:34:06',242,2,727),(553707534,'2018-09-21 12:14:52',28,3,5780),(553766208,'2018-12-16 18:51:47',355,1,575),(554026520,'2018-08-05 10:53:13',79,2,9414),(554277423,'2018-05-29 07:30:31',99,3,1895),(554858742,'2018-09-03 22:09:12',149,1,6951),(555538726,'2018-01-14 15:26:48',315,5,9211),(556003194,'2018-12-30 03:16:33',479,3,798),(556045396,'2018-04-16 22:55:04',427,3,7035),(556081017,'2018-09-09 10:59:23',172,10,8010),(556131925,'2018-01-23 00:20:47',365,7,2525),(556173268,'2018-01-02 23:20:38',333,3,2375),(556355220,'2018-06-02 06:15:39',402,2,3666),(556863027,'2018-10-04 19:09:34',23,4,8593),(557144481,'2018-03-05 16:18:34',328,2,8663),(557197571,'2018-04-05 03:28:52',386,1,3782),(557224524,'2018-05-25 16:36:48',481,3,7964),(557259282,'2018-05-31 10:30:07',32,5,4133),(557366619,'2018-01-13 23:50:54',260,8,1452),(557483847,'2018-01-02 16:31:03',262,4,4527),(558209803,'2018-10-04 07:28:54',144,8,140),(558212535,'2018-07-28 06:20:23',146,5,5352),(558309260,'2018-06-05 11:47:39',81,5,9268),(558525622,'2018-01-03 22:37:54',50,8,8209),(558752349,'2018-06-30 05:04:53',51,10,8437),(559230023,'2018-10-17 08:18:40',469,1,8128),(559273760,'2018-06-07 05:52:01',467,4,9946),(559495090,'2018-04-22 00:53:10',79,3,8859),(559511193,'2018-04-09 14:09:02',418,1,8418),(559621202,'2018-09-27 20:43:41',411,7,3964),(560475458,'2018-04-25 17:09:40',490,8,3207),(560489113,'2018-07-17 21:15:50',158,3,4264),(560539319,'2018-05-01 16:35:58',98,9,1339),(560636510,'2018-12-23 17:43:19',200,8,4302),(560946893,'2018-01-12 09:05:21',360,10,1968),(561121838,'2018-01-02 06:35:18',173,3,9713),(561376178,'2018-09-10 12:42:04',231,2,7928),(561412139,'2018-06-04 02:09:48',7,2,9441),(561435875,'2018-09-18 18:52:13',91,9,3927),(561500097,'2018-01-26 16:30:58',191,10,3641),(561732511,'2018-03-09 04:09:40',481,5,4596),(561960027,'2018-06-21 13:03:18',435,9,1968),(562250472,'2018-07-02 03:24:46',129,1,3627),(562395910,'2018-02-19 07:34:41',443,9,5678),(562616537,'2018-12-11 10:07:33',262,5,1751),(563352312,'2018-08-08 16:18:49',383,5,6759),(563394841,'2018-07-30 19:29:02',436,5,8912),(563475031,'2018-07-26 07:50:16',253,10,2058),(563584270,'2018-08-28 08:42:02',182,4,60),(563944743,'2018-02-22 22:59:15',479,7,8803),(564410426,'2018-07-11 09:06:10',343,4,6990),(564476550,'2018-10-28 05:39:05',109,8,7017),(564889357,'2018-01-13 15:32:16',369,4,7414),(565859533,'2018-02-14 17:50:34',190,7,6720),(565961820,'2018-11-06 07:27:07',479,6,294),(566052185,'2018-09-01 19:04:17',366,6,9298),(566064875,'2018-12-29 10:50:59',415,3,9088),(566135819,'2018-11-12 14:45:34',75,2,9858),(566211797,'2018-08-29 05:26:36',357,5,5271),(566409002,'2018-02-06 15:28:02',54,6,3000),(566975537,'2018-11-30 00:45:19',428,4,476),(566987778,'2018-04-14 16:08:15',229,2,7359),(567052165,'2018-01-21 11:12:36',44,8,3813),(567054974,'2018-11-27 23:58:53',368,1,4808),(567098334,'2018-03-10 03:35:21',181,9,2544),(567115154,'2018-05-21 01:24:31',179,3,5757),(567454006,'2018-06-28 15:28:05',484,4,4036),(567470631,'2018-09-11 01:34:38',190,8,3675),(567521839,'2018-06-11 19:10:58',254,9,1342),(567588270,'2018-07-10 08:07:14',231,2,3618),(567788321,'2018-11-03 10:08:42',222,6,3450),(567919637,'2018-08-26 06:16:55',339,8,2683),(568116189,'2018-09-08 22:00:14',235,3,9122),(568201978,'2018-02-18 17:15:15',3,2,1757),(568296437,'2018-05-15 11:56:55',56,3,8965),(568383569,'2018-02-17 15:51:17',409,6,3635),(568401530,'2018-11-09 20:27:02',93,8,5689),(568453251,'2018-09-24 07:09:30',463,9,3595),(568506494,'2018-09-18 05:42:35',14,2,3453),(568573961,'2018-11-26 06:32:23',256,2,5318),(568811287,'2018-01-27 01:19:38',334,8,8273),(568832097,'2018-11-13 06:23:26',144,10,5954),(568925277,'2018-05-17 16:13:00',384,7,6631),(569112725,'2018-05-01 13:54:50',110,2,7395),(569169076,'2018-11-14 07:10:54',49,10,9781),(569604629,'2018-07-18 17:01:04',115,3,6339),(569963015,'2018-03-31 17:35:05',131,3,4877),(570215633,'2018-05-05 10:56:19',142,10,9605),(570268478,'2018-11-24 19:24:22',168,8,5796),(570417248,'2018-10-24 13:25:36',54,4,93),(570662839,'2018-03-09 01:57:48',65,8,4388),(571180898,'2018-07-09 11:15:58',243,8,3933),(571680909,'2018-09-02 08:52:01',230,8,9234),(571873798,'2018-08-18 18:09:13',398,7,8769),(572204704,'2018-03-17 22:00:40',418,7,8309),(572441941,'2018-03-06 13:40:30',281,10,7192),(572815758,'2018-11-01 03:51:19',152,6,6786),(572867993,'2018-08-14 13:17:03',317,6,1767),(572966627,'2018-02-20 05:00:46',259,1,9974),(573402105,'2018-11-08 17:23:58',476,7,7097),(573422180,'2018-09-16 03:00:12',108,9,6572),(573548185,'2018-11-15 14:01:14',476,7,6276),(573554896,'2018-03-28 20:20:24',18,9,1973),(573828599,'2018-11-16 21:57:19',303,8,1613),(574182293,'2018-10-04 13:43:04',26,2,976),(574338050,'2018-01-03 10:17:31',261,6,5572),(574712064,'2018-10-21 17:03:17',430,8,8736),(574775918,'2018-09-19 05:50:23',340,3,148),(575208560,'2018-11-13 02:09:16',278,9,2883),(575431500,'2018-05-20 09:40:42',332,5,5709),(575469183,'2018-11-27 10:19:17',201,8,1588),(575873333,'2018-07-28 08:47:51',121,3,9519),(576103593,'2018-07-22 22:24:51',235,6,5374),(576123328,'2018-12-18 12:55:38',154,1,845),(576318170,'2018-01-16 23:57:34',246,10,6521),(576383105,'2018-09-12 16:12:58',135,6,3941),(576392752,'2018-09-12 15:51:21',277,4,6963),(576641460,'2018-07-29 12:14:55',156,2,1062),(576720445,'2018-10-08 08:27:17',4,5,3515),(576957761,'2018-03-07 11:17:03',194,6,3305),(577234647,'2018-11-25 01:33:01',373,3,2041),(577476505,'2018-08-26 19:59:16',28,1,8462),(577691350,'2018-02-28 05:36:56',194,6,9221),(577738863,'2018-04-17 04:05:00',181,10,4827),(577906070,'2018-02-16 20:25:10',150,7,7727),(578065671,'2018-11-14 23:02:18',145,1,2863),(578409223,'2018-08-03 11:53:21',221,3,2226),(578452308,'2018-01-26 14:46:04',458,2,3788),(578572964,'2018-05-10 15:05:26',333,4,2048),(579441275,'2018-10-27 11:31:19',327,10,4926),(579593798,'2018-05-11 12:07:42',318,5,860),(579782393,'2018-08-10 17:58:27',263,5,4473),(579795068,'2018-06-14 19:06:03',183,10,4792),(579980353,'2018-10-24 11:53:56',289,5,6773),(580077415,'2018-07-19 17:50:45',390,7,1317),(580351679,'2018-11-30 11:47:20',497,3,841),(580372645,'2018-07-24 04:18:58',319,4,403),(580791408,'2018-09-27 02:38:43',177,5,4415),(580846201,'2018-09-13 02:45:00',314,8,6726),(580943955,'2018-02-08 11:46:20',39,9,6069),(580984958,'2018-06-08 16:02:47',179,3,2461),(581381660,'2018-05-22 17:05:53',32,7,6194),(582054668,'2018-09-02 17:02:12',266,6,2987),(582249069,'2018-06-30 12:50:45',335,1,4251),(582333523,'2018-04-01 07:38:11',346,1,5152),(582381689,'2018-02-21 15:52:50',9,4,3511),(583041140,'2018-05-23 04:04:02',312,10,9434),(583077496,'2018-03-12 18:11:21',459,2,8265),(583155106,'2018-09-02 09:11:52',448,1,6237),(583475792,'2018-04-12 05:03:30',77,4,2818),(583642689,'2018-05-05 11:35:33',471,6,8437),(584151805,'2018-09-04 13:27:03',187,5,6832),(584464498,'2018-08-23 18:40:16',345,2,4853),(584515509,'2018-08-26 12:53:40',319,4,4407),(584524296,'2018-05-09 03:47:35',260,7,1127),(585355831,'2018-09-22 02:23:24',127,5,3914),(585395362,'2018-08-30 13:18:38',27,9,7615),(585736379,'2018-04-03 18:11:10',443,6,8650),(585977283,'2018-09-02 12:21:37',458,2,5145),(586359038,'2018-11-01 21:18:39',48,9,2953),(586645276,'2018-03-22 18:32:33',235,2,9140),(586791342,'2018-03-19 00:20:07',354,7,9523),(586947043,'2018-03-13 07:24:33',23,4,1818),(587091018,'2018-04-13 21:05:16',169,8,1193),(587142968,'2018-02-10 04:22:36',326,7,3923),(587473690,'2018-01-12 21:35:18',232,5,459),(587867384,'2018-10-19 02:18:59',181,8,4807),(587892941,'2018-02-02 12:27:06',341,9,3139),(588128229,'2018-05-12 22:14:35',243,7,271),(588199131,'2018-07-03 19:36:07',70,2,1173),(588416985,'2018-01-01 17:06:24',136,6,4203),(588552062,'2018-05-19 13:04:17',103,1,9452),(588571569,'2018-07-27 02:51:24',51,7,3054),(589033376,'2018-02-12 16:30:42',463,10,9655),(589329214,'2018-02-27 06:32:50',255,7,6901),(589475367,'2018-01-30 07:11:14',190,1,7144),(589511960,'2018-04-09 01:23:40',142,6,1519),(589684495,'2018-02-08 15:26:15',402,9,4043),(589786075,'2018-11-10 19:26:53',452,3,3803),(589972302,'2018-04-18 06:42:31',296,8,9365),(590093115,'2018-09-19 20:30:31',62,5,8631),(590168174,'2018-04-01 05:57:13',428,10,11),(590375681,'2018-12-05 19:15:12',436,10,4397),(590474084,'2018-09-01 12:32:43',252,7,4145),(590482967,'2018-04-24 00:58:37',57,2,5057),(590642739,'2018-10-02 18:12:36',356,1,4929),(591003774,'2018-05-10 02:55:38',181,5,5643),(591093240,'2018-10-21 09:08:08',163,2,5061),(591133491,'2018-05-04 19:55:14',395,8,2757),(591298572,'2018-12-28 22:43:20',287,7,6408),(591475747,'2018-09-21 00:08:58',427,4,2120),(591520720,'2018-12-25 13:10:09',195,4,6886),(591523946,'2018-04-16 01:17:33',50,1,2973),(591630785,'2018-08-04 14:25:54',92,10,9620),(591691455,'2018-09-10 21:17:41',145,4,3873),(591778190,'2018-03-19 15:12:40',70,10,257),(591837566,'2018-11-02 14:47:04',455,2,6251),(591919243,'2018-12-16 05:04:51',321,2,5369),(591959442,'2018-05-22 20:29:55',338,9,3335),(592394499,'2018-12-05 05:42:21',494,9,6861),(593010356,'2018-09-05 15:22:57',111,4,2019),(593027747,'2018-06-10 18:26:29',270,9,5548),(593097781,'2018-09-16 19:04:46',80,2,1004),(593200339,'2018-09-09 19:00:38',325,9,9682),(593471105,'2018-12-12 18:27:27',152,1,6648),(593677215,'2018-03-25 15:58:47',91,4,3409),(594014560,'2018-03-28 10:19:51',206,1,2910),(594115337,'2018-11-05 19:19:48',327,10,7426),(594174062,'2018-10-17 08:22:27',131,1,7097),(594326667,'2018-04-16 12:38:11',432,10,8839),(594450296,'2018-03-28 02:07:37',298,1,7203),(594787607,'2018-08-01 13:43:00',313,7,9186),(594965056,'2018-06-11 11:33:18',484,2,9162),(594975049,'2018-06-25 18:54:00',330,9,7521),(595071489,'2018-09-25 17:54:38',409,9,9674),(595317791,'2018-05-08 13:17:14',452,8,8260),(595487230,'2018-06-17 16:43:50',205,1,2738),(595536015,'2018-06-27 20:26:01',444,4,5358),(595716764,'2018-03-21 22:04:46',45,1,6105),(595837886,'2018-07-03 08:18:50',46,6,7515),(595865662,'2018-10-25 17:36:57',299,8,8606),(595884860,'2018-07-31 03:21:24',302,7,1112),(596016337,'2018-07-31 14:25:49',401,10,2425),(596186417,'2018-04-27 05:29:20',441,7,6558),(596230707,'2018-02-27 13:14:57',317,4,6821),(596272993,'2018-02-17 17:52:56',389,5,5616),(596306582,'2018-10-30 19:46:40',181,1,8721),(596442355,'2018-12-11 22:14:55',8,6,6380),(596629885,'2018-05-19 19:52:04',292,1,9623),(596935933,'2018-10-16 07:37:43',449,1,2220),(597441871,'2018-02-07 12:53:57',137,8,4628),(597487363,'2018-04-16 04:52:26',332,9,6398),(597560360,'2018-08-15 04:45:12',300,9,6438),(597608771,'2018-08-20 08:52:26',177,2,8655),(597972329,'2018-03-24 08:05:28',368,6,8088),(598005886,'2018-10-23 16:09:55',337,2,2863),(598096527,'2018-12-21 08:58:15',120,6,2273),(598381206,'2018-06-28 15:32:34',458,5,1873),(598493252,'2018-05-13 13:05:24',311,8,2265),(598569468,'2018-06-19 12:39:00',442,6,1627),(598798643,'2018-07-19 10:19:03',344,8,3114),(598878317,'2018-01-26 12:15:23',145,5,5126),(599132944,'2018-12-04 22:42:03',388,8,1436),(599357855,'2018-03-10 18:28:48',407,3,6734),(599916027,'2018-07-06 22:45:01',124,9,8875),(600090613,'2018-08-03 20:30:24',205,7,9407),(600181687,'2018-06-30 06:17:17',332,10,75),(600325950,'2018-07-27 01:27:14',383,6,2085),(600682272,'2018-12-13 21:34:21',248,7,6886),(600798327,'2018-03-12 17:39:12',256,5,5731),(600874026,'2018-11-06 00:52:43',254,6,5767),(601036709,'2018-07-26 05:03:30',405,10,8381),(601136871,'2018-10-23 23:05:27',450,1,9466),(601471775,'2018-11-27 02:43:59',332,2,3051),(601627913,'2018-07-23 05:13:38',59,4,5433),(602372947,'2018-05-05 23:40:38',325,8,5675),(602483091,'2018-04-15 05:24:31',309,10,7593),(602514503,'2018-05-10 04:15:57',268,8,2185),(602621122,'2018-06-24 10:58:04',449,3,5278),(603183314,'2018-02-25 20:05:36',41,4,9042),(603262206,'2018-02-21 22:59:19',199,6,5075),(603664016,'2018-08-10 03:58:49',8,8,1885),(603780796,'2018-07-10 05:58:46',500,6,436),(603902255,'2018-03-21 19:54:05',278,5,5370),(603907811,'2018-06-16 01:16:04',96,10,4611),(603942441,'2018-04-28 22:14:49',337,6,3247),(603943426,'2018-01-05 15:04:57',477,3,6089),(604160891,'2018-04-17 10:13:29',379,8,2488),(604299243,'2018-02-14 03:59:41',19,5,5012),(604461299,'2018-08-27 01:18:53',197,10,8782),(604584699,'2018-02-19 01:27:23',476,10,6497),(605149848,'2018-11-07 17:21:36',86,9,2148),(605302379,'2018-10-20 13:55:59',282,8,4174),(605329698,'2018-08-11 05:18:50',134,4,6347),(605568546,'2018-12-11 13:16:32',93,6,1225),(606039906,'2018-10-09 11:45:30',358,4,6769),(606076610,'2018-06-24 21:47:12',24,9,1292),(606174806,'2018-05-02 11:47:24',151,4,6847),(606182781,'2018-05-11 05:15:32',295,1,9114),(606445967,'2018-05-23 23:15:58',304,4,1645),(606623027,'2018-10-23 23:53:35',346,2,6273),(606761970,'2018-03-29 23:57:45',121,7,8897),(606813477,'2018-07-28 03:59:59',188,1,6962),(606819844,'2018-06-30 08:14:29',393,4,9067),(606837625,'2018-01-02 17:29:03',329,6,3918),(606894953,'2018-10-10 01:15:43',150,4,6588),(607290742,'2018-10-10 23:07:44',56,8,3753),(607375400,'2018-10-25 18:13:16',36,5,4397),(607413076,'2018-08-21 03:49:54',15,8,7734),(607432550,'2018-10-26 05:48:25',438,9,9206),(607461967,'2018-10-07 13:35:36',404,3,5753),(607671313,'2018-09-01 22:24:00',310,9,1295),(607834280,'2018-06-16 13:00:45',198,4,9786),(607901986,'2018-04-30 05:49:51',415,7,9703),(607935386,'2018-10-16 22:51:04',306,8,3765),(608053897,'2018-12-01 04:16:36',428,5,6470),(608400037,'2018-10-28 05:48:52',490,9,5150),(608539324,'2018-05-02 10:13:37',172,4,3625),(608956952,'2018-10-21 00:22:10',456,4,56),(609017873,'2018-11-21 20:20:12',329,5,4912),(609326192,'2018-02-23 02:55:17',27,2,9459),(609327961,'2018-07-06 07:53:52',262,2,2184),(609831830,'2018-04-16 17:53:58',10,6,3726),(609961634,'2018-02-23 06:44:56',176,2,8303),(609989305,'2018-12-26 08:02:01',146,5,5288),(610100413,'2018-05-04 14:53:34',122,1,4779),(610131009,'2018-04-30 06:03:59',237,8,4886),(610136113,'2018-04-13 06:29:10',79,6,7881),(610268182,'2018-09-28 07:06:22',55,1,8679),(611032570,'2018-08-17 14:05:57',402,6,6931),(611184254,'2018-01-31 03:05:52',104,10,7039),(611392461,'2018-12-22 20:04:53',384,3,3087),(611427821,'2018-12-10 11:12:39',275,2,8062),(611458657,'2018-06-23 01:57:04',414,1,4768),(611507172,'2018-07-04 00:14:29',144,9,8050),(611740455,'2018-06-24 15:18:40',9,6,4820),(611857429,'2018-08-19 00:55:54',162,2,6303),(612212836,'2018-09-27 02:25:07',274,2,1336),(612240020,'2018-12-21 22:55:57',20,4,5618),(612377032,'2018-02-04 23:58:13',279,4,7197),(612547520,'2018-03-15 03:13:46',315,3,8803),(612724319,'2018-08-20 04:06:40',258,5,486),(612817867,'2018-06-11 05:33:44',335,7,2130),(612822802,'2018-03-15 21:55:56',164,6,5150),(612866485,'2018-12-25 04:25:01',212,1,3518),(612918630,'2018-02-24 07:43:06',379,7,6048),(613530401,'2018-02-06 19:45:18',38,7,696),(613675342,'2018-08-01 08:57:42',373,10,5100),(613745022,'2018-05-03 22:35:57',260,1,9911),(613984013,'2018-09-03 13:06:59',138,8,1282),(614621701,'2018-03-03 15:46:41',109,3,1839),(614974596,'2018-01-21 19:07:08',107,7,7071),(615165385,'2018-09-28 13:08:33',140,3,4636),(615179036,'2018-08-20 12:24:28',66,5,6983),(615239399,'2018-06-19 04:33:10',408,2,4934),(615311646,'2018-05-24 10:25:10',61,8,7127),(615400671,'2018-09-17 04:50:01',235,6,3263),(616293043,'2018-11-22 16:55:07',268,4,1532),(616417281,'2018-10-03 21:11:25',409,10,5769),(616494016,'2018-06-28 23:49:30',459,5,3677),(616506528,'2018-03-27 05:01:56',46,5,1305),(616585112,'2018-06-24 11:17:03',144,10,8794),(616683031,'2018-09-11 16:25:30',449,5,3446),(616755193,'2018-06-07 02:04:58',307,10,166),(616827998,'2018-11-18 04:05:56',396,7,6013),(617417721,'2018-06-04 18:22:41',155,6,7483),(617574752,'2018-08-11 18:09:35',71,9,989),(617624458,'2018-03-22 16:10:43',57,8,8094),(617838140,'2018-11-07 19:27:19',98,2,9966),(617914497,'2018-09-14 06:03:13',175,5,4201),(618071235,'2018-05-26 21:06:23',465,9,4716),(618128723,'2018-04-30 00:12:03',407,7,234),(618396318,'2018-10-08 18:46:32',318,5,8011),(618450007,'2018-03-02 05:13:02',442,6,7381),(618544382,'2018-08-29 21:06:44',216,9,6390),(618694133,'2018-02-20 12:25:37',481,8,7263),(618820760,'2018-09-06 14:10:30',238,8,7855),(619626823,'2018-06-25 20:14:10',337,9,7235),(620330087,'2018-12-23 19:59:06',335,9,9017),(620504853,'2018-09-26 02:02:05',486,9,9873),(620548723,'2018-03-14 04:49:59',342,1,3823),(620640641,'2018-08-04 12:32:40',66,4,8376),(621003782,'2018-11-09 16:53:54',417,1,9330),(621007525,'2018-03-16 08:16:31',195,6,64),(621117686,'2018-09-21 00:08:40',91,10,7042),(621183452,'2018-06-08 11:27:46',495,3,8215),(621387630,'2018-03-22 20:00:58',282,3,2160),(621395234,'2018-11-23 22:21:50',151,2,4046),(621651746,'2018-12-21 14:59:12',489,3,2134),(621653998,'2018-03-31 10:49:24',415,9,5354),(621750282,'2018-01-16 05:36:52',355,6,3438),(621938447,'2018-05-24 05:56:59',178,8,7591),(622459101,'2018-11-27 09:54:13',270,4,7088),(622763630,'2018-07-17 02:23:35',405,10,1899),(622800944,'2018-06-10 01:03:50',191,5,3692),(623049171,'2018-02-24 15:13:34',250,5,4890),(623099347,'2018-07-27 04:07:53',178,7,4727),(623264872,'2018-09-13 11:43:40',128,6,1859),(623318440,'2018-07-21 03:49:47',427,3,6679),(623529659,'2018-01-17 15:22:20',96,1,2535),(623680236,'2018-08-17 12:20:35',334,4,8062),(623863217,'2018-11-27 00:45:30',325,8,910),(623885389,'2018-12-01 04:22:27',342,4,3359),(624021209,'2018-12-10 23:43:36',227,4,3444),(624241243,'2018-02-15 09:18:34',156,8,6307),(624875022,'2018-12-27 02:05:36',67,6,948),(624980353,'2018-05-19 23:44:01',333,10,2846),(625034499,'2018-10-27 08:22:32',184,4,2411),(625038365,'2018-11-26 08:51:21',145,4,1438),(625071627,'2018-07-05 12:19:02',48,3,727),(625342250,'2018-03-13 12:21:59',192,10,7143),(625345215,'2018-08-07 11:17:40',82,5,3550),(625453523,'2018-08-19 01:37:45',1,3,5872),(625760427,'2018-11-05 15:32:38',183,4,8702),(625872378,'2018-07-05 23:19:27',55,2,8030),(625961406,'2018-03-13 23:39:15',51,7,4763),(626167313,'2018-05-26 23:52:07',85,6,9324),(626459791,'2018-01-19 01:06:45',218,3,1832),(626592089,'2018-10-08 16:55:06',74,9,4749),(626798028,'2018-10-26 00:06:04',290,7,9865),(627392085,'2018-07-10 12:06:32',432,1,5937),(627525358,'2018-12-21 16:51:39',54,8,8078),(627543853,'2018-01-22 16:06:41',212,1,5987),(627554922,'2018-03-19 09:25:55',212,4,2555),(627801825,'2018-06-04 20:18:40',137,8,6873),(628234024,'2018-10-01 14:11:30',202,5,4084),(628291293,'2018-08-26 05:11:05',124,9,5200),(628430999,'2018-05-24 15:45:29',76,5,6852),(628516910,'2018-01-28 09:16:33',356,5,1059),(628534677,'2018-03-02 18:12:35',76,1,1851),(628720058,'2018-10-06 03:27:04',19,8,580),(628740424,'2018-03-16 02:33:15',20,7,9056),(629307159,'2018-06-14 08:33:21',61,5,4110),(629394553,'2018-05-24 00:45:10',194,5,7203),(629551354,'2018-05-17 08:38:15',228,1,7791),(629759365,'2018-10-07 09:50:41',352,8,2039),(629804718,'2018-08-20 04:30:13',298,3,9877),(630087885,'2018-03-23 13:31:42',297,7,7105),(630109771,'2018-11-20 13:59:44',29,8,2199),(630243394,'2018-10-22 11:37:20',325,7,9663),(630331778,'2018-11-21 03:32:26',41,6,2678),(630373963,'2018-10-09 19:45:35',178,2,4797),(630374074,'2018-08-13 03:16:04',355,1,1646),(630429374,'2018-09-24 15:58:33',163,10,9733),(630747386,'2018-07-31 23:46:21',229,1,1711),(631022051,'2018-02-11 11:53:13',124,1,4850),(631095269,'2018-04-15 02:33:45',66,10,3616),(631254797,'2018-10-29 00:11:32',256,4,2216),(631299426,'2018-04-11 02:31:25',338,7,4573),(631361155,'2018-04-10 11:57:04',183,2,6987),(631691524,'2018-08-05 03:14:38',255,2,2732),(632131978,'2018-02-28 08:18:23',402,3,926),(632311703,'2018-04-23 16:13:26',42,8,4191),(632383532,'2018-03-31 07:10:42',434,6,4313),(632916594,'2018-07-02 12:22:07',345,5,8004),(633212932,'2018-01-21 15:52:51',416,8,8049),(633249090,'2018-05-18 10:57:47',2,1,4715),(633261568,'2018-11-22 10:28:02',219,1,9035),(633459443,'2018-03-22 18:08:46',295,8,4492),(633481169,'2018-08-13 21:22:06',97,6,4541),(633649405,'2018-12-12 18:10:32',285,9,9043),(634329387,'2018-07-15 12:58:07',361,6,4542),(634329882,'2018-06-14 11:47:36',86,4,624),(634410560,'2018-07-08 17:25:40',476,10,4846),(634558377,'2018-01-09 05:39:23',495,6,2893),(634585655,'2018-09-02 02:53:52',342,5,2186),(634893315,'2018-03-29 11:07:32',444,8,7961),(634957224,'2018-09-10 10:17:06',488,7,2293),(635025857,'2018-07-05 18:26:02',2,7,9211),(635320561,'2018-11-20 17:01:33',337,1,1922),(635790191,'2018-02-17 20:04:23',112,6,361),(635837511,'2018-01-12 04:56:10',328,9,9244),(635904580,'2018-01-30 19:41:03',276,7,6127),(636017219,'2018-11-16 10:24:50',71,6,5873),(636178912,'2018-07-12 10:34:40',470,5,295),(636201339,'2018-09-13 02:50:42',267,9,9742),(636285998,'2018-09-12 03:01:00',204,2,205),(636306001,'2018-03-15 09:44:49',389,6,5538),(636865305,'2018-09-04 22:46:45',197,1,4855),(637136585,'2018-10-21 03:25:57',197,10,3575),(637245979,'2018-05-19 04:57:08',14,10,6965),(637248006,'2018-10-15 05:56:52',200,10,7392),(637816025,'2018-03-21 11:38:34',414,2,3683),(637827689,'2018-08-20 19:22:32',15,5,1316),(638003619,'2018-03-04 18:50:58',450,4,8712),(638087251,'2018-05-21 22:30:27',159,2,186),(638162338,'2018-03-14 14:11:46',361,6,9419),(638308048,'2018-10-03 10:10:43',386,5,466),(638388333,'2018-11-24 03:27:58',108,7,579),(638541274,'2018-03-12 15:59:56',222,9,5594),(638541876,'2018-01-03 12:09:26',112,3,8716),(638590877,'2018-04-22 01:46:37',18,5,1956),(638617887,'2018-01-21 04:55:01',174,6,4280),(638648925,'2018-12-24 02:06:09',313,7,5963),(638778774,'2018-11-30 08:30:45',56,9,4381),(639124857,'2018-11-22 09:02:57',429,5,1269),(639292705,'2018-07-25 00:31:28',31,3,5934),(639353644,'2018-06-08 04:14:53',407,9,94),(639587632,'2018-12-19 16:37:40',352,2,3044),(639843997,'2018-10-31 04:00:52',20,5,5475),(640002203,'2018-10-15 18:38:28',70,1,1606),(640287016,'2018-05-14 21:22:56',392,6,5996),(640393490,'2018-06-02 00:23:35',494,5,1345),(640588265,'2018-12-14 05:59:56',428,1,9737),(640644910,'2018-05-20 22:57:38',62,7,8252),(640758415,'2018-11-18 10:00:10',436,3,8177),(640759878,'2018-04-16 22:18:05',453,3,7909),(640978562,'2018-06-03 15:50:52',390,2,9076),(641018175,'2018-09-04 02:58:26',499,2,8231),(641060507,'2018-05-12 07:01:11',315,1,8971),(641128634,'2018-11-06 14:39:17',197,1,8693),(641335519,'2018-12-28 05:05:55',424,2,3004),(641378704,'2018-07-26 20:17:21',215,10,3918),(641400376,'2018-08-15 08:15:10',455,10,6478),(641549276,'2018-10-20 14:17:49',231,3,9009),(641922424,'2018-03-12 08:49:41',386,5,4603),(642033698,'2018-07-17 13:51:39',258,8,940),(642144390,'2018-01-30 17:55:06',229,8,4526),(642314664,'2018-06-09 09:40:09',385,10,3026),(642651326,'2018-06-08 13:22:49',486,8,4485),(642863901,'2018-09-03 04:12:19',124,4,1419),(642931562,'2018-09-13 17:43:40',363,10,3459),(643035469,'2018-12-28 22:02:20',12,8,228),(643216048,'2018-11-17 12:07:50',159,3,9194),(643278615,'2018-03-23 04:36:04',178,1,1042),(643445156,'2018-12-05 20:28:03',499,4,7991),(643606696,'2018-03-12 17:57:02',21,1,1021),(643659614,'2018-05-12 14:47:22',234,2,8301),(643713304,'2018-01-19 14:48:39',458,2,2978),(644368903,'2018-11-16 21:08:10',68,8,7747),(644631781,'2018-12-31 17:38:12',394,1,2437),(644677757,'2018-04-27 22:26:33',174,8,9966),(644678036,'2018-11-11 04:51:02',478,10,3125),(644718752,'2018-02-14 22:44:00',142,3,9102),(644768216,'2018-08-09 02:51:00',451,2,8039),(644856523,'2018-04-29 10:42:36',315,3,687),(644900350,'2018-06-10 20:25:29',171,9,3386),(645026879,'2018-11-30 12:36:36',402,2,391),(645097763,'2018-10-08 07:49:08',253,6,5663),(645391457,'2018-08-17 02:42:55',218,8,3017),(645513619,'2018-12-21 11:00:59',308,8,1393),(645590639,'2018-04-26 12:14:49',60,8,5194),(645640327,'2018-01-01 18:09:32',265,6,5524),(645646702,'2018-07-04 10:27:08',109,8,4835),(645907882,'2018-07-09 04:14:17',196,2,9049),(646119831,'2018-07-30 18:07:58',142,4,8667),(646277259,'2018-12-16 17:42:25',153,2,3984),(646292690,'2018-02-22 03:26:16',131,9,7551),(646420499,'2018-08-11 14:03:36',25,2,9937),(646535540,'2018-07-13 15:45:17',252,10,6878),(646565046,'2018-01-15 21:05:06',293,9,2256),(646806231,'2018-01-13 04:17:55',142,4,1584),(647229153,'2018-03-25 23:59:27',184,8,6450),(647427748,'2018-03-20 23:03:23',267,2,8755),(647428146,'2018-05-18 15:12:30',300,2,351),(647564028,'2018-02-03 07:02:19',38,9,6916),(647573595,'2018-01-22 10:27:26',251,10,4329),(647849039,'2018-11-28 12:11:57',56,1,5501),(647905367,'2018-12-28 02:30:56',244,4,3663),(648086928,'2018-08-23 16:43:43',265,2,5065),(648131801,'2018-04-07 07:25:05',9,4,3777),(648221613,'2018-09-08 09:26:47',124,10,3758),(648686752,'2018-03-15 16:17:14',463,7,9496),(648818127,'2018-07-08 05:50:32',158,7,2221),(648857030,'2018-09-08 13:03:20',418,3,1951),(649191880,'2018-08-23 11:51:02',474,7,2038),(649717360,'2018-07-01 22:10:06',359,2,3906),(650330623,'2018-10-08 11:17:00',6,2,7881),(650492473,'2018-03-21 09:19:08',297,8,9949),(650592910,'2018-09-15 03:47:03',455,2,99),(650718777,'2018-11-11 21:02:55',358,9,5500),(650935664,'2018-03-05 05:58:08',458,1,1111),(651211871,'2018-04-21 05:43:24',69,6,359),(651230623,'2018-07-17 05:41:18',420,3,2846),(651487562,'2018-02-06 11:05:40',319,7,1862),(651757206,'2018-05-31 23:20:09',142,3,6628),(651950945,'2018-01-19 03:30:02',403,5,4393),(652080760,'2018-01-13 10:36:00',304,6,7316),(652090070,'2018-03-30 09:57:46',38,7,925),(652322896,'2018-11-14 00:21:24',58,2,7951),(652642807,'2018-07-31 12:58:25',451,9,548),(653082306,'2018-04-25 12:18:02',199,1,4646),(653144411,'2018-01-26 13:56:12',182,3,6312),(653482802,'2018-01-14 15:42:55',172,7,3906),(653898211,'2018-06-22 19:55:24',93,5,9101),(654157787,'2018-09-19 20:21:35',290,6,9217),(654478014,'2018-05-14 12:48:35',392,2,9417),(654577312,'2018-09-08 23:16:01',157,8,61),(654721668,'2018-01-11 15:35:58',350,6,2151),(654864709,'2018-08-31 23:33:01',288,9,5317),(654946628,'2018-09-28 11:36:36',345,2,2065),(655089622,'2018-09-15 08:16:01',479,2,8694),(655148078,'2018-05-14 19:34:19',430,4,2016),(655416717,'2018-09-24 00:34:55',437,2,1379),(655634161,'2018-08-05 14:09:02',29,2,8322),(655941686,'2018-12-30 20:27:27',121,4,3072),(656021271,'2018-03-03 02:15:20',84,8,989),(656082315,'2018-09-29 04:35:48',149,1,7744),(656137877,'2018-05-26 07:25:57',381,4,1131),(656329544,'2018-10-18 20:46:30',275,7,859),(656657123,'2018-09-02 05:54:31',426,8,8795),(656750501,'2018-10-12 04:50:38',235,8,9438),(656755962,'2018-01-19 11:50:00',465,6,9407),(656831056,'2018-03-24 07:27:31',457,6,2146),(656868161,'2018-03-09 22:27:05',63,10,1684),(656885159,'2018-03-05 13:14:42',221,6,8199),(657210833,'2018-01-20 15:07:47',497,1,9258),(657239965,'2018-02-03 08:13:19',334,3,9807),(657437176,'2018-08-22 06:24:50',189,2,5637),(657440498,'2018-06-09 00:01:10',116,1,7317),(657496093,'2018-10-02 17:49:38',286,1,7273),(657609941,'2018-12-13 13:16:35',277,9,5556),(657611049,'2018-08-07 19:51:49',409,6,5182),(657736175,'2018-03-11 18:38:29',54,9,281),(657745536,'2018-11-09 00:01:16',21,2,7266),(657986097,'2018-02-21 21:32:16',319,4,3455),(658473348,'2018-12-16 06:59:18',424,1,4147),(658745926,'2018-05-13 01:44:10',371,8,7909),(658823176,'2018-07-27 22:15:42',487,5,4097),(659018392,'2018-08-23 03:11:00',126,7,388),(659076391,'2018-09-07 09:38:36',25,1,2585),(659197386,'2018-03-27 00:31:07',15,7,5043),(659910186,'2018-05-15 19:28:25',276,5,4889),(660117023,'2018-11-10 05:33:08',208,10,7543),(660177197,'2018-02-26 09:49:33',273,6,7124),(660298596,'2018-09-15 12:39:29',348,8,2406),(661073176,'2018-09-09 21:53:07',212,6,908),(661111744,'2018-02-04 00:44:52',5,7,855),(661145282,'2018-02-22 05:21:19',63,3,1296),(661337046,'2018-09-01 16:43:37',306,2,446),(661340870,'2018-01-30 09:22:27',296,7,5245),(661384389,'2018-07-26 06:09:24',5,7,554),(661403227,'2018-02-07 12:31:44',259,2,2351),(661799178,'2018-09-05 05:18:16',2,2,926),(661812006,'2018-07-03 17:35:05',264,5,2244),(661832735,'2018-01-05 19:12:00',392,4,8490),(661848370,'2018-11-18 09:46:15',58,1,7322),(662024462,'2018-03-14 19:22:59',209,3,8549),(662278306,'2018-06-11 14:10:29',149,8,5558),(662390452,'2018-07-12 10:15:46',416,3,2315),(662808247,'2018-12-08 19:37:47',481,9,8892),(662876771,'2018-10-06 08:19:30',19,4,1843),(663462012,'2018-06-29 22:33:20',145,6,2639),(663683815,'2018-01-28 10:59:53',269,6,890),(663712394,'2018-10-15 12:03:05',226,8,7854),(664194360,'2018-01-13 19:08:58',258,9,6319),(664557224,'2018-07-19 16:16:49',52,3,2764),(664647071,'2018-06-07 23:30:32',13,3,2412),(664960610,'2018-05-12 12:29:18',345,10,9856),(665165478,'2018-02-10 16:54:22',161,5,8521),(665294410,'2018-08-13 15:54:16',495,3,4445),(665818780,'2018-02-04 06:13:26',11,9,583),(666097700,'2018-07-22 15:50:20',182,2,8444),(666272285,'2018-02-09 00:33:01',9,2,7830),(666339190,'2018-05-29 11:12:29',352,6,7487),(666525560,'2018-07-09 06:04:04',197,5,4083),(667520012,'2018-11-12 11:23:13',327,1,9169),(667886316,'2018-12-23 16:06:19',13,2,9921),(668066981,'2018-04-14 13:55:59',171,4,5102),(668215992,'2018-06-08 03:27:54',353,1,6904),(668362415,'2018-12-24 17:05:37',37,5,7685),(668439738,'2018-05-24 02:32:10',233,2,3118),(668469757,'2018-05-22 23:11:17',33,9,5305),(668577480,'2018-02-07 12:14:31',151,6,4315),(669000782,'2018-05-03 04:27:58',38,8,701),(669083112,'2018-06-15 07:59:27',320,1,2497),(669109534,'2018-09-06 12:58:33',38,1,3158),(669125978,'2018-12-10 16:17:08',65,5,1894),(669285294,'2018-12-29 12:24:06',391,4,9342),(669348893,'2018-03-21 13:15:27',184,5,4643),(669400285,'2018-09-11 13:52:04',157,4,2360),(669498057,'2018-01-30 02:48:01',114,9,7370),(669807142,'2018-08-24 06:54:55',15,2,2195),(669864487,'2018-11-16 07:44:07',467,7,1993),(669956922,'2018-09-01 22:18:43',51,3,6970),(669969959,'2018-08-21 23:31:54',425,1,9292),(670191358,'2018-10-27 21:24:28',413,4,9989),(670341341,'2018-04-14 18:51:17',21,8,7067),(670384255,'2018-08-15 17:03:56',207,3,1562),(670443493,'2018-08-31 16:06:42',235,5,4442),(670444380,'2018-10-22 05:59:30',191,3,9064),(670646143,'2018-07-12 22:59:23',497,3,8815),(670662079,'2018-09-09 07:32:40',325,2,1986),(670664557,'2018-11-14 15:34:49',36,7,6431),(671149095,'2018-10-10 20:53:29',35,9,9997),(671240773,'2018-11-11 05:35:27',219,2,2495),(671302087,'2018-10-04 16:20:22',262,7,1600),(671384384,'2018-01-06 19:08:22',327,3,554),(671530484,'2018-12-11 13:57:58',152,10,9377),(671839213,'2018-03-10 14:41:46',171,7,4281),(671958945,'2018-10-29 15:57:42',425,10,8895),(672136947,'2018-05-08 10:31:19',133,9,4358),(673189439,'2018-01-24 11:38:51',167,1,774),(673536375,'2018-06-17 01:35:04',246,6,9779),(673887270,'2018-05-13 14:08:14',164,8,9870),(674202687,'2018-11-06 03:31:04',364,2,492),(674262916,'2018-12-21 22:36:05',263,1,5473),(674434566,'2018-05-04 03:45:26',244,8,2851),(674808505,'2018-02-07 08:18:37',489,7,9204),(675045523,'2018-02-26 20:28:18',450,3,5870),(675440876,'2018-06-23 06:56:50',318,4,6477),(675710520,'2018-01-08 03:01:05',171,3,3700),(675803137,'2018-03-10 19:36:06',192,3,7596),(675815680,'2018-12-25 08:41:56',369,6,2056),(675971499,'2018-12-01 06:25:34',368,2,3526),(676040123,'2018-10-12 18:31:42',321,5,3200),(676190134,'2018-03-13 13:54:24',175,7,9686),(677112373,'2018-12-09 09:02:21',490,2,1668),(677288821,'2018-06-02 23:55:39',147,9,5187),(677366060,'2018-04-20 03:35:38',281,7,1176),(677400780,'2018-01-06 20:26:04',69,6,1365),(677537403,'2018-09-21 15:54:06',148,7,4643),(678218696,'2018-03-30 20:08:48',327,6,9432),(678913907,'2018-05-25 10:18:01',303,6,8528),(678935670,'2018-03-25 04:53:16',495,8,1705),(678943459,'2018-10-17 02:35:56',443,1,2018),(679054743,'2018-12-30 23:20:45',198,8,2004),(679399296,'2018-11-04 23:48:09',410,5,1112),(679536430,'2018-02-28 05:14:31',123,2,52),(679557887,'2018-10-23 05:19:18',114,10,4606),(679649773,'2018-04-03 15:04:37',137,8,9768),(679744883,'2018-04-05 17:09:23',451,6,7090),(679981396,'2018-02-25 02:04:38',441,4,8311),(680094664,'2018-06-14 08:02:15',352,10,6540),(680138918,'2018-04-13 12:22:44',26,1,2699),(680195897,'2018-08-02 16:22:00',192,8,9364),(680304524,'2018-07-19 11:42:24',11,9,2988),(680503535,'2018-03-18 11:28:03',278,10,6824),(680553321,'2018-11-14 03:45:33',355,1,8146),(680621832,'2018-04-19 23:02:26',163,4,7442),(680694880,'2018-07-06 08:25:48',135,8,6669),(681010629,'2018-11-15 01:10:51',460,4,6221),(681055212,'2018-09-13 09:04:43',167,10,2996),(681283039,'2018-03-14 13:56:34',293,3,8835),(681488204,'2018-07-06 11:45:49',478,5,4452),(681504676,'2018-06-28 15:52:30',327,8,2763),(681581911,'2018-01-14 23:54:45',121,9,3251),(681667703,'2018-01-14 18:57:50',29,9,5111),(681812700,'2018-06-09 10:04:59',400,1,8109),(681912465,'2018-07-26 15:13:12',491,8,5367),(682156312,'2018-07-02 20:46:43',214,8,5463),(682444379,'2018-12-20 07:29:45',429,10,1805),(682496080,'2018-02-11 22:01:40',152,2,8395),(682632722,'2018-04-07 17:44:29',214,3,3596),(682719591,'2018-12-04 08:18:48',377,3,6277),(682769657,'2018-07-23 22:21:57',473,3,2929),(682859398,'2018-05-31 08:05:56',426,9,6758),(683486573,'2018-10-01 22:13:28',142,1,4944),(683517603,'2018-06-26 17:55:38',283,8,6633),(683559889,'2018-12-14 08:27:34',184,7,5188),(683786908,'2018-05-02 00:18:33',319,3,1932),(683949252,'2018-05-06 21:37:22',262,4,8821),(684152919,'2018-02-16 21:00:41',3,1,2102),(684515753,'2018-07-16 05:59:22',420,5,4554),(684721037,'2018-02-12 21:21:41',364,10,4684),(684896613,'2018-06-10 03:00:23',215,9,8017),(684918370,'2018-10-29 17:46:11',162,8,2896),(685522082,'2018-07-11 05:24:02',275,5,9295),(686118642,'2018-05-24 22:58:02',323,1,7742),(686465870,'2018-03-21 10:35:38',315,6,5461),(686541272,'2018-07-08 19:20:54',103,9,147),(686575100,'2018-09-20 05:45:20',318,10,799),(686625603,'2018-04-27 05:54:21',408,5,1988),(686765505,'2018-08-18 18:41:45',304,2,5509),(686877941,'2018-03-02 06:49:19',68,5,4643),(687059744,'2018-01-07 12:54:44',371,10,9427),(687349469,'2018-11-25 21:33:55',207,10,598),(687461831,'2018-12-15 12:55:49',138,9,6448),(687473758,'2018-01-12 04:49:36',106,3,2115),(687546910,'2018-04-11 17:35:54',49,5,830),(687865548,'2018-08-10 23:40:42',56,9,56),(687924321,'2018-06-18 15:51:13',276,6,2903),(687947749,'2018-01-16 20:04:46',235,5,3732),(688505238,'2018-01-25 23:13:54',392,1,5416),(688573184,'2018-09-19 15:53:08',15,9,1841),(688914217,'2018-07-12 21:40:27',120,7,1139),(688971900,'2018-04-20 18:34:47',153,3,2737),(688976110,'2018-04-19 02:44:00',470,9,5378),(688996146,'2018-04-25 07:12:05',290,5,7144),(689051458,'2018-11-17 10:52:30',437,5,9344),(689071257,'2018-08-07 16:27:36',293,10,4255),(689230638,'2018-01-28 00:21:38',17,7,6086),(689249466,'2018-01-15 23:07:42',444,9,2964),(689343124,'2018-07-22 00:08:37',82,10,5079),(689538085,'2018-10-10 00:03:49',394,10,7848),(689607899,'2018-02-28 14:43:38',234,1,9687),(689757510,'2018-10-13 05:53:53',265,8,8239),(689798151,'2018-12-31 14:05:10',220,3,470),(690190966,'2018-03-31 06:05:15',330,10,727),(690460902,'2018-02-07 08:52:21',61,6,110),(690474697,'2018-05-26 14:19:15',64,6,2262),(690607711,'2018-04-25 17:11:02',367,7,6314),(690660005,'2018-07-28 16:45:41',458,3,6260),(690832228,'2018-09-02 00:47:20',337,1,5868),(690847147,'2018-06-24 17:15:33',49,7,2259),(691587251,'2018-06-27 16:42:17',320,7,4423),(691669793,'2018-06-07 01:44:37',286,1,4429),(691969513,'2018-02-15 16:59:32',124,2,4307),(692162168,'2018-12-22 08:18:15',242,9,746),(692187926,'2018-07-25 08:07:37',444,5,7927),(692245827,'2018-04-20 09:59:06',471,4,3068),(692363024,'2018-03-28 04:08:21',488,5,2202),(692363401,'2018-11-18 10:32:16',127,4,1966),(692550165,'2018-01-06 02:39:20',428,9,6526),(692668655,'2018-09-01 01:30:29',249,1,9997),(692741373,'2018-10-28 23:26:38',32,6,3745),(693030557,'2018-05-26 03:43:46',472,2,483),(693145966,'2018-10-22 10:22:12',325,1,7443),(693374674,'2018-09-07 19:33:23',477,7,1538),(693726425,'2018-04-01 13:24:48',190,10,4183),(693731840,'2018-10-05 22:43:36',475,3,9251),(693774104,'2018-06-22 16:40:36',455,3,1052),(693845632,'2018-10-04 17:30:10',176,8,9248),(693955090,'2018-07-26 17:33:07',178,10,6542),(693959672,'2018-10-02 00:37:48',47,3,5472),(694190347,'2018-11-14 03:04:18',242,3,9353),(694275592,'2018-10-13 21:17:55',208,7,9127),(694395969,'2018-09-14 20:00:44',87,3,1599),(694734206,'2018-07-23 16:23:18',383,10,2024),(694893720,'2018-07-11 17:36:36',111,5,9220),(695038133,'2018-04-23 04:03:58',491,8,4897),(695046455,'2018-10-24 00:54:28',393,6,1122),(695192418,'2018-03-21 07:33:18',331,7,7894),(695474436,'2018-11-10 17:56:18',380,8,8756),(695532409,'2018-04-29 23:25:26',422,7,6952),(695680403,'2018-04-27 03:36:40',149,2,6208),(695746139,'2018-12-26 18:46:58',137,1,4796),(695771607,'2018-06-30 06:14:05',423,2,463),(695872665,'2018-08-19 12:04:57',415,5,2339),(695992314,'2018-01-06 00:07:53',412,6,3089),(696019802,'2018-02-23 20:17:08',133,4,1086),(696032529,'2018-12-27 00:31:10',24,2,8209),(696111382,'2018-04-24 03:20:50',108,6,1561),(696494111,'2018-09-14 10:14:08',289,7,3971),(696811624,'2018-08-23 10:32:58',280,4,8420),(696852653,'2018-12-15 17:25:09',220,7,3182),(696882103,'2018-10-22 12:42:31',466,1,7592),(697331642,'2018-06-17 01:57:03',308,9,9724),(697647382,'2018-06-26 06:25:52',361,7,8180),(698011592,'2018-08-12 09:00:00',267,1,4638),(698820632,'2018-06-14 18:43:04',195,9,7435),(698963680,'2018-09-01 23:06:52',101,9,6880),(699134678,'2018-01-05 21:05:18',42,4,2588),(699154903,'2018-04-24 23:14:55',52,4,8245),(699424753,'2018-09-18 11:25:40',346,9,9979),(699853544,'2018-12-18 17:24:58',359,3,2336),(699858805,'2018-09-09 17:38:59',12,6,8355),(700079836,'2018-07-31 12:47:50',140,9,5962),(700910961,'2018-06-16 14:24:21',113,3,1128),(701014532,'2018-06-18 05:11:55',22,4,3504),(701126951,'2018-05-05 06:30:50',247,1,3701),(701316215,'2018-03-29 11:17:39',257,4,1568),(701352485,'2018-05-16 23:43:14',57,1,7482),(701502405,'2018-04-12 03:00:03',271,6,3264),(701628245,'2018-12-22 14:30:02',223,3,1278),(701716923,'2018-10-28 21:20:33',425,6,5373),(701896052,'2018-05-01 12:29:14',307,3,4009),(702112299,'2018-07-15 01:35:36',89,6,4506),(702179104,'2018-02-27 21:49:41',394,6,2236),(702345239,'2018-05-16 16:14:23',478,5,1409),(702363026,'2018-04-19 16:05:01',10,2,1549),(702583248,'2018-02-11 11:36:19',256,3,6917),(702595720,'2018-06-04 10:16:55',166,8,9848),(702810072,'2018-06-28 17:28:11',495,1,5413),(703010417,'2018-01-16 23:31:24',188,4,6498),(703141886,'2018-10-19 10:58:29',308,10,754),(703185104,'2018-04-03 02:24:39',157,1,832),(703505296,'2018-10-13 07:02:00',79,6,333),(703566189,'2018-04-13 04:03:13',298,3,3316),(703717297,'2018-02-12 16:08:39',246,10,7849),(703717881,'2018-04-02 14:09:31',331,7,8131),(703726678,'2018-11-09 09:09:50',24,4,7491),(703960558,'2018-07-26 03:55:00',129,4,5336),(704210128,'2018-07-29 09:11:39',19,2,2543),(704275566,'2018-08-01 03:50:23',184,9,2219),(704413341,'2018-12-04 00:00:36',194,10,7692),(704617646,'2018-02-16 11:02:00',495,7,8659),(704806390,'2018-03-08 06:07:35',341,7,2403),(704827921,'2018-01-31 16:25:13',419,5,3205),(705068189,'2018-02-13 05:17:36',260,3,2298),(705160412,'2018-11-22 11:20:34',116,8,6809),(705241745,'2018-01-19 02:30:11',98,5,4927),(705466004,'2018-04-26 21:29:56',269,7,3157),(705776430,'2018-02-01 10:47:23',245,6,6936),(705829575,'2018-09-18 02:47:42',153,4,2070),(705861823,'2018-07-02 00:14:17',372,7,1321),(705893195,'2018-04-14 19:48:54',151,6,9159),(706010613,'2018-07-20 08:26:17',391,6,6231),(706311393,'2018-11-14 09:20:34',317,4,4107),(706449548,'2018-02-02 08:24:56',211,7,4070),(706641056,'2018-06-21 06:33:56',184,3,2314),(706763187,'2018-07-24 00:14:59',32,3,7190),(706933958,'2018-03-13 00:21:30',129,10,9391),(706936308,'2018-01-02 23:42:05',62,1,1581),(707120873,'2018-04-03 03:49:11',100,8,4981),(707383087,'2018-02-03 02:35:42',427,7,9159),(707496878,'2018-07-21 04:43:35',186,5,9307),(707891522,'2018-05-08 09:38:46',59,1,3634),(708641745,'2018-04-07 15:31:06',483,8,9146),(709121294,'2018-08-09 09:42:38',212,6,3768),(709178414,'2018-12-07 11:21:42',146,4,5041),(709310020,'2018-09-08 12:40:01',52,2,9313),(709472980,'2018-09-13 01:30:19',395,1,6511),(709612925,'2018-06-04 14:41:51',372,6,110),(709681825,'2018-12-09 21:46:05',470,7,1144),(709750718,'2018-07-21 12:39:15',189,5,6653),(709790837,'2018-11-21 15:50:13',136,8,8670),(709791503,'2018-07-23 17:55:15',10,5,4172),(709867016,'2018-04-02 14:18:00',430,6,2437),(710162943,'2018-03-02 02:51:54',95,7,7030),(710186713,'2018-12-17 18:47:59',253,4,4805),(710300072,'2018-09-11 18:25:40',36,5,7809),(710401295,'2018-10-05 18:21:09',451,9,8203),(710595265,'2018-06-05 22:35:08',190,7,6471),(710622893,'2018-06-07 20:29:45',217,1,1370),(710810176,'2018-08-13 14:10:19',130,6,3360),(710813830,'2018-06-26 05:49:45',465,4,6524),(710833292,'2018-12-22 07:47:51',175,6,1853),(711056688,'2018-02-12 20:34:20',328,8,4312),(711141609,'2018-05-30 03:39:06',469,4,3223),(711229986,'2018-03-30 01:41:14',86,9,8990),(711582077,'2018-09-25 16:16:34',281,3,8753),(711911979,'2018-08-18 11:20:15',263,6,5172),(712008910,'2018-12-05 22:17:05',400,5,4925),(712101994,'2018-04-08 14:37:23',443,9,9109),(712160419,'2018-06-16 07:18:21',7,3,5594),(712213310,'2018-06-20 07:51:13',167,7,8935),(712231473,'2018-10-12 16:04:55',358,9,3840),(712889573,'2018-06-03 11:13:28',371,1,2220),(712899183,'2018-02-05 20:52:21',105,6,1238),(713158878,'2018-02-21 15:36:08',350,10,1476),(713441695,'2018-03-13 17:56:55',438,2,8052),(713523153,'2018-02-18 16:10:10',157,10,2704),(713773502,'2018-07-26 18:55:10',250,6,179),(713793064,'2018-06-02 06:56:31',99,8,7746),(713852071,'2018-08-28 20:32:27',481,8,8043),(714053956,'2018-10-20 23:45:19',438,6,8685),(714207493,'2018-11-24 00:06:25',408,6,8060),(714307245,'2018-08-25 19:49:49',423,3,4806),(714308843,'2018-05-29 00:42:37',101,6,8133),(714319880,'2018-10-21 00:47:32',182,2,2820),(714388702,'2018-01-21 11:16:24',2,10,3223),(714476376,'2018-05-01 09:55:01',220,4,3470),(714587052,'2018-10-03 01:13:25',383,5,4574),(715084080,'2018-12-17 09:04:30',245,1,4164),(715155374,'2018-01-07 01:42:43',214,5,268),(715313547,'2018-08-01 02:36:07',171,10,570),(715314749,'2018-04-24 15:29:53',418,10,9005),(715438184,'2018-05-08 19:30:31',207,1,4113),(715472496,'2018-01-04 23:14:27',169,8,7568),(715727089,'2018-01-09 12:10:32',90,7,9266),(715893614,'2018-04-24 15:12:20',122,10,1733),(716126552,'2018-12-16 08:46:25',446,7,1147),(716604754,'2018-09-25 19:46:07',215,1,1410),(716707168,'2018-04-07 07:53:08',279,6,2742),(716729254,'2018-07-06 09:41:49',389,3,2098),(716745074,'2018-10-11 21:22:01',157,6,8131),(716825170,'2018-10-10 19:38:11',364,8,7317),(717179251,'2018-02-08 23:31:45',478,8,1700),(717181370,'2018-04-09 01:37:59',290,1,3611),(717203031,'2018-02-21 19:21:29',113,5,6186),(717409843,'2018-10-04 21:34:29',492,7,3590),(717786333,'2018-02-27 02:45:06',50,9,1337),(717819524,'2018-08-13 02:11:27',76,8,6170),(717825668,'2018-12-07 12:09:27',471,5,4492),(717846987,'2018-11-18 05:00:09',278,7,1986),(717858273,'2018-05-15 20:07:45',399,8,2436),(718226351,'2018-12-31 12:52:24',410,3,5959),(718289699,'2018-02-02 05:09:44',360,4,421),(718810022,'2018-06-06 03:35:10',408,7,2269),(719178795,'2018-01-29 05:37:06',234,8,3999),(719223976,'2018-06-07 04:56:26',239,6,9806),(719498572,'2018-04-15 02:23:35',309,6,2674),(719510232,'2018-09-29 19:20:58',217,5,6156),(719693786,'2018-07-16 02:56:59',24,10,3378),(719725194,'2018-04-07 06:37:01',384,2,468),(719892532,'2018-03-28 16:30:22',438,8,6132),(720035504,'2018-04-10 21:24:27',109,10,4677),(720143859,'2018-07-08 17:51:14',83,5,5447),(720524602,'2018-08-12 15:30:00',347,7,2175),(720720858,'2018-02-14 15:39:11',88,6,8882),(721032310,'2018-11-23 16:04:44',421,9,3919),(721039726,'2018-05-07 20:11:45',283,6,4097),(721160730,'2018-07-22 17:18:47',43,5,514),(721203659,'2018-01-09 12:51:57',285,1,6911),(721345257,'2018-03-31 16:36:53',416,4,3671),(721432386,'2018-10-05 15:14:57',246,3,7626),(721432882,'2018-01-23 23:28:13',236,10,7211),(721632455,'2018-03-17 20:02:08',381,5,1952),(721649777,'2018-04-06 20:31:33',160,4,1240),(721691691,'2018-03-09 10:01:04',457,3,9960),(721706249,'2018-12-13 19:05:40',483,3,52),(721734422,'2018-04-26 16:24:44',376,7,8249),(721743919,'2018-09-27 17:23:41',67,8,8130),(721899318,'2018-09-03 23:20:44',455,7,3592),(721984298,'2018-07-22 21:48:17',284,8,2296),(722294338,'2018-01-28 07:05:22',276,3,2851),(722520281,'2018-07-16 22:53:22',132,10,1429),(722630699,'2018-08-22 03:28:34',104,5,3493),(722686668,'2018-09-01 11:53:44',178,6,1423),(722920374,'2018-02-21 23:59:55',275,7,140),(723005437,'2018-05-31 05:40:57',245,3,1342),(723083800,'2018-12-12 21:14:13',122,10,8983),(723126011,'2018-01-10 19:14:12',332,7,1849),(723798200,'2018-03-26 07:30:29',145,7,5361),(723867239,'2018-02-15 23:20:28',272,1,8857),(723957707,'2018-07-09 04:00:50',91,3,6067),(724319304,'2018-04-05 13:21:40',346,1,1034),(724336987,'2018-09-07 17:31:30',278,8,3427),(724749731,'2018-02-21 06:31:05',185,2,8434),(725237320,'2018-01-24 08:34:03',198,10,6981),(725548529,'2018-08-08 18:33:57',458,3,256),(725707672,'2018-06-13 19:57:00',228,5,6922),(725924904,'2018-08-28 00:59:17',349,7,1660),(725930851,'2018-02-16 10:41:24',492,6,6441),(725955229,'2018-05-27 21:03:55',118,9,4601),(726178536,'2018-02-19 01:38:16',91,9,6814),(726288364,'2018-04-14 14:18:28',194,2,9874),(726361988,'2018-05-14 11:30:02',201,6,2005),(726370082,'2018-07-31 08:06:21',103,4,9400),(726409586,'2018-08-23 09:00:46',246,6,6574),(726794583,'2018-03-30 02:28:54',256,4,5634),(727191588,'2018-12-18 06:29:51',310,2,6905),(727326799,'2018-03-16 23:11:56',4,2,9400),(727447447,'2018-07-05 12:54:14',303,10,2017),(727737487,'2018-02-13 18:19:07',163,3,7319),(728065108,'2018-05-02 05:29:59',396,8,2630),(728272218,'2018-03-12 20:51:32',170,7,777),(728724059,'2018-05-20 11:00:08',33,5,8912),(728866776,'2018-08-23 17:44:22',300,7,3911),(728966568,'2018-12-19 09:49:16',72,5,3889),(730148006,'2018-07-02 06:06:41',379,9,4551),(730159743,'2018-09-26 11:10:00',16,7,3940),(730250697,'2018-12-31 14:03:41',239,7,9172),(730303791,'2018-04-13 20:52:13',285,4,6188),(730416009,'2018-01-13 10:29:45',412,8,3410),(730433832,'2018-03-07 16:53:29',263,5,6346),(730608043,'2018-01-17 14:59:05',376,5,2209),(730615360,'2018-03-19 04:08:26',92,2,460),(730666057,'2018-02-27 19:31:07',204,9,6678),(731004667,'2018-12-27 04:49:41',162,6,6491),(731231802,'2018-11-21 14:15:11',78,6,8242),(731273552,'2018-10-01 00:21:51',136,6,6377),(731292363,'2018-05-21 05:20:40',396,6,6733),(731457720,'2018-11-26 10:52:33',400,2,982),(731500428,'2018-03-20 16:42:25',106,5,241),(731507993,'2018-10-29 16:49:53',449,4,4632),(731547670,'2018-02-11 04:02:11',300,8,8069),(731708944,'2018-08-13 05:50:57',40,7,6306),(731913851,'2018-05-27 07:04:14',365,9,478),(732132631,'2018-10-28 12:15:11',432,2,219),(732595633,'2018-03-16 01:25:37',120,7,4489),(732767758,'2018-04-19 00:11:20',327,4,5125),(732823624,'2018-08-20 22:36:35',320,10,3244),(732917673,'2018-01-01 12:04:39',52,6,2079),(733294439,'2018-05-04 15:40:41',267,6,2445),(733356402,'2018-02-16 16:01:30',54,2,8115),(733362530,'2018-05-15 20:08:18',166,6,6630),(733616458,'2018-04-15 12:16:41',45,5,638),(734108916,'2018-12-19 04:19:37',214,2,2077),(734301783,'2018-07-01 09:25:19',145,8,5646),(734365485,'2018-07-27 19:37:19',281,4,9793),(734392032,'2018-10-17 17:13:21',336,1,8009),(734428852,'2018-08-19 22:33:42',219,6,2155),(734841663,'2018-04-14 18:25:45',300,2,407),(734913356,'2018-09-12 11:16:25',434,10,1774),(735028297,'2018-12-23 17:41:33',386,4,5604),(735133956,'2018-08-09 21:25:18',175,10,5359),(735758126,'2018-02-04 22:17:27',209,1,5794),(735935330,'2018-04-02 11:25:04',120,4,9618),(736207943,'2018-06-11 13:46:38',322,3,4012),(736251730,'2018-04-06 21:33:06',219,1,4549),(736389856,'2018-10-03 01:37:46',9,9,1314),(736472990,'2018-10-24 20:38:13',164,2,5179),(736596530,'2018-03-13 22:38:35',250,5,3286),(736604906,'2018-12-21 18:24:42',336,7,9873),(736745843,'2018-03-28 22:39:33',84,2,7394),(737419733,'2018-08-29 00:44:04',10,4,7624),(737590985,'2018-04-14 23:28:44',360,2,1503),(737760955,'2018-08-04 18:50:04',319,10,1961),(737895417,'2018-07-03 07:21:31',379,4,7197),(738022306,'2018-07-11 08:15:47',462,10,115),(738119272,'2018-06-02 11:06:40',322,3,1319),(738245467,'2018-01-31 10:20:46',39,3,5780),(738378447,'2018-09-30 19:44:47',498,8,3477),(738479016,'2018-05-13 03:06:26',105,4,1699),(738513481,'2018-09-05 00:26:41',206,9,5221),(738522398,'2018-04-01 14:03:31',450,6,3795),(738761425,'2018-09-01 17:23:09',118,9,7660),(739147403,'2018-11-04 07:55:29',74,4,8596),(739162060,'2018-08-14 19:54:05',295,1,7026),(739669131,'2018-01-24 12:11:04',260,6,4520),(740020287,'2018-07-24 04:33:29',357,3,4718),(740619025,'2018-07-23 21:06:16',326,10,7839),(740736130,'2018-12-30 01:07:07',84,8,4796),(740765337,'2018-01-23 06:54:56',408,4,3312),(740975421,'2018-02-07 15:32:12',284,4,741),(741158325,'2018-08-18 11:32:22',342,8,7689),(741203893,'2018-04-26 02:33:18',299,8,2584),(741516064,'2018-08-06 06:15:53',423,7,9987),(741783243,'2018-08-28 05:13:36',126,10,8547),(742199863,'2018-08-23 07:03:09',89,10,564),(742316913,'2018-11-03 08:40:28',209,2,7008),(742620988,'2018-06-29 14:13:29',440,6,8562),(742663664,'2018-01-28 01:48:19',203,8,4522),(742864927,'2018-02-09 05:17:40',396,3,5108),(742875211,'2018-05-28 22:54:20',192,9,4963),(743004799,'2018-04-18 10:22:38',101,5,5358),(743091023,'2018-05-26 20:56:09',31,6,5706),(743093677,'2018-04-02 10:06:07',142,4,7591),(743288776,'2018-12-23 20:02:18',475,6,3134),(743362092,'2018-01-01 12:52:44',8,4,843),(743446555,'2018-07-14 06:26:48',70,5,873),(743611848,'2018-09-09 20:29:30',466,2,7439),(743696755,'2018-03-29 05:46:35',130,9,383),(744054590,'2018-07-02 06:31:45',299,7,4816),(744143581,'2018-06-23 11:09:20',417,7,7712),(744220193,'2018-07-09 15:40:14',434,1,7915),(744267458,'2018-07-31 13:22:06',326,2,2966),(744395359,'2018-07-31 10:59:04',175,9,2650),(744417035,'2018-05-29 10:21:41',17,5,7240),(744778459,'2018-03-16 14:51:13',408,2,7900),(744827631,'2018-05-11 04:43:04',113,7,3291),(744909229,'2018-08-03 03:09:15',289,1,1595),(744917648,'2018-07-05 17:20:58',433,7,6957),(744938566,'2018-04-19 02:36:04',107,8,6639),(745000480,'2018-06-29 05:10:35',311,8,5167),(745216276,'2018-05-28 04:42:46',254,4,2461),(745244651,'2018-03-02 00:53:41',365,6,2318),(745375472,'2018-08-02 06:32:02',34,10,900),(745399160,'2018-08-21 16:59:17',281,7,395),(745863797,'2018-07-26 09:21:07',231,8,810),(745938468,'2018-02-13 01:08:07',422,9,5933),(746038811,'2018-05-16 00:57:44',351,3,2128),(746279354,'2018-03-10 16:55:03',112,7,377),(746506892,'2018-09-12 10:50:52',460,5,3478),(746597367,'2018-11-13 21:16:59',203,7,4676),(746622205,'2018-07-26 01:56:16',62,9,3219),(746991967,'2018-07-19 15:04:06',88,3,278),(747128737,'2018-04-25 03:42:42',4,1,5830),(747159043,'2018-12-09 04:06:50',274,10,3097),(747446597,'2018-05-01 01:18:09',15,10,1545),(747724131,'2018-09-14 16:06:20',111,7,1427),(747933484,'2018-03-26 11:35:17',467,7,1494),(747969894,'2018-03-21 03:28:27',178,7,3211),(748290401,'2018-10-05 23:12:33',225,5,2220),(748485881,'2018-09-01 02:00:13',465,2,7872),(748697473,'2018-04-07 15:22:49',244,6,8311),(748739990,'2018-11-15 23:30:44',291,5,9285),(748758496,'2018-07-16 03:54:26',178,1,5123),(748761749,'2018-06-29 09:33:49',328,6,8463),(748834310,'2018-06-28 06:08:02',225,3,9594),(749007759,'2018-12-02 04:37:22',389,4,1926),(749339320,'2018-02-07 23:02:42',486,7,5996),(749399103,'2018-04-18 12:04:24',125,8,7826),(749534677,'2018-06-02 20:44:01',201,3,7638),(750130538,'2018-11-18 05:23:05',315,1,2479),(750490006,'2018-11-18 09:46:03',100,6,8362),(750945155,'2018-03-23 09:50:45',246,1,5187),(751100698,'2018-03-04 05:31:23',377,9,8242),(751145593,'2018-10-04 00:44:46',174,1,2754),(751551624,'2018-11-09 03:41:20',347,5,3830),(751807177,'2018-05-16 20:12:40',269,5,2831),(751820019,'2018-08-10 00:58:45',318,7,7056),(752164969,'2018-01-20 00:32:18',422,9,5458),(752191785,'2018-05-19 16:28:25',119,6,7550),(752238071,'2018-05-26 01:56:31',40,7,8931),(752619561,'2018-12-25 14:08:59',360,6,8771),(752833836,'2018-02-24 11:05:49',398,8,624),(753211516,'2018-08-12 16:31:00',488,8,6636),(753390385,'2018-12-31 06:58:02',383,1,151),(753943567,'2018-06-30 03:00:35',9,8,2587),(754041585,'2018-04-21 16:37:19',263,5,9083),(754078104,'2018-03-09 17:55:34',412,3,7480),(754108235,'2018-05-22 01:27:40',159,5,1432),(754205440,'2018-05-22 22:50:10',238,1,2768),(754286586,'2018-11-23 21:18:36',393,1,7402),(754454492,'2018-08-31 00:54:03',220,3,4733),(754575515,'2018-12-09 09:54:35',272,7,6812),(754583746,'2018-04-11 14:32:11',70,1,9122),(754597722,'2018-11-08 19:04:12',333,7,2472),(754691253,'2018-05-13 20:35:19',248,4,8441),(755290115,'2018-10-19 21:28:10',236,3,6183),(755492491,'2018-10-09 04:42:06',291,3,669),(755628691,'2018-05-28 22:14:15',227,6,8834),(756847597,'2018-11-19 21:08:27',132,6,4045),(757094334,'2018-03-10 12:50:06',166,10,3469),(757138435,'2018-07-20 00:00:58',303,10,5516),(757159214,'2018-05-30 23:35:24',378,10,891),(757794705,'2018-05-25 01:25:06',361,9,720),(757808493,'2018-03-21 11:54:48',456,6,4843),(758126033,'2018-10-21 04:01:58',340,10,4495),(758451280,'2018-10-26 18:07:27',379,8,5414),(758494580,'2018-01-02 00:22:36',180,8,7012),(758713962,'2018-11-19 08:21:05',454,2,7331),(759151097,'2018-04-27 21:07:24',482,8,7089),(759244096,'2018-01-08 21:03:17',113,4,5270),(759312520,'2018-05-15 06:50:15',275,5,4346),(759385363,'2018-10-25 07:46:58',268,6,6730),(759446502,'2018-11-26 06:38:04',278,6,4388),(759519516,'2018-05-24 10:53:58',29,8,2737),(759812286,'2018-09-03 10:42:28',306,6,8403),(759826910,'2018-01-28 08:41:25',44,4,8476),(759829536,'2018-08-28 01:47:07',51,6,3476),(759832696,'2018-11-19 15:29:35',65,1,5522),(759864091,'2018-01-08 03:13:36',113,5,3405),(759919995,'2018-10-17 00:59:54',318,6,839),(759975523,'2018-10-15 11:48:57',116,6,46),(760066406,'2018-08-09 08:02:42',448,1,9837),(760626394,'2018-08-13 10:37:03',72,9,1381),(760645955,'2018-01-11 23:05:42',445,3,8036),(761015691,'2018-05-28 22:18:09',241,7,5063),(761017038,'2018-06-02 20:50:18',50,5,1004),(761027162,'2018-01-27 08:10:42',176,8,3141),(761043625,'2018-06-30 11:44:17',485,5,9935),(761145847,'2018-03-28 08:48:33',71,10,58),(761345173,'2018-10-19 09:47:42',498,2,1619),(761419632,'2018-01-13 18:42:40',79,8,5175),(762334575,'2018-11-11 11:57:40',208,6,7984),(762342320,'2018-06-11 00:03:32',73,4,7940),(762424569,'2018-05-08 22:47:59',357,3,4994),(762765968,'2018-02-22 15:26:49',231,6,3046),(762784377,'2018-08-18 20:36:45',427,8,3068),(763075682,'2018-04-26 00:24:31',370,1,5162),(763343814,'2018-02-04 01:21:19',385,10,4920),(763538202,'2018-01-01 22:59:32',390,7,1568),(763684479,'2018-12-14 08:25:02',23,1,3983),(763951801,'2018-01-28 19:57:11',245,1,8835),(763985649,'2018-07-25 01:03:02',454,6,6741),(764107599,'2018-01-19 11:17:43',279,6,116),(764300280,'2018-04-02 00:09:31',202,1,7952),(764367169,'2018-07-02 19:24:52',139,9,3866),(764680890,'2018-10-25 02:47:22',355,10,2548),(764801732,'2018-10-06 06:14:45',485,9,3310),(765516873,'2018-07-25 12:31:37',288,7,7316),(765998639,'2018-08-07 15:30:34',246,1,6822),(766092638,'2018-12-17 20:04:34',377,10,662),(766099850,'2018-06-11 15:50:38',299,3,6032),(766218124,'2018-02-12 19:01:25',30,1,1698),(766401325,'2018-01-15 03:07:35',236,9,7846),(766763832,'2018-07-27 19:42:23',21,8,7849),(766913570,'2018-05-16 14:37:38',392,1,4393),(767282203,'2018-04-01 02:34:50',449,6,5544),(767328069,'2018-11-25 22:33:13',312,1,1157),(768115689,'2018-07-25 16:33:44',409,5,9106),(768214282,'2018-07-11 01:07:14',475,9,390),(768246053,'2018-01-10 10:39:20',329,1,4410),(768490298,'2018-05-07 02:42:50',136,9,6494),(768714245,'2018-03-28 21:51:14',197,5,9507),(768831518,'2018-04-29 01:24:54',477,7,9591),(769056423,'2018-05-13 19:18:21',396,9,3452),(769165519,'2018-12-29 09:37:51',218,9,6803),(769211124,'2018-01-20 13:05:09',85,6,3731),(769373858,'2018-02-21 11:51:37',263,1,7544),(769391748,'2018-06-16 04:14:51',19,7,3473),(769499337,'2018-08-20 04:20:18',296,3,4962),(769861151,'2018-10-20 10:21:44',355,8,618),(769994456,'2018-04-23 01:16:20',215,7,3085),(770035962,'2018-12-26 02:55:44',459,2,6390),(770355599,'2018-02-22 01:28:21',90,2,4006),(770376950,'2018-11-12 19:40:16',280,8,9466),(770475040,'2018-11-27 06:01:04',360,4,1830),(770640418,'2018-11-25 16:48:25',94,7,1326),(770777388,'2018-02-02 00:06:50',21,9,8390),(770813943,'2018-04-05 07:00:26',163,6,5245),(771000701,'2018-01-13 06:53:23',333,6,5526),(771108467,'2018-04-26 19:53:13',454,3,9738),(771217128,'2018-05-07 07:49:20',417,1,4544),(771467186,'2018-05-08 15:40:29',193,8,2369),(771726818,'2018-01-07 06:45:40',265,8,830),(771901428,'2018-08-28 09:30:05',476,10,1656),(772277288,'2018-01-30 18:16:59',212,8,1424),(772575748,'2018-02-01 04:23:40',329,8,6180),(772622937,'2018-08-24 08:24:04',31,2,8817),(773015175,'2018-09-04 18:49:39',23,1,7234),(773534097,'2018-03-17 10:34:28',12,6,7457),(774094400,'2018-08-27 08:48:43',483,9,9003),(774167548,'2018-11-03 09:10:04',11,3,5579),(774238238,'2018-09-20 16:38:28',317,6,149),(774314366,'2018-07-30 04:27:04',104,3,7640),(774468351,'2018-04-30 00:30:49',403,7,7264),(774517023,'2018-12-29 13:19:38',431,10,8165),(774644607,'2018-05-27 21:26:16',363,8,6096),(774701699,'2018-11-28 11:08:31',71,2,2818),(774862352,'2018-11-13 17:36:22',332,10,8850),(775061324,'2018-08-11 01:20:53',52,2,2078),(775315190,'2018-06-11 01:36:19',311,9,6133),(775721366,'2018-05-21 00:39:03',464,10,9886),(775806420,'2018-07-03 15:25:52',431,6,5481),(775839421,'2018-11-25 13:51:36',11,1,439),(775934176,'2018-02-22 16:10:21',128,1,7820),(776101739,'2018-10-08 19:48:42',207,6,8496),(776468166,'2018-08-25 06:17:09',485,2,8125),(776633140,'2018-02-23 14:28:58',69,9,4577),(776729326,'2018-10-26 13:46:55',76,2,6484),(777143493,'2018-10-21 04:03:11',164,8,309),(777469965,'2018-11-17 21:36:40',336,2,9044),(777826104,'2018-09-18 12:25:25',176,1,4943),(777996847,'2018-06-04 20:14:16',463,2,7939),(778140646,'2018-01-31 11:05:46',187,2,9114),(778339196,'2018-06-10 04:41:06',443,3,4607),(778384750,'2018-01-24 22:08:56',104,10,9547),(778450131,'2018-06-26 11:20:42',394,6,1177),(778616863,'2018-02-28 10:17:04',153,10,8669),(778684939,'2018-01-07 03:20:40',327,2,9055),(778810781,'2018-12-14 12:55:56',240,3,3094),(778823142,'2018-11-10 01:37:48',348,7,8580),(778886983,'2018-07-20 09:50:43',240,7,8309),(778949147,'2018-11-26 03:36:45',385,8,7375),(779361367,'2018-09-30 11:00:33',35,2,5241),(779732840,'2018-07-21 08:19:54',465,2,6339),(779849398,'2018-08-10 12:59:58',434,4,9788),(779910204,'2018-09-14 08:36:48',115,9,424),(779916646,'2018-03-04 01:34:12',263,7,112),(780245346,'2018-03-28 15:04:11',208,4,803),(780443627,'2018-01-02 19:13:18',202,2,1725),(780758899,'2018-06-10 20:10:03',126,1,9096),(780944568,'2018-12-08 20:50:36',174,9,2272),(781208406,'2018-12-06 18:51:34',37,7,477),(781609888,'2018-11-29 09:55:55',248,2,5606),(781623524,'2018-08-07 22:39:22',96,2,570),(782170409,'2018-07-18 23:06:26',267,4,4688),(782227418,'2018-10-09 16:49:50',88,5,7760),(782250665,'2018-12-19 18:11:00',195,1,2842),(782253250,'2018-10-17 19:15:14',469,6,7501),(782495079,'2018-04-22 19:55:34',286,3,4972),(782857630,'2018-06-14 03:38:15',171,10,835),(782912895,'2018-04-28 06:43:43',415,3,6933),(783938074,'2018-10-10 14:50:57',144,4,4520),(784001291,'2018-08-22 10:38:07',50,1,7148),(784865741,'2018-08-29 18:38:42',4,6,2227),(784961472,'2018-05-29 04:48:17',194,3,390),(785611378,'2018-01-04 19:20:45',442,10,6454),(785670434,'2018-01-08 21:39:35',58,3,2053),(786008513,'2018-07-31 23:19:20',58,8,4168),(786290186,'2018-05-11 06:08:46',346,6,3716),(786453977,'2018-02-16 05:35:47',245,4,4297),(786463472,'2018-07-16 13:31:33',436,4,4399),(786665773,'2018-08-24 20:17:57',10,4,2748),(786756082,'2018-07-13 12:46:45',490,10,9860),(786892486,'2018-01-18 12:11:18',6,9,9383),(786956718,'2018-12-14 01:47:35',493,1,8124),(787052055,'2018-07-24 08:30:08',474,6,7106),(787120228,'2018-01-29 04:31:57',197,10,5272),(787168512,'2018-08-06 20:36:10',201,6,3671),(787412028,'2018-08-12 03:43:44',259,4,4063),(787734066,'2018-03-25 22:55:08',245,5,7024),(787825279,'2018-03-18 03:53:30',108,4,9894),(787980855,'2018-06-22 20:21:37',314,10,2471),(787995839,'2018-06-10 09:23:03',80,10,7106),(788232620,'2018-06-30 07:03:42',368,2,4012),(788417212,'2018-06-22 01:44:08',306,6,5395),(788556130,'2018-07-26 09:17:04',277,4,2321),(789040156,'2018-05-07 14:29:19',272,1,9815),(789053456,'2018-08-16 22:45:32',100,2,1464),(789341576,'2018-10-10 21:14:07',158,8,328),(789423296,'2018-02-24 12:12:32',445,5,3928),(789444412,'2018-06-14 08:13:48',327,4,796),(789545039,'2018-10-20 09:08:55',340,5,9224),(790116765,'2018-07-18 22:15:05',439,8,5695),(790164179,'2018-05-16 03:45:58',286,9,2585),(790359695,'2018-02-05 12:09:32',198,8,386),(790473666,'2018-03-14 20:58:29',222,2,4236),(790561819,'2018-01-12 05:08:53',432,3,7522),(790678236,'2018-02-27 16:04:13',423,8,5020),(791130356,'2018-12-09 02:25:11',103,2,8566),(791141329,'2018-07-11 08:59:07',264,8,8448),(791286526,'2018-11-22 14:01:53',493,4,4741),(791373506,'2018-11-16 16:58:00',192,6,6523),(791692670,'2018-10-11 19:36:56',392,3,828),(791703887,'2018-07-07 01:06:49',144,10,2911),(791735837,'2018-10-30 17:39:25',22,9,2653),(791873284,'2018-08-03 03:31:48',218,5,7833),(792312209,'2018-03-26 06:30:56',352,10,6380),(792861754,'2018-07-06 09:07:59',407,6,5618),(793508235,'2018-02-17 02:55:37',5,8,6349),(793592204,'2018-08-05 10:41:14',331,5,8474),(793702548,'2018-04-27 17:59:42',267,9,7186),(793810876,'2018-10-06 16:15:48',320,8,6749),(793853229,'2018-12-21 22:49:23',118,8,524),(794024788,'2018-12-16 08:43:55',328,10,2249),(794048123,'2018-10-27 23:21:06',293,8,3344),(794255251,'2018-11-24 06:55:07',362,6,8174),(794991116,'2018-07-03 06:42:33',113,7,3886),(795033690,'2018-04-08 17:24:56',491,3,3639),(795114042,'2018-09-02 21:22:21',135,7,9543),(795263308,'2018-07-26 03:23:24',255,1,2829),(795406883,'2018-06-19 03:00:07',258,7,2740),(795763807,'2018-09-05 12:00:49',23,1,6678),(795787319,'2018-04-03 11:24:25',289,4,2790),(796868215,'2018-01-03 16:27:00',411,6,9269),(796896103,'2018-09-21 10:25:09',419,5,6570),(797076656,'2018-06-05 14:23:14',12,10,1803),(797150616,'2018-03-22 03:44:06',94,5,404),(797431958,'2018-12-25 00:12:54',362,9,7510),(797885357,'2018-07-24 15:22:38',272,9,606),(797923789,'2018-01-21 05:46:59',90,8,5013),(798170608,'2018-02-11 12:51:11',316,10,5104),(798174943,'2018-01-18 00:50:37',102,7,129),(798495792,'2018-05-08 16:51:22',234,7,8133),(798882483,'2018-09-17 18:34:11',382,8,7674),(799180036,'2018-01-15 04:22:39',195,5,2055),(799443496,'2018-01-14 23:43:31',194,1,2225),(799611022,'2018-11-19 05:05:24',17,3,3302),(799692590,'2018-08-06 16:05:19',275,3,5186),(799988323,'2018-03-20 06:19:03',313,2,6493),(800000729,'2018-05-05 06:57:45',437,7,1161),(800343971,'2018-09-15 19:57:22',430,10,5911),(800443488,'2018-07-09 14:21:13',238,10,6678),(800705228,'2018-03-28 03:27:26',478,1,994),(800731091,'2018-05-05 06:18:47',92,10,4879),(800787890,'2018-10-26 14:28:07',414,9,4620),(800946047,'2018-08-07 15:32:12',8,5,2564),(800956371,'2018-02-10 22:49:33',497,5,2643),(801418385,'2018-04-08 20:57:48',474,10,7190),(801573410,'2018-12-13 08:12:57',371,2,1393),(801575948,'2018-10-09 14:47:44',229,2,4995),(802661592,'2018-11-07 20:31:45',472,9,7499),(802926889,'2018-05-17 16:42:29',358,8,4610),(803079890,'2018-12-11 14:19:13',324,6,7046),(803461779,'2018-10-15 20:00:36',248,8,2160),(803557479,'2018-11-09 13:48:19',4,2,7494),(804039886,'2018-11-08 04:15:13',226,2,3116),(804052078,'2018-05-26 09:53:02',311,3,2261),(804597233,'2018-04-19 15:03:58',470,4,2919),(804753138,'2018-09-05 01:55:04',209,8,7301),(805358045,'2018-09-23 03:48:36',296,8,9128),(805452734,'2018-04-21 02:15:22',263,5,4625),(805638583,'2018-03-17 23:21:15',296,3,1139),(805835574,'2018-02-10 17:31:07',147,7,1886),(805837459,'2018-10-22 14:10:16',199,5,8396),(805852039,'2018-07-18 08:54:49',26,9,1660),(806047264,'2018-09-30 23:23:43',390,1,6694),(806227558,'2018-12-08 06:05:30',417,3,5780),(806271810,'2018-05-19 07:53:26',32,6,7212),(806306778,'2018-06-07 02:09:32',145,9,3423),(806492955,'2018-11-26 03:49:33',124,7,7510),(806764781,'2018-06-05 20:06:16',352,10,3781),(806853799,'2018-01-26 06:49:02',3,9,8606),(806918734,'2018-07-26 13:51:34',477,7,2739),(807046715,'2018-06-30 20:33:18',113,3,9462),(807076584,'2018-09-19 10:57:58',327,6,874),(807099539,'2018-08-17 21:00:03',482,7,84),(807252821,'2018-12-25 07:33:48',306,5,4937),(807262570,'2018-05-23 18:55:41',405,4,9831),(807273851,'2018-10-02 09:20:28',34,5,2580),(807927710,'2018-07-30 07:18:33',122,7,6780),(807948172,'2018-05-12 04:17:37',200,7,2505),(808032155,'2018-06-07 04:59:01',326,5,191),(808141853,'2018-07-12 22:36:52',469,6,9683),(808179156,'2018-11-19 09:58:32',6,8,9203),(808238760,'2018-10-05 16:45:42',160,5,7676),(808319403,'2018-11-18 03:40:40',183,4,1206),(808366051,'2018-04-07 08:56:10',343,7,667),(808419619,'2018-10-11 10:44:14',205,9,1092),(808668891,'2018-11-25 21:57:02',100,9,6306),(808965167,'2018-12-19 08:15:09',1,4,5879),(809268412,'2018-07-04 14:50:39',425,8,3545),(809284632,'2018-06-09 07:31:07',211,3,3765),(809515425,'2018-06-15 01:48:09',144,9,8434),(809569088,'2018-02-25 12:39:37',40,4,31),(809635551,'2018-04-06 05:39:03',323,6,8679),(809654429,'2018-03-02 17:30:10',369,4,9582),(809726444,'2018-08-01 10:40:01',419,6,478),(809877788,'2018-05-18 02:23:35',386,9,6296),(809969472,'2018-02-01 10:07:35',266,2,2655),(810040101,'2018-12-21 14:26:40',438,3,2479),(810122072,'2018-11-21 15:12:05',206,4,2421),(810232527,'2018-05-21 03:30:19',128,10,7880),(810684223,'2018-05-24 06:09:25',4,2,4474),(810737936,'2018-10-18 17:52:47',263,3,1510),(810986911,'2018-08-07 02:53:50',492,9,4280),(811090284,'2018-09-19 08:05:48',464,7,4422),(811440666,'2018-12-13 22:42:43',495,7,8060),(811835353,'2018-09-06 01:35:44',463,9,3552),(811954650,'2018-07-26 03:50:04',342,4,7801),(812109881,'2018-11-21 17:58:18',326,9,3365),(812173613,'2018-02-18 17:46:24',333,1,5447),(812293175,'2018-12-24 20:27:48',419,8,566),(812386784,'2018-01-12 22:55:27',300,10,9180),(812408177,'2018-02-20 22:17:39',247,9,2088),(812433214,'2018-12-17 14:24:59',202,1,4623),(812473393,'2018-08-21 17:56:08',81,5,9773),(812578655,'2018-08-20 07:09:01',374,9,1918),(812616363,'2018-05-15 12:30:59',65,8,9300),(812835389,'2018-02-10 01:45:58',448,9,1851),(812889742,'2018-02-28 21:57:19',378,4,9462),(812910307,'2018-06-06 12:53:01',314,7,8559),(813021007,'2018-07-17 15:00:47',61,10,3141),(813505931,'2018-08-26 08:01:54',215,4,6112),(813617661,'2018-05-03 15:30:17',239,2,6809),(814304955,'2018-10-02 20:25:54',16,1,1224),(814395278,'2018-08-28 10:26:25',456,6,6761),(814534744,'2018-04-11 17:43:09',412,2,8794),(814716213,'2018-10-04 07:18:07',80,9,9058),(814852864,'2018-02-12 00:17:57',271,8,5722),(814861266,'2018-06-18 22:13:21',201,6,628),(814897105,'2018-02-27 10:46:58',460,5,5509),(814995023,'2018-06-06 11:44:01',53,9,1323),(815014842,'2018-07-22 10:45:48',397,8,8459),(815274945,'2018-06-15 16:36:48',465,9,7659),(815414753,'2018-01-22 08:56:03',256,8,6878),(815676433,'2018-10-15 12:30:15',488,7,2149),(816148777,'2018-02-24 09:12:36',488,8,8903),(816239976,'2018-05-04 17:52:03',347,10,9557),(816722935,'2018-09-30 08:32:19',92,3,5169),(817102636,'2018-03-01 21:44:49',6,4,8556),(817394695,'2018-09-27 09:05:32',100,5,8484),(817414165,'2018-05-31 00:20:49',220,10,8341),(817441917,'2018-01-25 01:13:18',82,3,3668),(817577365,'2018-08-23 06:06:59',330,1,7192),(817722440,'2018-08-13 12:24:00',70,3,9128),(817755907,'2018-12-01 07:07:13',17,7,7508),(817820947,'2018-01-04 17:29:35',332,3,8112),(817883848,'2018-08-19 22:09:17',274,10,6741),(818570695,'2018-11-07 22:19:55',177,2,6591),(818904813,'2018-10-24 07:11:45',154,6,6984),(819108963,'2018-03-16 14:11:36',477,4,7289),(819701505,'2018-08-30 20:07:27',65,7,7636),(819806034,'2018-07-18 06:23:54',292,6,2593),(819988118,'2018-09-24 14:48:38',136,1,7083),(820543053,'2018-04-01 03:11:27',233,10,8234),(820574508,'2018-05-15 20:36:30',418,5,3525),(820588808,'2018-10-22 11:41:50',463,10,5250),(820594391,'2018-05-16 01:25:46',498,1,7392),(821000812,'2018-11-16 04:23:44',1,3,5887),(821249785,'2018-12-19 01:12:43',241,4,9538),(821320246,'2018-08-05 14:25:57',297,1,1357),(822195104,'2018-02-28 19:15:04',150,8,8830),(822412476,'2018-08-26 21:18:15',110,2,6156),(822594840,'2018-06-19 22:27:39',36,8,7945),(822922790,'2018-10-27 03:41:01',177,7,1452),(823030705,'2018-06-02 08:21:26',180,3,763),(823162278,'2018-03-06 06:25:19',223,3,8822),(823281967,'2018-03-14 16:31:35',8,1,9757),(823321348,'2018-04-09 23:40:33',304,7,1268),(823337045,'2018-06-05 03:25:59',383,1,2063),(823491363,'2018-06-30 00:33:19',432,6,947),(823594646,'2018-02-11 11:30:08',115,9,9527),(823950630,'2018-02-07 11:26:33',55,8,8704),(823993020,'2018-05-10 21:07:25',453,1,129),(824387947,'2018-08-08 11:21:24',272,2,478),(824479662,'2018-03-24 00:38:24',29,8,2833),(824716508,'2018-02-08 03:23:40',96,4,3662),(825129056,'2018-05-13 15:06:57',178,3,8387),(825490867,'2018-03-27 13:36:14',348,5,6952),(825833310,'2018-12-14 09:26:16',279,8,8844),(825842685,'2018-05-31 04:22:51',57,9,9065),(826347438,'2018-11-11 13:21:18',339,1,3360),(826508595,'2018-09-11 11:22:09',215,9,3550),(826571032,'2018-07-08 06:51:02',306,8,5536),(827246900,'2018-06-27 21:21:33',453,10,2656),(827342257,'2018-07-25 11:12:51',491,5,7753),(827396799,'2018-11-22 12:25:23',175,2,9777),(827496008,'2018-06-01 12:20:02',404,6,797),(827547742,'2018-11-13 00:18:59',155,1,6986),(827845020,'2018-03-31 07:38:26',401,5,7586),(828047199,'2018-10-09 03:58:24',179,9,2094),(828292277,'2018-03-03 18:58:21',208,8,4446),(828583558,'2018-10-21 06:26:06',303,6,2883),(828635294,'2018-05-23 03:27:09',391,8,2025),(828868476,'2018-04-21 16:03:38',467,4,3880),(828937328,'2018-11-30 17:03:40',97,8,8140),(829213491,'2018-02-22 01:10:23',237,3,331),(829321998,'2018-11-20 17:27:30',92,7,665),(829584968,'2018-03-01 04:36:05',115,9,1865),(829647312,'2018-10-15 09:21:27',125,10,7165),(829883153,'2018-12-20 01:45:41',462,7,1492),(829933930,'2018-12-04 03:57:19',407,8,1593),(830020584,'2018-03-23 13:12:13',52,10,4113),(830367557,'2018-04-03 23:11:41',456,8,8576),(830426161,'2018-04-06 10:43:23',299,3,5960),(830576641,'2018-11-12 23:30:20',207,10,4164),(830853456,'2018-03-13 17:38:57',302,1,1624),(831064213,'2018-02-23 02:39:18',237,1,5238),(831308751,'2018-06-17 08:07:36',193,3,7515),(831409766,'2018-11-26 07:51:03',330,4,2331),(831582890,'2018-10-25 15:23:34',137,2,6901),(831608965,'2018-09-14 01:26:48',118,9,8031),(831932911,'2018-08-24 04:16:40',5,1,6133),(831978682,'2018-03-24 01:17:40',27,9,7267),(832082221,'2018-10-20 13:32:13',33,10,567),(832177137,'2018-06-09 15:48:02',282,7,8022),(832242521,'2018-01-02 05:07:32',223,5,9321),(832255618,'2018-09-25 22:14:58',245,8,7400),(832529692,'2018-04-17 04:49:17',306,9,5301),(832733580,'2018-07-01 15:29:20',402,7,1708),(832758278,'2018-03-21 08:44:37',295,6,1822),(832817574,'2018-11-17 19:01:32',99,3,6693),(832898888,'2018-01-02 17:16:02',12,1,123),(833132265,'2018-12-03 01:15:12',109,1,4399),(833237420,'2018-08-12 09:12:19',443,9,4412),(833502725,'2018-05-25 05:29:06',439,9,3180),(833722279,'2018-01-23 11:41:31',215,2,5561),(833783396,'2018-12-24 18:01:30',248,6,7425),(834201477,'2018-12-28 00:32:56',197,10,6081),(834271677,'2018-04-20 12:02:48',265,6,2830),(834398607,'2018-06-10 00:37:08',499,3,5689),(834985714,'2018-07-16 17:50:47',247,8,7587),(835004437,'2018-09-23 22:15:38',120,3,1017),(835298262,'2018-05-30 23:54:04',27,7,4864),(835395111,'2018-10-16 23:51:28',499,6,3432),(835485167,'2018-10-07 00:46:26',88,8,4120),(835667443,'2018-04-15 03:34:37',126,1,5161),(835786678,'2018-09-17 12:08:26',342,2,1429),(836005812,'2018-08-23 05:11:11',188,3,5910),(836338866,'2018-12-31 06:47:41',163,6,6793),(836717047,'2018-01-25 20:21:11',454,5,3160),(836880028,'2018-06-09 07:52:25',56,4,2590),(836897014,'2018-11-16 13:07:12',428,2,6392),(836929352,'2018-01-12 21:23:15',434,3,4832),(836941703,'2018-07-06 19:55:14',271,8,4572),(836964477,'2018-06-24 05:18:44',92,9,5875),(837041475,'2018-04-25 04:04:59',219,10,7944),(837169922,'2018-12-26 09:22:34',257,3,6205),(837185995,'2018-02-02 10:26:03',129,6,2157),(837297753,'2018-12-24 14:25:58',368,3,9878),(837408200,'2018-07-06 14:54:58',94,3,5874),(837794054,'2018-05-02 16:15:18',4,5,1466),(838087820,'2018-03-27 11:58:18',162,1,6690),(838133404,'2018-12-10 17:25:40',78,5,3870),(838344536,'2018-05-03 03:42:04',349,5,7869),(838436843,'2018-07-07 04:15:10',348,5,7969),(838517239,'2018-11-22 19:01:21',216,6,1534),(838716160,'2018-01-22 18:35:15',444,7,9419),(839136888,'2018-10-07 10:24:28',133,4,9280),(839238021,'2018-04-23 10:10:29',467,2,277),(839282832,'2018-01-11 01:33:26',277,5,1651),(839401533,'2018-10-07 14:34:29',23,1,2088),(839541067,'2018-11-18 13:55:34',150,4,8580),(839541459,'2018-05-21 05:40:51',320,6,3978),(839770315,'2018-07-09 08:23:25',332,4,2155),(839966362,'2018-11-13 16:29:48',60,8,1257),(840185698,'2018-07-02 14:17:57',398,6,5243),(840205576,'2018-10-05 23:50:04',109,8,286),(840522754,'2018-08-17 18:53:02',86,8,7595),(840776704,'2018-04-18 15:19:56',270,3,8573),(840820416,'2018-12-09 04:15:27',293,10,3197),(840909209,'2018-10-08 21:56:26',220,10,7072),(840962467,'2018-09-09 06:00:08',239,7,7384),(840980954,'2018-08-23 14:42:47',460,10,2294),(841135631,'2018-05-26 00:13:01',421,3,2627),(841168748,'2018-06-11 01:41:38',381,7,6261),(841293817,'2018-01-01 10:55:20',412,5,2160),(841422540,'2018-12-09 10:02:21',26,10,1864),(841595276,'2018-06-06 11:58:33',118,7,3331),(842337188,'2018-01-24 22:59:47',20,1,1148),(842531063,'2018-06-12 16:00:01',267,9,4393),(842579599,'2018-10-16 04:57:12',61,8,899),(842857472,'2018-10-06 16:16:28',76,6,4043),(842964234,'2018-12-12 07:13:55',177,2,9143),(842994733,'2018-01-11 08:20:34',395,4,2928),(843130889,'2018-09-28 02:02:00',401,10,4730),(843142572,'2018-02-04 03:01:36',204,9,5874),(843156448,'2018-09-16 17:27:17',177,6,9736),(843349383,'2018-07-03 14:48:23',126,6,6796),(843363873,'2018-10-06 17:00:41',220,1,6206),(843596745,'2018-08-03 06:08:43',336,2,8609),(843955260,'2018-05-17 09:08:47',396,5,1710),(844094570,'2018-11-27 17:44:50',478,4,9935),(844643497,'2018-09-01 05:13:42',268,7,876),(844647738,'2018-07-28 08:13:04',257,9,2141),(845373220,'2018-02-13 04:43:34',458,8,9177),(845480003,'2018-06-02 00:03:00',136,7,2699),(845589885,'2018-08-24 15:21:35',425,9,8417),(845754055,'2018-11-01 16:53:38',204,6,8763),(846104248,'2018-05-17 13:31:37',448,2,461),(846250555,'2018-06-13 19:15:49',496,2,2453),(846449759,'2018-07-03 07:51:15',160,3,2707),(846459872,'2018-01-01 04:46:13',123,8,9033),(846553177,'2018-11-04 23:30:07',318,9,1494),(846648322,'2018-11-10 22:22:22',95,7,2800),(847077864,'2018-09-03 06:20:32',215,4,2491),(847253977,'2018-03-11 10:39:39',377,1,253),(847567891,'2018-08-05 13:06:02',260,2,9173),(847718341,'2018-09-19 20:01:03',193,4,603),(847867296,'2018-09-26 21:49:53',411,1,6097),(848083455,'2018-07-05 06:09:41',46,6,7732),(848297956,'2018-10-12 11:14:48',62,5,9429),(848374873,'2018-02-17 14:56:25',455,5,5066),(848467096,'2018-12-23 01:46:34',326,3,3364),(848612290,'2018-11-09 03:31:12',305,3,2247),(848735047,'2018-10-26 05:32:11',17,10,1783),(848937277,'2018-08-27 15:47:32',268,8,5083),(849151802,'2018-01-15 11:48:58',38,1,7449),(849303277,'2018-10-09 05:00:26',93,2,5585),(849333888,'2018-10-11 17:51:35',197,5,3877),(849458555,'2018-05-20 09:39:51',405,4,3435),(849617971,'2018-04-11 14:09:47',82,4,9844),(849746264,'2018-11-09 08:13:00',293,5,4443),(849759245,'2018-03-20 07:35:39',344,9,3185),(849872820,'2018-06-29 18:00:34',120,10,7074),(849877253,'2018-09-16 02:24:59',276,10,9546),(850242435,'2018-06-13 15:06:40',80,2,2826),(850281939,'2018-02-23 16:41:17',390,10,5434),(850620478,'2018-05-19 21:37:34',421,1,5425),(850655611,'2018-04-16 02:04:53',77,8,8934),(850673348,'2018-03-13 16:39:49',135,1,2488),(851067012,'2018-10-16 05:57:40',118,6,4233),(851223695,'2018-10-29 06:49:40',272,9,8960),(851265258,'2018-02-11 15:10:24',120,7,5919),(851603515,'2018-02-13 20:18:53',490,6,3457),(851690800,'2018-01-04 18:28:20',191,2,8496),(851817535,'2018-05-17 02:34:07',331,10,7043),(851902140,'2018-03-14 17:25:21',487,3,5985),(852081455,'2018-07-03 02:02:46',364,7,9792),(852375962,'2018-02-07 04:16:00',35,7,6496),(852511220,'2018-09-29 00:01:05',82,4,5259),(852663457,'2018-09-11 06:12:40',2,1,641),(852757808,'2018-01-14 18:22:12',72,2,7750),(852873343,'2018-11-28 14:12:34',245,10,9565),(853429383,'2018-02-04 09:50:20',310,6,1120),(853525303,'2018-04-09 09:19:24',279,2,3804),(853544459,'2018-08-22 03:03:10',181,8,3388),(853765300,'2018-06-05 05:30:09',498,10,5883),(853901329,'2018-09-25 15:11:51',424,2,2536),(854038259,'2018-12-24 20:33:03',429,3,6680),(854572450,'2018-02-25 13:58:33',21,1,4884),(854656059,'2018-03-25 14:00:55',221,3,6701),(855082085,'2018-04-25 00:57:01',296,9,1104),(855082422,'2018-06-01 11:50:20',201,7,2831),(855202629,'2018-11-26 01:22:04',184,2,5480),(855211157,'2018-02-14 19:03:28',494,6,1191),(855241154,'2018-11-30 11:28:50',105,4,4022),(855406441,'2018-02-11 08:36:38',393,7,1328),(855644900,'2018-03-21 16:41:58',37,7,8166),(855955601,'2018-09-22 06:45:32',24,6,5565),(855998098,'2018-10-29 20:47:59',302,4,8952),(856168686,'2018-01-30 11:40:20',172,2,3927),(856476729,'2018-05-10 08:06:48',147,6,5910),(856584605,'2018-01-09 15:56:31',39,4,4710),(856781125,'2018-05-12 23:21:32',396,2,4032),(857752442,'2018-11-22 12:57:50',399,7,6400),(858023260,'2018-12-17 13:44:57',376,1,7120),(858242859,'2018-10-19 03:48:31',480,3,6507),(858321195,'2018-10-07 19:01:33',462,6,2512),(858467335,'2018-07-16 22:57:22',407,9,2166),(858545899,'2018-02-08 15:56:35',470,3,3013),(858846241,'2018-09-13 09:52:12',204,4,6732),(858880484,'2018-07-03 07:52:03',210,5,7155),(859058874,'2018-03-06 17:47:11',426,3,1394),(859261399,'2018-06-09 02:53:50',432,10,3882),(859313134,'2018-12-28 20:26:07',474,9,5417),(859356302,'2018-01-20 10:55:44',216,7,4297),(859555031,'2018-11-12 13:23:42',301,8,5148),(859734481,'2018-08-30 19:46:10',435,10,1704),(859953590,'2018-06-17 00:42:49',281,6,9382),(860257153,'2018-05-27 18:52:27',366,10,8771),(860262180,'2018-05-29 13:09:35',276,7,5483),(860547630,'2018-10-09 05:29:38',280,8,9777),(860578313,'2018-02-20 21:31:27',492,5,5208),(860690402,'2018-07-20 11:06:58',284,10,6140),(860988834,'2018-03-13 15:12:27',129,7,9137),(861057472,'2018-10-02 05:47:04',173,6,2198),(861095494,'2018-08-24 04:34:44',230,1,5152),(861288325,'2018-11-20 06:55:23',99,8,9378),(861772257,'2018-04-08 03:12:56',51,4,9064),(861778883,'2018-05-02 01:37:38',322,8,4207),(861870983,'2018-04-05 13:22:27',140,7,9116),(862039294,'2018-07-07 15:29:01',30,4,941),(862323092,'2018-09-21 23:16:48',484,3,7570),(862371036,'2018-01-24 02:51:04',431,10,1857),(862471586,'2018-10-28 04:19:38',335,8,9326),(862666354,'2018-06-19 02:52:52',135,7,4572),(862669031,'2018-05-07 04:37:56',283,1,4348),(863190952,'2018-12-16 03:36:28',376,3,9840),(863345126,'2018-08-14 04:12:06',292,10,3903),(863536734,'2018-10-08 03:48:12',200,8,1845),(863653443,'2018-12-07 14:09:00',313,2,5186),(863702209,'2018-07-13 01:27:06',17,9,2429),(864086150,'2018-01-29 05:45:33',396,2,9205),(864111037,'2018-01-04 07:24:15',212,2,1475),(864727142,'2018-10-26 18:14:18',153,9,9902),(864951171,'2018-12-01 09:00:58',66,6,9953),(864989608,'2018-11-10 05:48:42',51,4,6100),(865054792,'2018-12-06 10:13:44',340,10,2159),(865196255,'2018-09-02 21:14:05',200,5,6642),(865503028,'2018-03-07 11:13:06',377,8,2994),(865543111,'2018-11-22 22:46:45',373,10,7654),(865627519,'2018-10-15 00:31:07',402,10,9100),(865762882,'2018-05-29 06:48:05',478,7,5118),(865769622,'2018-11-23 21:51:10',311,10,1504),(865924559,'2018-04-26 17:19:49',48,4,8258),(865933498,'2018-04-19 18:53:46',29,9,378),(866230576,'2018-08-06 17:38:32',250,8,7772),(866473980,'2018-08-26 03:54:40',90,6,8121),(866614623,'2018-07-02 11:32:42',344,5,61),(866817672,'2018-03-04 08:38:24',288,10,5454),(866930834,'2018-07-11 13:33:05',368,4,8935),(867083237,'2018-04-13 22:29:46',138,4,7734),(867145354,'2018-06-14 12:11:01',493,1,1331),(867236551,'2018-03-01 10:03:49',185,4,1311),(867408417,'2018-07-20 20:54:24',366,7,1003),(867457055,'2018-05-12 18:19:27',450,7,5616),(867508006,'2018-10-13 10:25:49',3,2,3730),(867662651,'2018-05-30 21:25:43',317,9,3436),(868422031,'2018-04-20 06:41:41',463,3,7710),(868541526,'2018-10-21 12:29:15',274,10,953),(868913769,'2018-11-09 14:35:56',285,5,9335),(868957108,'2018-09-05 21:19:04',412,6,4294),(869010070,'2018-03-23 12:51:19',13,2,9410),(869292416,'2018-10-17 11:53:08',163,8,9521),(869396907,'2018-02-11 19:58:53',357,2,3643),(869418688,'2018-10-18 20:24:46',500,6,9851),(869426348,'2018-11-22 03:26:35',288,8,9648),(869529999,'2018-10-12 12:43:43',330,8,5157),(869685486,'2018-02-09 13:25:24',148,8,6474),(869716248,'2018-02-28 09:11:16',393,8,5095),(869810002,'2018-12-19 07:42:34',9,1,2281),(870009667,'2018-02-05 04:34:56',500,7,5474),(870018280,'2018-02-05 23:11:09',206,1,8236),(870041052,'2018-10-03 17:21:54',424,8,7135),(870229434,'2018-09-29 05:12:20',233,6,9683),(871000054,'2018-04-12 00:05:09',159,3,7080),(871358467,'2018-03-22 01:40:42',137,3,861),(871414469,'2018-08-01 21:22:56',201,6,1578),(871489802,'2018-07-20 22:19:47',29,8,1342),(871586005,'2018-12-03 18:38:58',475,6,3090),(872074062,'2018-05-09 15:52:35',373,6,6660),(872298770,'2018-02-27 19:15:22',63,9,6431),(872558843,'2018-06-02 15:25:30',251,8,2730),(872743485,'2018-06-18 10:40:59',463,5,4383),(873167382,'2018-08-29 15:50:01',84,9,6683),(873395894,'2018-04-04 16:19:08',372,5,2206),(873583379,'2018-07-27 13:16:24',492,3,6634),(874247294,'2018-01-30 19:54:17',173,8,6723),(874430595,'2018-10-16 15:24:19',362,6,4364),(874644506,'2018-08-26 12:24:30',362,7,1833),(874661325,'2018-11-22 08:06:52',233,10,1873),(874753705,'2018-01-11 04:58:33',242,6,9575),(874809461,'2018-12-23 17:09:58',373,3,4962),(875067046,'2018-03-13 19:35:05',227,1,7523),(875301989,'2018-10-27 19:50:06',144,5,4490),(875508927,'2018-12-04 21:58:15',450,2,5821),(875883056,'2018-07-18 14:19:42',391,4,4878),(876087402,'2018-03-23 19:02:02',167,1,763),(876091968,'2018-03-21 16:22:27',392,8,8995),(876307777,'2018-01-18 22:57:04',286,8,1010),(876507339,'2018-04-10 19:07:08',353,8,2678),(876717330,'2018-01-29 16:41:09',82,4,714),(876780091,'2018-08-04 14:44:27',274,10,814),(876926193,'2018-05-30 02:41:54',249,1,8032),(876997144,'2018-05-25 09:58:28',329,10,4319),(877124613,'2018-04-26 08:43:16',346,8,69),(877133906,'2018-07-03 11:57:18',147,5,1972),(877465006,'2018-09-09 11:35:13',1,3,7815),(877520161,'2018-10-28 01:52:03',75,9,9404),(877548998,'2018-04-08 20:14:05',83,8,9690),(877760776,'2018-07-15 18:14:04',365,4,9347),(878158885,'2018-07-12 06:03:28',197,4,8537),(878189094,'2018-07-03 10:09:16',449,9,3122),(878353712,'2018-06-15 00:34:29',158,6,4654),(878452264,'2018-02-01 03:23:22',30,5,4965),(878522937,'2018-05-16 01:19:14',124,8,2507),(878575905,'2018-05-24 23:26:30',446,6,1591),(878906392,'2018-01-19 02:20:54',350,3,1219),(879075187,'2018-04-27 16:48:26',412,10,6398),(879100855,'2018-11-02 21:10:41',443,2,7652),(879275161,'2018-12-12 04:31:12',310,2,4277),(879685542,'2018-01-01 12:25:18',24,1,8975),(879818721,'2018-07-04 08:12:11',302,1,4032),(879857202,'2018-03-13 20:22:10',295,2,575),(880483906,'2018-05-15 19:00:22',200,9,3695),(880812336,'2018-01-16 17:03:32',302,2,4405),(880839169,'2018-03-21 20:27:43',16,8,3084),(880850906,'2018-05-31 22:29:33',108,9,7551),(880933940,'2018-05-14 02:32:21',189,5,6452),(880949172,'2018-09-14 08:45:49',390,9,2083),(881038289,'2018-02-03 09:24:18',237,4,7116),(881239141,'2018-01-14 06:04:02',361,3,5981),(881363605,'2018-03-19 07:49:07',315,8,8835),(881572397,'2018-01-15 01:54:32',17,4,8870),(881636208,'2018-11-23 01:48:17',266,5,367),(881662166,'2018-06-04 15:36:50',33,10,8717),(881743928,'2018-06-02 04:27:38',347,8,8707),(882156056,'2018-06-02 18:22:47',358,4,1893),(882706551,'2018-01-06 12:58:11',168,8,2700),(882754338,'2018-04-29 21:58:01',217,4,9062),(882818330,'2018-08-21 03:10:10',120,8,2651),(882963511,'2018-03-11 04:20:51',277,9,894),(883184869,'2018-08-31 06:25:29',180,10,3995),(883237311,'2018-01-07 03:44:54',308,5,3591),(883366057,'2018-01-18 00:10:17',489,2,7966),(883426763,'2018-02-17 10:51:28',408,3,8191),(883596026,'2018-05-20 13:21:19',7,8,9388),(883702335,'2018-12-30 18:17:09',103,7,470),(883885791,'2018-10-12 05:39:59',145,5,3764),(884713064,'2018-09-22 19:27:17',99,4,6110),(884738775,'2018-03-01 19:09:22',226,1,1938),(884790057,'2018-04-07 01:00:45',73,9,7373),(884881300,'2018-03-09 09:44:19',229,9,9968),(885036772,'2018-10-14 22:02:26',34,9,8616),(885077598,'2018-10-06 23:02:43',324,1,1181),(885145912,'2018-08-27 02:54:04',177,2,9125),(885392027,'2018-06-03 19:01:20',438,3,5956),(885527036,'2018-11-18 01:20:40',376,2,5033),(885588390,'2018-03-06 07:14:46',286,10,5355),(885778336,'2018-06-28 14:38:27',161,10,6351),(885839430,'2018-01-30 11:03:28',63,7,4886),(886130457,'2018-03-06 08:17:39',354,2,5440),(886183823,'2018-09-29 09:31:37',367,1,8472),(886246874,'2018-10-18 04:36:14',260,8,9547),(886285665,'2018-10-19 14:28:36',144,6,4867),(886329621,'2018-09-19 12:45:58',176,9,2211),(886491571,'2018-05-27 12:35:48',446,4,4438),(886577076,'2018-12-25 08:14:28',480,3,5314),(886578205,'2018-04-01 20:33:42',361,4,5449),(886700015,'2018-04-02 04:37:15',100,2,131),(886726455,'2018-05-25 10:27:31',275,1,6591),(886908176,'2018-06-12 05:00:11',95,6,2414),(887136681,'2018-04-23 11:26:36',442,9,5520),(887218407,'2018-07-22 13:31:28',222,5,2289),(887226234,'2018-02-23 00:31:38',58,2,7095),(887269328,'2018-09-11 13:07:25',220,3,7875),(887295348,'2018-03-13 09:52:03',494,1,731),(887300053,'2018-11-09 10:36:43',136,1,3840),(887792673,'2018-07-05 18:15:19',187,4,7713),(887822957,'2018-07-07 19:43:32',85,5,245),(887825398,'2018-02-14 17:00:16',363,10,2944),(888556218,'2018-10-17 12:52:32',386,3,9341),(888602363,'2018-07-08 15:21:11',370,3,5116),(888715888,'2018-10-30 23:26:09',167,6,400),(888785251,'2018-07-16 22:37:41',411,10,4312),(888792142,'2018-12-24 17:48:50',222,4,748),(888946734,'2018-04-08 20:15:14',66,8,7875),(889054312,'2018-01-25 08:15:05',486,6,1219),(889234491,'2018-01-20 01:42:41',417,10,1952),(889388570,'2018-01-02 14:19:08',74,9,901),(889534421,'2018-06-17 12:55:12',360,3,2024),(889862239,'2018-11-18 14:23:08',26,5,1192),(890219239,'2018-05-23 11:07:03',272,1,4481),(890383005,'2018-12-26 23:41:23',194,8,4367),(890602977,'2018-01-06 08:04:03',380,6,9301),(890672861,'2018-03-14 10:46:28',58,8,548),(890709107,'2018-07-17 05:15:06',178,5,2372),(890733656,'2018-07-12 02:14:38',362,6,9627),(891029398,'2018-08-24 00:57:18',306,4,1541),(891310185,'2018-10-01 10:25:55',51,4,2318),(891520925,'2018-10-05 00:48:44',331,8,1404),(891815246,'2018-04-01 06:42:46',3,8,7275),(891831730,'2018-03-20 09:27:00',122,2,534),(891938653,'2018-06-17 12:03:01',441,8,1187),(892136987,'2018-06-02 15:36:56',142,6,8659),(892369937,'2018-01-05 13:55:35',89,10,6581),(892639883,'2018-06-14 15:22:15',280,8,315),(892702959,'2018-02-25 09:21:06',456,8,2367),(892940812,'2018-03-17 10:22:40',219,6,4560),(893022634,'2018-08-18 02:19:32',259,2,3337),(893036874,'2018-02-23 00:56:20',392,2,4816),(893104815,'2018-01-26 20:45:23',140,2,675),(893182361,'2018-05-11 12:20:49',332,3,6759),(893272318,'2018-07-29 06:34:20',34,2,1772),(893399171,'2018-03-10 04:29:05',37,2,1568),(893794109,'2018-05-31 11:28:29',141,6,3398),(893807038,'2018-12-22 01:25:26',488,1,8559),(893809406,'2018-06-06 07:24:56',364,3,3347),(894089070,'2018-03-01 08:01:16',23,3,2951),(894148852,'2018-12-25 07:24:34',130,4,7838),(894327084,'2018-10-14 23:56:21',308,5,518),(894396924,'2018-10-30 04:39:42',440,10,6679),(894713546,'2018-06-26 07:35:04',42,10,3562),(894941544,'2018-07-30 08:06:18',68,7,3470),(895088458,'2018-12-02 12:57:04',159,5,5324),(895470406,'2018-01-09 09:35:06',100,8,4055),(895516283,'2018-02-16 14:37:10',214,7,8111),(895702527,'2018-06-10 10:18:05',291,4,2344),(895740377,'2018-10-19 13:25:19',456,9,1320),(896048086,'2018-06-27 15:22:40',217,5,8245),(896304910,'2018-12-27 09:26:59',478,8,5717),(896398952,'2018-10-28 21:13:54',450,2,7658),(896801963,'2018-06-07 00:05:28',448,2,1601),(896835482,'2018-02-23 18:20:55',180,9,6285),(896910380,'2018-09-22 18:18:39',404,3,6898),(897002439,'2018-03-19 11:06:36',499,1,5296),(897044861,'2018-09-18 12:47:23',28,8,443),(897135970,'2018-05-31 15:56:22',204,9,4516),(897165667,'2018-08-03 05:35:24',284,5,9904),(897170940,'2018-06-22 19:01:04',418,5,3387),(897447808,'2018-03-06 18:08:33',240,4,1632),(897767643,'2018-09-04 09:01:52',45,10,3480),(897880864,'2018-01-20 20:26:03',15,4,9558),(897923385,'2018-08-20 11:50:42',315,2,6633),(897953829,'2018-07-28 03:18:15',277,2,7251),(898212139,'2018-10-07 13:24:52',364,10,5152),(898404780,'2018-03-14 07:56:02',228,2,6466),(898657386,'2018-09-19 08:46:24',391,10,585),(898694076,'2018-04-02 06:41:01',179,3,9148),(898775061,'2018-02-07 19:05:55',83,2,3800),(899214284,'2018-03-29 12:38:22',62,7,5730),(899250947,'2018-11-08 18:24:03',268,3,455),(899785913,'2018-09-22 15:48:59',23,5,8727),(899817705,'2018-04-20 15:35:36',116,4,8864),(899937025,'2018-10-22 23:12:05',234,3,5424),(899993238,'2018-01-01 22:55:35',381,8,3714),(900092290,'2018-02-20 22:57:09',357,4,3128),(900113902,'2018-02-23 03:38:01',381,4,8957),(900178106,'2018-09-11 14:39:33',365,2,954),(900558041,'2018-04-09 21:39:33',106,2,6504),(900806939,'2018-08-19 15:51:08',157,1,2804),(900984309,'2018-01-10 15:25:14',140,2,242),(901128630,'2018-03-26 19:14:03',160,3,2796),(901220973,'2018-12-06 16:44:30',179,6,7104),(901336759,'2018-12-04 04:27:41',448,5,6441),(901481159,'2018-01-31 11:30:45',370,3,2679),(901694972,'2018-11-28 09:13:58',227,1,7579),(901880145,'2018-02-06 07:21:20',355,8,6683),(901982352,'2018-04-02 18:58:24',291,1,4921),(902425990,'2018-05-09 07:41:33',254,6,5737),(902438139,'2018-04-09 00:23:17',326,6,7202),(902576972,'2018-08-20 10:35:49',46,7,2628),(902691042,'2018-10-20 09:59:44',379,8,653),(902729239,'2018-03-14 22:15:50',167,3,7683),(902799329,'2018-10-13 12:56:52',399,4,5155),(902858278,'2018-05-22 08:44:40',48,8,2648),(902903695,'2018-12-06 14:47:26',327,3,5073),(903058926,'2018-05-16 17:03:35',51,3,3797),(903113541,'2018-08-01 07:18:00',446,4,2608),(903193129,'2018-10-15 00:36:12',380,10,6148),(903246913,'2018-09-15 19:43:26',292,8,8857),(903291988,'2018-01-04 23:26:12',450,10,5227),(903324093,'2018-12-19 04:25:29',207,8,9053),(903353242,'2018-03-21 17:41:00',320,1,4158),(904065721,'2018-09-30 12:38:41',268,9,5195),(904073342,'2018-05-11 19:59:50',339,9,8671),(904076605,'2018-06-20 09:30:56',193,7,477),(904381017,'2018-08-29 22:35:50',440,4,2221),(904602057,'2018-08-31 08:16:04',411,9,5007),(905084428,'2018-04-09 22:30:49',327,1,8600),(905344121,'2018-01-06 01:33:36',444,3,7749),(905385985,'2018-05-02 15:17:48',67,10,3631),(905446840,'2018-03-07 19:28:14',80,6,3404),(905559637,'2018-09-22 06:44:55',317,8,4695),(906213371,'2018-10-26 14:48:04',478,7,9385),(906226796,'2018-01-07 03:33:58',367,9,5798),(906241539,'2018-08-17 23:49:32',289,7,1501),(906466380,'2018-06-30 09:21:57',288,8,1896),(906991159,'2018-12-02 08:48:56',219,1,8132),(907140199,'2018-09-18 04:21:09',248,1,1029),(907265012,'2018-11-22 02:20:37',466,6,2440),(907415572,'2018-03-24 16:49:43',314,4,9872),(907740104,'2018-11-01 12:15:32',109,3,1786),(907854876,'2018-02-26 10:36:27',464,2,2230),(908171286,'2018-09-01 13:32:08',444,2,1998),(908286296,'2018-01-03 20:07:10',354,1,66),(908562466,'2018-09-16 14:49:44',70,1,1803),(908562979,'2018-11-25 02:05:15',321,9,4424),(908600956,'2018-07-28 20:37:06',238,1,6504),(908601858,'2018-10-10 12:00:32',347,3,5782),(908690394,'2018-03-29 17:50:31',428,2,5674),(908843813,'2018-07-30 20:15:32',215,5,6444),(909335979,'2018-07-21 09:25:04',29,2,6066),(909340993,'2018-05-20 03:32:52',63,5,2901),(909366309,'2018-02-11 22:04:36',392,10,6285),(909990472,'2018-01-01 09:38:36',355,2,5905),(910010545,'2018-10-16 20:08:02',384,7,2795),(910333507,'2018-09-26 15:31:45',486,5,7585),(910408624,'2018-01-26 15:15:27',499,8,9462),(910529467,'2018-05-25 18:32:19',382,1,1532),(910806304,'2018-05-30 17:10:53',32,7,4559),(910860044,'2018-02-06 14:05:33',89,5,7338),(910971716,'2018-03-14 23:39:29',280,7,7540),(911005610,'2018-11-21 18:20:09',225,5,2018),(911058548,'2018-02-04 10:16:30',472,7,440),(911275211,'2018-12-01 10:33:01',121,10,8078),(911330170,'2018-03-04 22:55:40',449,5,1411),(911360206,'2018-06-12 02:14:35',344,3,5197),(911547098,'2018-06-21 09:37:55',45,6,5008),(911900260,'2018-05-11 08:04:34',56,2,354),(911950363,'2018-02-24 06:00:05',393,4,4560),(912093490,'2018-01-11 00:03:57',140,5,9951),(912147753,'2018-12-21 05:47:07',383,4,903),(912798334,'2018-08-17 16:03:38',399,1,3542),(913217118,'2018-01-14 17:38:41',173,9,8012),(913251512,'2018-01-23 07:22:53',249,1,2471),(913706403,'2018-01-06 06:44:04',250,2,2391),(913849118,'2018-09-09 23:27:45',488,2,2264),(914287593,'2018-05-17 10:36:47',389,2,1855),(914572527,'2018-02-13 05:12:08',449,10,4187),(914683260,'2018-03-08 16:54:54',346,3,4866),(914729374,'2018-11-21 03:35:06',36,2,2322),(914781611,'2018-04-06 06:19:34',319,1,8915),(915231319,'2018-08-19 11:11:01',442,1,1450),(915425349,'2018-10-07 18:20:43',338,6,6466),(915465424,'2018-03-24 06:58:59',12,8,9603),(915519402,'2018-02-09 20:45:18',417,4,658),(915664499,'2018-02-26 23:27:16',334,4,9655),(915798318,'2018-04-17 11:55:19',423,5,8185),(915848301,'2018-01-25 06:06:56',222,5,7891),(915983413,'2018-12-09 13:00:51',158,7,2688),(916118691,'2018-12-18 14:56:03',335,8,5962),(916253812,'2018-02-09 19:38:32',218,1,7339),(916286313,'2018-07-29 05:19:04',20,9,8886),(916434891,'2018-05-09 23:38:23',292,8,7201),(916460907,'2018-10-09 03:25:42',408,1,8472),(916738774,'2018-03-18 19:00:55',449,10,2777),(916900755,'2018-07-07 11:00:51',343,10,6460),(917347643,'2018-01-19 22:56:33',100,10,8712),(917654751,'2018-04-07 23:59:52',388,6,2463),(917793166,'2018-11-19 15:01:08',436,8,8339),(918042243,'2018-08-17 15:12:58',367,8,5008),(918254867,'2018-10-30 19:57:39',452,6,1838),(918584148,'2018-05-26 00:40:29',199,7,7193),(918857391,'2018-09-17 15:54:24',179,9,2752),(918936651,'2018-08-22 21:45:56',129,9,5761),(919059684,'2018-08-02 19:50:31',367,1,3375),(919423309,'2018-08-02 08:38:16',118,4,4261),(919778687,'2018-11-20 19:46:55',385,7,809),(919806893,'2018-06-13 21:19:14',9,2,9382),(920695507,'2018-08-28 16:08:38',464,7,3879),(920833224,'2018-12-30 07:20:09',16,4,2202),(920962639,'2018-06-01 07:40:04',160,2,3955),(921263303,'2018-04-19 18:07:18',291,2,5929),(921787006,'2018-11-24 12:14:15',236,7,8712),(922017564,'2018-02-11 04:19:50',296,5,5858),(922282285,'2018-09-16 05:51:22',410,4,2109),(922527358,'2018-11-10 15:43:31',329,3,425),(922693130,'2018-10-24 10:11:41',427,6,1788),(922721832,'2018-04-11 17:50:13',449,6,7316),(922858814,'2018-04-17 11:54:01',256,7,4063),(922875844,'2018-07-12 05:37:14',118,4,9810),(922978899,'2018-01-13 12:33:34',53,2,4461),(923110505,'2018-10-31 16:52:01',271,10,3819),(923316474,'2018-10-08 04:31:14',334,8,2855),(923572456,'2018-07-01 02:33:39',203,9,9204),(924410174,'2018-08-10 22:43:33',43,2,9954),(924423483,'2018-09-20 12:25:20',391,5,3328),(924449987,'2018-09-27 11:13:36',315,2,1249),(924894566,'2018-06-27 16:11:56',212,5,7491),(925094701,'2018-10-25 22:18:47',107,8,737),(925230932,'2018-01-15 12:43:17',301,1,7641),(925298650,'2018-09-17 12:59:19',327,3,4475),(925346830,'2018-05-16 04:30:06',191,5,5937),(925405018,'2018-10-28 02:08:41',152,8,3119),(925892339,'2018-04-04 00:47:23',483,7,4735),(926018686,'2018-12-06 17:56:48',250,9,7287),(926087055,'2018-06-19 01:52:38',439,9,1819),(926209144,'2018-04-24 03:25:46',323,7,3510),(926300604,'2018-10-02 17:53:00',348,4,8363),(926751694,'2018-04-01 23:23:05',170,8,6648),(927217993,'2018-10-02 10:36:23',77,9,9371),(927331323,'2018-02-22 09:11:28',48,4,8706),(927331526,'2018-05-21 11:04:15',127,5,5984),(927957632,'2018-08-11 03:00:02',94,3,9171),(927985770,'2018-09-24 01:26:11',126,7,5790),(927996016,'2018-01-29 07:09:04',223,1,4871),(928073599,'2018-05-13 00:56:11',237,4,7143),(928226920,'2018-05-20 19:11:16',359,1,2746),(928277565,'2018-05-12 19:58:25',89,1,1918),(928459667,'2018-09-07 11:32:09',239,3,6150),(928979255,'2018-10-28 17:12:00',444,10,384),(928988094,'2018-10-13 12:36:15',390,6,6780),(929059194,'2018-03-11 01:05:52',317,7,7627),(929069053,'2018-05-17 05:37:23',357,2,5204),(929130707,'2018-06-09 04:09:55',134,6,3590),(929184080,'2018-02-23 08:03:58',455,2,518),(929189827,'2018-02-08 00:06:22',438,7,7091),(929476808,'2018-12-22 20:59:28',428,2,9187),(929663078,'2018-07-15 23:41:59',485,6,2868),(929695697,'2018-04-04 04:54:46',434,3,1929),(929864362,'2018-02-23 05:15:42',185,4,2479),(929941518,'2018-08-04 15:07:06',268,6,8452),(930469658,'2018-09-02 08:11:02',15,10,6437),(930552870,'2018-05-02 02:00:35',95,1,3339),(930860007,'2018-10-05 05:04:22',417,1,3869),(930860835,'2018-07-27 10:47:15',451,1,8874),(931424992,'2018-10-09 02:05:56',96,2,2849),(931484613,'2018-01-14 02:27:02',290,3,8036),(931494608,'2018-05-25 09:14:55',84,10,7523),(931539491,'2018-11-22 03:15:40',238,9,4638),(931647278,'2018-06-18 10:01:39',419,7,9584),(931963239,'2018-08-06 17:11:51',78,8,3456),(932322904,'2018-10-21 14:52:41',127,1,988),(932533540,'2018-04-08 03:01:42',6,3,6752),(932538431,'2018-04-04 22:34:46',488,6,7040),(932618962,'2018-07-22 05:11:42',248,9,2395),(932661246,'2018-05-24 22:34:21',177,10,1768),(932867402,'2018-12-18 21:57:26',42,3,4812),(933214084,'2018-07-13 09:39:12',443,6,4347),(933252297,'2018-08-20 03:38:22',366,9,6870),(933462785,'2018-03-28 08:06:47',220,1,3751),(933635723,'2018-06-02 16:18:29',229,3,1422),(933661373,'2018-07-13 14:02:59',323,4,3636),(933884682,'2018-04-22 05:51:04',466,8,4744),(933975660,'2018-08-26 19:48:32',491,6,4849),(934112700,'2018-09-05 02:36:59',11,10,1638),(934120880,'2018-05-19 23:33:17',289,2,3103),(934135186,'2018-11-15 00:10:08',458,7,7807),(934204425,'2018-11-21 06:23:07',111,3,8643),(934575039,'2018-11-27 00:57:44',234,8,8372),(934608532,'2018-01-10 00:34:40',398,6,4360),(934666446,'2018-12-22 11:21:46',334,4,1347),(935488071,'2018-09-13 20:31:02',72,3,6877),(935494419,'2018-09-16 20:29:57',165,8,5166),(935743582,'2018-12-21 10:07:42',113,9,170),(935822507,'2018-05-14 19:24:49',449,9,7935),(936616972,'2018-12-16 20:02:28',314,10,8740),(937300738,'2018-12-19 08:39:12',422,7,9893),(937582020,'2018-03-31 18:52:54',12,5,423),(937895104,'2018-05-28 18:41:04',290,8,8030),(937902910,'2018-03-19 22:04:51',351,4,4639),(938214761,'2018-11-07 06:53:31',460,1,2466),(938360342,'2018-11-09 13:12:38',165,3,7185),(938396547,'2018-04-21 10:29:31',389,6,6143),(938851397,'2018-02-20 07:20:34',284,5,4626),(939273539,'2018-07-17 03:14:12',406,8,2707),(939290084,'2018-07-31 04:57:18',263,6,1469),(940334551,'2018-12-30 02:58:38',465,5,3990),(940495280,'2018-06-28 10:58:11',301,4,463),(940600052,'2018-09-01 16:05:37',317,2,4906),(940917731,'2018-02-03 18:50:34',29,7,362),(941014371,'2018-05-12 23:55:29',179,2,5002),(941145022,'2018-03-27 03:29:36',41,5,8667),(941222849,'2018-02-08 02:46:29',305,7,2809),(941645204,'2018-08-05 09:54:57',333,3,1786),(942198450,'2018-06-10 13:24:10',265,8,7392),(942272761,'2018-08-21 01:42:03',202,9,3958),(942496820,'2018-04-04 00:36:29',255,6,3521),(942802608,'2018-05-31 21:10:21',157,8,2600),(943045131,'2018-06-11 12:19:15',451,6,8929),(943106209,'2018-01-11 17:30:05',333,1,737),(943184728,'2018-06-29 16:58:15',467,9,365),(943204363,'2018-09-07 19:30:16',113,4,8901),(943491349,'2018-07-02 05:05:06',350,2,214),(943532725,'2018-04-18 01:28:36',214,2,620),(943561957,'2018-01-16 03:32:34',152,4,5006),(944571646,'2018-08-22 08:39:15',258,4,7093),(945202588,'2018-08-06 15:57:35',405,2,9301),(945389937,'2018-02-04 06:24:10',129,7,1361),(945415250,'2018-01-18 17:46:48',242,2,8484),(945508310,'2018-09-14 20:22:08',48,7,7315),(945634737,'2018-09-16 01:40:29',202,9,1688),(945636141,'2018-10-21 12:37:12',320,10,7696),(945641201,'2018-09-20 06:52:23',136,10,1228),(945837331,'2018-09-02 17:31:10',56,8,4538),(946106092,'2018-12-02 03:30:03',388,2,20),(946400071,'2018-07-06 01:46:24',164,2,6986),(946588024,'2018-05-14 19:27:08',118,4,4118),(946602154,'2018-10-29 02:09:53',445,2,6901),(946657711,'2018-08-31 10:38:10',259,3,4263),(946713807,'2018-02-24 22:41:22',23,4,7910),(947084134,'2018-02-02 18:07:27',37,2,3469),(947173120,'2018-06-22 06:19:19',180,7,5530),(947265890,'2018-01-09 00:18:29',440,6,6317),(947285932,'2018-12-29 07:44:38',319,3,1301),(947464351,'2018-06-14 12:29:23',307,4,5711),(947684893,'2018-06-15 13:01:09',171,10,1957),(947720112,'2018-06-24 13:56:36',238,9,3398),(947766026,'2018-10-06 10:34:33',271,5,5543),(947850460,'2018-04-01 17:56:19',44,1,7143),(947965792,'2018-02-04 13:09:15',100,9,8771),(948109054,'2018-03-22 16:18:04',84,6,7697),(948214195,'2018-02-21 19:41:05',141,6,166),(948304878,'2018-09-09 02:38:56',445,5,4309),(948584787,'2018-04-23 00:13:37',190,6,517),(948748724,'2018-03-16 20:55:30',344,2,1868),(949094144,'2018-07-02 02:15:24',46,7,5143),(949115936,'2018-08-15 13:18:17',480,2,3472),(949178789,'2018-09-04 11:13:39',100,8,3019),(949213448,'2018-12-11 18:26:12',102,4,4524),(949457370,'2018-01-10 05:56:44',99,8,4708),(949466140,'2018-11-30 20:51:33',407,2,6540),(949545833,'2018-11-28 12:11:16',141,5,361),(949845425,'2018-07-14 22:38:34',320,7,6299),(950000012,'2018-12-15 03:26:53',3,8,3799),(950350132,'2018-09-08 04:35:47',459,2,4038),(950445152,'2018-05-08 06:36:48',353,1,2986),(950535292,'2018-01-31 15:55:59',245,4,4379),(950713994,'2018-10-31 06:09:43',46,4,1261),(950781082,'2018-04-29 11:58:12',303,7,9235),(950911950,'2018-03-13 11:44:58',4,9,1738),(950987117,'2018-11-06 11:41:32',380,2,7524),(951145454,'2018-01-01 19:40:16',355,3,9911),(951227793,'2018-12-14 07:17:05',122,8,6709),(951314430,'2018-05-06 20:46:49',484,9,9102),(951338298,'2018-11-09 09:07:48',66,5,7243),(951614311,'2018-04-02 09:30:16',478,2,7074),(951839228,'2018-07-29 12:45:27',102,2,4729),(951872044,'2018-02-08 19:05:51',195,8,4641),(952146544,'2018-12-18 05:23:00',94,1,734),(952194412,'2018-03-10 03:08:27',459,8,689),(952224287,'2018-01-30 19:59:30',397,3,3409),(952422232,'2018-07-22 00:32:05',297,4,6986),(952431732,'2018-09-20 23:56:29',392,8,622),(952876338,'2018-04-14 09:17:21',248,8,6632),(952986646,'2018-08-20 06:19:47',220,2,5656),(953029675,'2018-07-13 19:31:34',273,9,6646),(953050248,'2018-08-09 02:58:28',41,1,5435),(953055824,'2018-12-23 06:19:03',303,7,7403),(953682231,'2018-12-12 11:08:48',13,9,131),(953711152,'2018-03-03 02:52:52',343,9,1075),(953728514,'2018-12-28 02:31:12',355,10,9737),(953809805,'2018-04-29 22:04:22',10,8,5669),(954005935,'2018-05-31 14:59:20',313,7,4423),(954121693,'2018-09-21 06:07:37',275,3,6165),(954174623,'2018-02-25 12:05:29',377,3,6445),(954397099,'2018-07-12 17:44:49',408,9,4786),(954502269,'2018-06-08 17:38:59',164,6,169),(954660835,'2018-10-25 12:28:47',90,7,9513),(954821739,'2018-02-13 12:08:10',128,2,5691),(954864154,'2018-05-12 06:29:59',323,5,3126),(954943280,'2018-09-07 11:27:39',23,5,5945),(954961956,'2018-10-27 16:32:58',16,6,3814),(955160261,'2018-01-08 14:15:17',119,7,9078),(955323985,'2018-06-14 10:50:54',482,2,6174),(955581306,'2018-12-11 04:44:04',435,2,7336),(955969806,'2018-02-06 19:58:17',464,5,5323),(956251781,'2018-12-22 09:11:33',38,8,916),(956315996,'2018-03-04 20:06:54',110,1,5408),(956698311,'2018-09-17 17:56:33',372,1,1209),(956773961,'2018-06-27 10:36:46',261,10,5939),(956940700,'2018-10-26 04:36:52',364,4,8714),(956971118,'2018-06-21 01:25:46',177,10,4612),(957033093,'2018-04-21 06:24:02',157,10,3400),(957186627,'2018-04-04 08:55:31',300,9,1523),(957587692,'2018-05-30 04:31:24',222,2,8537),(957632323,'2018-03-03 06:35:01',203,7,7073),(957637566,'2018-10-21 07:46:00',192,6,8621),(957659700,'2018-07-25 07:40:12',24,10,2285),(957950436,'2018-03-18 23:37:08',397,8,4956),(958009173,'2018-04-26 18:43:41',191,2,2023),(958097081,'2018-04-23 07:20:44',57,8,2294),(958111124,'2018-04-11 04:14:57',45,9,7347),(958158272,'2018-09-06 12:57:09',461,3,746),(958202028,'2018-02-15 14:01:58',10,10,5307),(958522136,'2018-08-16 13:20:22',377,1,9542),(958682278,'2018-04-26 02:50:26',279,8,5397),(958860663,'2018-03-16 06:36:47',364,10,301),(959134161,'2018-01-17 14:06:13',232,9,378),(959186987,'2018-08-25 08:12:29',410,5,5577),(959209099,'2018-05-15 22:53:42',318,9,8283),(959348505,'2018-09-24 15:51:04',97,6,5142),(959388672,'2018-07-20 19:57:43',246,9,7349),(959649470,'2018-12-10 21:14:29',80,2,9101),(959702225,'2018-01-02 06:59:36',378,9,6644),(959739934,'2018-03-22 07:04:11',160,7,4599),(960121921,'2018-09-18 02:32:07',212,3,2779),(960583053,'2018-01-30 18:51:46',54,4,8847),(960682738,'2018-03-21 21:43:58',303,1,1824),(960688760,'2018-04-25 22:20:27',172,1,2052),(960969976,'2018-08-27 18:09:57',164,6,2155),(961032447,'2018-09-21 17:20:21',219,8,2829),(961323635,'2018-01-18 14:21:50',269,10,4088),(961327846,'2018-09-29 13:14:55',158,6,4202),(961379099,'2018-07-01 19:47:56',266,8,6458),(961470221,'2018-11-08 23:22:56',304,1,5368),(961870502,'2018-04-13 04:30:44',189,8,7730),(961974047,'2018-04-23 04:51:06',1,2,8899),(962022377,'2018-09-15 03:05:25',300,1,9772),(962268778,'2018-05-08 07:34:47',79,1,7921),(962690188,'2018-10-21 18:19:39',319,8,13),(962732790,'2018-04-08 10:41:01',4,9,6625),(963071960,'2018-06-06 23:42:47',386,7,4582),(963253758,'2018-06-12 04:06:58',362,5,1340),(963268955,'2018-02-22 23:28:51',47,6,9547),(963427192,'2018-01-08 17:54:18',310,3,9499),(963810247,'2018-12-09 15:52:06',404,3,3381),(963853135,'2018-05-26 01:19:00',390,3,7752),(963882309,'2018-03-07 05:46:45',102,6,3505),(964123111,'2018-08-07 02:14:57',313,1,976),(964180951,'2018-04-12 08:06:09',52,4,1813),(964313660,'2018-08-18 22:36:52',418,4,4791),(964482822,'2018-07-08 02:56:29',58,2,8204),(964812917,'2018-03-07 05:06:01',157,6,2721),(964843384,'2018-12-21 16:23:54',199,1,5580),(965317590,'2018-08-08 15:23:46',135,4,5024),(965345818,'2018-10-27 02:26:19',480,10,3608),(965582303,'2018-12-08 13:18:06',69,10,6165),(965588233,'2018-11-28 01:39:04',239,3,2944),(965618104,'2018-04-08 11:44:46',198,1,1873),(965739353,'2018-04-13 04:24:30',351,9,6617),(966469979,'2018-08-27 02:42:47',31,1,3586),(966571948,'2018-07-17 23:22:39',461,2,5668),(966929960,'2018-01-07 13:53:29',173,3,431),(966954470,'2018-07-27 04:28:20',9,1,1116),(967100158,'2018-08-06 08:10:10',191,5,2804),(967408709,'2018-05-31 18:12:57',227,3,9677),(967661835,'2018-06-12 05:44:03',184,10,316),(967686470,'2018-11-14 15:19:13',154,9,3649),(967940912,'2018-03-09 10:56:43',387,10,7100),(968386371,'2018-08-23 02:22:23',436,7,7726),(968427235,'2018-04-06 00:57:39',371,1,9111),(968544683,'2018-03-26 08:50:05',51,7,4658),(968801389,'2018-10-23 10:34:35',78,3,1416),(968805749,'2018-02-25 15:18:31',466,9,5774),(969066022,'2018-08-15 17:20:57',472,6,7348),(969589067,'2018-11-10 03:21:45',109,10,4524),(969845275,'2018-12-23 10:46:32',231,8,3597),(970102852,'2018-12-11 19:59:24',193,9,2648),(971090697,'2018-10-03 18:52:50',441,7,3273),(971537793,'2018-08-08 08:53:12',52,7,5870),(971849754,'2018-05-08 02:44:01',163,8,6827),(972145587,'2018-09-28 00:00:47',251,8,6109),(972411647,'2018-09-25 05:41:07',437,10,8064),(972557142,'2018-06-09 21:44:03',413,7,8293),(972577569,'2018-12-30 16:10:01',32,8,7503),(972635577,'2018-10-11 16:15:52',441,3,7990),(972703387,'2018-06-16 12:22:18',163,6,9984),(972750139,'2018-02-18 07:23:25',226,8,9912),(972776069,'2018-10-11 09:20:11',122,6,8418),(972991021,'2018-04-13 14:22:08',97,5,3673),(973089552,'2018-01-23 12:35:11',272,3,7605),(973168422,'2018-01-14 23:35:39',12,4,7307),(974091652,'2018-04-18 08:48:08',155,4,7886),(974096847,'2018-10-03 05:37:42',190,5,3902),(974236710,'2018-03-28 22:04:09',396,4,9220),(974680766,'2018-01-19 11:59:02',19,4,6107),(974971197,'2018-08-13 00:23:59',387,7,3117),(975170098,'2018-12-16 16:27:14',428,2,2703),(975193465,'2018-05-08 16:12:29',271,1,660),(975211520,'2018-05-14 16:57:15',23,2,8080),(975494951,'2018-04-01 15:42:09',105,10,647),(975534736,'2018-06-07 05:23:52',324,1,8589),(975755757,'2018-01-10 17:59:29',473,1,5040),(975770447,'2018-04-22 15:22:32',379,9,1937),(975837320,'2018-11-14 18:26:46',397,2,5939),(975870838,'2018-01-21 01:08:25',223,2,4292),(975976474,'2018-02-05 09:58:05',272,10,1041),(976042146,'2018-05-13 02:48:16',12,3,833),(976097236,'2018-05-27 11:47:49',159,6,4774),(976293324,'2018-01-15 01:36:56',297,1,543),(976597241,'2018-03-16 20:14:59',356,7,3780),(976634352,'2018-09-03 15:25:20',373,6,4136),(976842022,'2018-09-20 03:54:18',241,2,9792),(976865970,'2018-11-18 15:35:43',114,3,7051),(977850332,'2018-01-05 10:13:31',390,8,3656),(978221280,'2018-08-23 03:15:20',141,2,1289),(978323365,'2018-01-21 01:40:04',235,4,3138),(978590555,'2018-07-14 12:41:39',289,7,8670),(978693407,'2018-03-27 03:08:10',376,8,6076),(978914660,'2018-04-21 07:03:55',332,3,6625),(978947895,'2018-07-30 22:20:48',353,6,3249),(979024870,'2018-07-27 07:20:19',39,9,7523),(979065888,'2018-06-24 12:39:14',306,6,3723),(979849744,'2018-07-31 21:55:31',120,3,3480),(980334171,'2018-06-25 15:51:52',301,4,2370),(980423204,'2018-03-12 06:02:52',127,10,5468),(980741985,'2018-09-11 16:49:02',211,3,7821),(980804544,'2018-08-03 09:09:52',324,1,2260),(980810975,'2018-03-11 10:26:16',230,7,623),(981559843,'2018-10-28 05:53:41',113,3,9714),(982091421,'2018-09-26 08:41:53',388,4,3133),(982569889,'2018-11-07 13:55:10',438,3,6748),(982677566,'2018-04-23 13:49:34',305,4,9338),(982830531,'2018-07-07 09:22:21',162,8,7519),(982911119,'2018-04-03 22:50:56',232,1,9533),(982980494,'2018-01-11 15:23:55',309,3,8025),(983249357,'2018-03-02 01:31:47',340,1,4331),(983502047,'2018-06-20 22:20:01',207,10,8410),(983923823,'2018-12-15 13:32:34',321,2,1391),(984665899,'2018-02-05 03:08:16',107,1,5280),(984666111,'2018-12-24 21:23:21',189,8,5589),(984783361,'2018-11-01 06:50:20',211,1,1107),(984974954,'2018-08-23 14:10:52',29,10,5433),(985281288,'2018-10-22 19:02:46',54,1,7438),(985297313,'2018-01-15 06:53:59',257,5,475),(985308351,'2018-09-26 05:49:44',66,10,2550),(985358033,'2018-03-31 18:55:08',420,6,3365),(985417467,'2018-11-23 18:04:13',357,7,6511),(985791072,'2018-01-25 02:18:49',105,2,7324),(985868845,'2018-07-14 00:18:28',57,2,5257),(985884625,'2018-03-16 08:40:17',108,1,1949),(985903225,'2018-10-31 04:43:05',499,2,4427),(986153058,'2018-05-04 16:05:51',286,8,6451),(986212015,'2018-01-05 09:25:22',259,3,1127),(986349844,'2018-04-08 07:15:30',156,9,4717),(986431005,'2018-07-27 16:26:05',430,4,912),(986444241,'2018-02-09 11:32:29',379,5,1036),(986660995,'2018-07-24 16:31:29',360,6,1273),(986920389,'2018-12-21 11:04:18',363,6,6024),(987243396,'2018-02-20 10:17:39',276,1,8198),(987430447,'2018-09-10 17:53:30',383,2,5683),(987858589,'2018-08-22 18:00:22',44,9,5606),(988143759,'2018-04-16 08:55:42',101,8,5438),(988280194,'2018-08-06 23:56:54',131,7,3735),(988393317,'2018-04-07 14:36:27',269,3,5669),(988405071,'2018-11-07 22:03:10',294,10,592),(988508684,'2018-07-30 18:54:14',264,2,2243),(988649345,'2018-12-17 09:04:49',268,9,6503),(988699748,'2018-04-19 17:32:53',392,7,3929),(988761462,'2018-02-09 14:11:50',272,9,9750),(988800880,'2018-05-09 04:55:12',233,9,8999),(988875419,'2018-04-21 06:22:48',257,5,5991),(989184014,'2018-06-26 19:22:36',233,4,8124),(989530985,'2018-06-19 08:04:13',216,1,5296),(989588354,'2018-10-02 23:32:13',2,4,3496),(989924020,'2018-02-22 02:28:55',381,3,5450),(989990820,'2018-07-06 12:19:14',76,2,9155),(990031793,'2018-11-19 19:40:20',376,5,4019),(990097037,'2018-06-02 21:33:14',403,1,9561),(990134244,'2018-10-12 09:15:27',265,5,4444),(990209397,'2018-06-24 06:13:44',420,3,1625),(990343596,'2018-04-26 12:19:48',421,7,6298),(990761705,'2018-05-29 01:21:40',63,6,3227),(991371574,'2018-08-13 20:56:05',33,3,1272),(991425916,'2018-08-17 07:45:24',404,1,1382),(991457317,'2018-04-15 22:58:38',83,3,77),(991479750,'2018-09-26 20:58:43',174,10,9106),(991534863,'2018-07-03 19:22:06',338,4,7594),(991560474,'2018-05-13 04:28:24',333,10,3997),(992481639,'2018-03-07 13:46:04',108,8,9160),(992578741,'2018-01-07 11:01:36',394,8,9732),(992777122,'2018-12-19 23:59:37',398,1,9335),(992834043,'2018-07-09 16:32:48',9,7,6321),(993267120,'2018-11-24 12:24:03',361,4,455),(993323743,'2018-01-11 08:08:23',423,5,41),(993406134,'2018-03-31 03:06:00',103,1,2366),(993417223,'2018-10-13 20:20:56',225,7,9129),(993632785,'2018-04-15 23:20:01',175,6,8709),(993699846,'2018-06-24 08:15:57',379,2,9188),(993963558,'2018-05-02 15:07:38',56,2,9030),(994107120,'2018-07-10 18:52:36',245,6,9526),(994271449,'2018-02-09 19:52:18',406,9,7450),(994474084,'2018-02-23 13:55:59',412,10,2299),(994837254,'2018-06-29 22:00:33',168,2,5365),(994844775,'2018-12-08 02:56:36',170,7,3343),(995165575,'2018-05-25 22:06:06',290,3,6628),(995228108,'2018-05-27 15:57:46',239,7,6471),(995666349,'2018-07-26 06:17:50',57,5,3643),(996012507,'2018-10-12 09:01:00',181,6,3299),(996051536,'2018-09-15 14:47:49',373,9,4028),(996131661,'2018-03-04 10:07:03',339,6,5336),(996174185,'2018-02-03 03:59:41',76,1,971),(996270991,'2018-02-06 09:24:05',451,1,4565),(996792120,'2018-07-22 16:16:12',351,5,9411),(996962880,'2018-10-02 08:53:59',381,8,1449),(997301726,'2018-08-02 14:24:42',415,4,8319),(997380516,'2018-08-27 23:51:55',313,8,2145),(997502825,'2018-01-07 05:41:05',61,5,7570),(997532670,'2018-01-25 05:09:42',326,7,5730),(997571297,'2018-01-25 22:42:01',164,5,2119),(997631754,'2018-04-01 05:20:38',86,5,9662),(997692675,'2018-11-23 21:40:49',222,7,9380),(998062838,'2018-05-08 16:11:06',451,7,3982),(998132833,'2018-05-09 07:24:22',198,9,1246),(998334226,'2018-12-03 19:04:31',192,9,409),(998395264,'2018-03-04 11:38:56',337,5,449),(998510303,'2018-01-22 07:05:45',254,10,9255),(998574434,'2018-11-19 14:07:36',104,2,6788),(998588080,'2018-03-15 07:58:21',384,1,9756),(998602982,'2018-09-30 14:37:27',68,5,876),(998694421,'2018-09-11 14:40:09',212,10,8544),(998728900,'2018-05-28 21:07:24',370,3,5610),(999447839,'2018-03-01 11:34:32',239,6,702),(999473238,'2018-09-06 02:37:29',213,5,1639),(999522662,'2018-01-20 05:11:43',280,7,2267),(999682395,'2018-07-27 21:03:07',111,9,2716);
/*!40000 ALTER TABLE `payment_records` ENABLE KEYS */;
UNLOCK TABLES;

--
-- Table structure for table `plug_properties`
--

DROP TABLE IF EXISTS `plug_properties`;
/*!40101 SET @saved_cs_client     = @@character_set_client */;
 SET character_set_client = utf8mb4 ;
CREATE TABLE `plug_properties` (
  `sid` int(11) NOT NULL,
  `pmodel` varchar(50) NOT NULL,
  `amount` int(11) NOT NULL,
  PRIMARY KEY (`sid`,`pmodel`),
  KEY `pmodel` (`pmodel`),
  CONSTRAINT `plug_properties_ibfk_1` FOREIGN KEY (`sid`) REFERENCES `charging_stations` (`id`),
  CONSTRAINT `plug_properties_ibfk_2` FOREIGN KEY (`pmodel`) REFERENCES `plugs` (`model`)
) ENGINE=InnoDB DEFAULT CHARSET=utf8mb4 COLLATE=utf8mb4_0900_ai_ci;
/*!40101 SET character_set_client = @saved_cs_client */;

--
-- Dumping data for table `plug_properties`
--

LOCK TABLES `plug_properties` WRITE;
/*!40000 ALTER TABLE `plug_properties` DISABLE KEYS */;
INSERT INTO `plug_properties` VALUES (1,'Williams-Steele',7),(2,'Durham Ltd',4),(2,'Gonzalez Group',6),(2,'Williams-Steele',5),(3,'Gonzalez Group',3),(3,'Hull and Sons',10),(5,'Durham Ltd',6),(5,'Figueroa LLC',2),(5,'Hull and Sons',7),(5,'Williams-Steele',2),(6,'Gonzalez Group',4),(6,'Hull and Sons',1),(7,'Figueroa LLC',3),(7,'Gonzalez Group',8),(7,'Williams-Steele',4),(8,'Figueroa LLC',3),(8,'Williams-Steele',6),(9,'Durham Ltd',2),(9,'Figueroa LLC',8),(10,'Figueroa LLC',1),(10,'Hull and Sons',4),(10,'Williams-Steele',1),(11,'Durham Ltd',10),(11,'Figueroa LLC',10),(11,'Gonzalez Group',7),(12,'Figueroa LLC',1),(12,'Hull and Sons',8),(14,'Williams-Steele',8),(15,'Figueroa LLC',3),(15,'Williams-Steele',1);
/*!40000 ALTER TABLE `plug_properties` ENABLE KEYS */;
UNLOCK TABLES;

--
-- Table structure for table `plugs`
--

DROP TABLE IF EXISTS `plugs`;
/*!40101 SET @saved_cs_client     = @@character_set_client */;
 SET character_set_client = utf8mb4 ;
CREATE TABLE `plugs` (
  `model` varchar(50) NOT NULL,
  `shape` varchar(30) NOT NULL,
  `size` int(11) NOT NULL,
  `charging_speed` int(11) NOT NULL,
  PRIMARY KEY (`model`)
) ENGINE=InnoDB DEFAULT CHARSET=utf8mb4 COLLATE=utf8mb4_0900_ai_ci;
/*!40101 SET character_set_client = @saved_cs_client */;

--
-- Dumping data for table `plugs`
--

LOCK TABLES `plugs` WRITE;
/*!40000 ALTER TABLE `plugs` DISABLE KEYS */;
INSERT INTO `plugs` VALUES ('Durham Ltd','C',3,7),('Figueroa LLC','J',5,7),('Gonzalez Group','B',3,5),('Hull and Sons','Q',9,8),('Williams-Steele','Z',7,10);
/*!40000 ALTER TABLE `plugs` ENABLE KEYS */;
UNLOCK TABLES;

--
-- Table structure for table `providers`
--

DROP TABLE IF EXISTS `providers`;
/*!40101 SET @saved_cs_client     = @@character_set_client */;
 SET character_set_client = utf8mb4 ;
CREATE TABLE `providers` (
  `id` int(11) NOT NULL AUTO_INCREMENT,
  `name` varchar(50) NOT NULL,
  `address` varchar(100) DEFAULT NULL,
  `phone_number` varchar(20) DEFAULT NULL,
  `bank_account` varchar(50) NOT NULL,
  PRIMARY KEY (`id`)
) ENGINE=InnoDB AUTO_INCREMENT=21 DEFAULT CHARSET=utf8mb4 COLLATE=utf8mb4_0900_ai_ci;
/*!40101 SET character_set_client = @saved_cs_client */;

--
-- Dumping data for table `providers`
--

LOCK TABLES `providers` WRITE;
/*!40000 ALTER TABLE `providers` DISABLE KEYS */;
INSERT INTO `providers` VALUES (1,'Harris-Schneider','583 Joseph Trace\nPort Albert, OK 32525','+80(9)0747581012','372477725575104'),(2,'Gonzales Ltd','0760 Robin Track Suite 066\nMaxwellborough, KS 75631','707-563-3714x088','4380324188624'),(3,'Lewis and Sons','70668 Ochoa Island\nNew Cherylview, CO 36585','(270)054-1882','2226400087936015'),(4,'Miller-Gomez','83394 Anderson Loaf\nHeatherbury, MS 65666','(165)542-3835','3573105685349720'),(5,'Mann PLC','6668 Morrow Point Suite 148\nEast Scott, NM 80784','659.519.6683x178','4867700822633524'),(6,'Woods Group','15384 Kent Mission Apt. 328\nAndrewville, AZ 33119','(493)242-8241','30592074991233'),(7,'Butler LLC','USNV Stephenson\nFPO AA 50259','+35(6)1782956324','5160912957266944'),(8,'Coleman, Walker and Snyder','USS Macias\nFPO AP 22395','08496808248','676171245258'),(9,'Herrera LLC','53019 Katherine Inlet Suite 880\nNorth William, NH 01071','(299)537-8324','30584280929651'),(10,'Collins Ltd','396 Karen Mission\nJessicaland, IL 04434','(974)786-1317','213132319663807'),(11,'Mitchell, Cohen and Scott','8638 Emily Turnpike Apt. 894\nStevehaven, NY 78435','243.694.3639x451','6507758876233683'),(12,'Chambers-Moon','870 Ashley Corners Suite 780\nPort Edwin, AZ 43359','+21(3)0065642213','3508589639428823'),(13,'Rogers-Evans','9067 Robinson Branch\nWest Pamelahaven, GA 87036','(808)154-2507','3584583151303040'),(14,'Merritt, Reed and Frazier','4374 Laura Fort\nWest Jasonshire, IN 27753','390-925-4472','180067536259485'),(15,'Anderson Inc','9396 Sarah Throughway Apt. 796\nNew Carmen, UT 69704','09673793915','4738930051207'),(16,'Turner, Perry and Ballard','135 Jaime Cliffs\nJoelborough, IL 26929','085-039-0347','213117804419443'),(17,'Nash-Bryant','736 Reyes Row\nLeahport, MI 66911','332-163-6791','4747043278598065'),(18,'Nelson-Turner','35742 Miller Falls Suite 811\nChristyburgh, MA 49336','(588)807-5540x93465','4723992575133364'),(19,'Hicks Inc','80071 Carmen Prairie\nNorth Patricia, WY 54496','(299)268-4640x08492','630420623534'),(20,'Martinez-French','2759 Stacey Dam Apt. 298\nJacksonland, CA 33459','(110)719-9260','3527283334227758');
/*!40000 ALTER TABLE `providers` ENABLE KEYS */;
UNLOCK TABLES;

--
-- Table structure for table `rent_records`
--

DROP TABLE IF EXISTS `rent_records`;
/*!40101 SET @saved_cs_client     = @@character_set_client */;
 SET character_set_client = utf8mb4 ;
CREATE TABLE `rent_records` (
  `id` int(11) NOT NULL AUTO_INCREMENT,
  `date_from` datetime NOT NULL,
  `date_to` datetime NOT NULL,
  `cid` int(11) NOT NULL,
  `cplate` varchar(30) NOT NULL,
  `distance` int(11) NOT NULL,
  PRIMARY KEY (`id`),
  KEY `cid` (`cid`),
  KEY `cplate` (`cplate`),
  CONSTRAINT `rent_records_ibfk_1` FOREIGN KEY (`cid`) REFERENCES `customers` (`id`),
  CONSTRAINT `rent_records_ibfk_2` FOREIGN KEY (`cplate`) REFERENCES `cars` (`plate`)
) ENGINE=InnoDB AUTO_INCREMENT=5137 DEFAULT CHARSET=utf8mb4 COLLATE=utf8mb4_0900_ai_ci;
/*!40101 SET character_set_client = @saved_cs_client */;

--
-- Dumping data for table `rent_records`
--

LOCK TABLES `rent_records` WRITE;
/*!40000 ALTER TABLE `rent_records` DISABLE KEYS */;
INSERT INTO `rent_records` VALUES (1,'2018-03-11 21:09:42','2018-03-12 14:45:16',322,'091 WTK',84),(2,'2018-07-10 05:41:03','2018-07-10 14:03:02',289,'IHF-296',69),(3,'2018-07-30 16:04:24','2018-07-30 17:38:58',425,'30C 9038',93),(4,'2018-05-06 20:58:28','2018-05-07 04:52:51',397,'973 1322',88),(5,'2018-11-14 06:37:54','2018-11-14 07:48:31',366,'KXB 559',30),(6,'2018-06-06 23:21:42','2018-06-07 21:30:00',357,'0J DR847',9),(7,'2018-01-11 16:58:28','2018-01-12 04:37:51',32,'6NZG011',14),(8,'2018-03-20 15:28:15','2018-03-21 07:05:41',54,'WS 7027',81),(9,'2018-10-30 04:59:56','2018-10-31 02:27:22',363,'LDT 720',40),(10,'2018-07-30 21:34:53','2018-07-31 07:23:12',140,'993 DTR',76),(11,'2018-02-01 19:32:19','2018-02-01 23:48:47',9,'LEL-3572',82),(12,'2018-05-01 18:15:30','2018-05-01 19:59:07',91,'9LX T41',86),(13,'2018-10-30 12:11:13','2018-10-30 21:40:31',25,'10M H33',64),(14,'2018-07-10 02:57:45','2018-07-10 23:49:13',64,'SEQ-9042',90),(15,'2018-09-17 19:25:50','2018-09-18 16:44:46',7,'SC 1779',35),(16,'2018-08-17 18:40:47','2018-08-18 08:08:55',493,'VPT-2591',23),(17,'2018-07-18 01:05:45','2018-07-18 23:36:12',149,'JQ2 R6R',55),(18,'2018-07-24 04:33:02','2018-07-24 16:37:57',493,'70-08440',92),(19,'2018-07-28 05:16:08','2018-07-29 05:03:31',405,'RPD-8334',72),(20,'2018-11-19 05:13:51','2018-11-19 14:22:38',464,'935Z6',37),(21,'2018-06-19 06:06:38','2018-06-19 17:03:58',119,'4QT U99',60),(22,'2018-07-15 08:06:43','2018-07-15 08:39:19',3,'075 FFB',5),(23,'2018-06-27 01:07:52','2018-06-27 07:44:26',77,'WS 7027',71),(24,'2018-02-26 09:41:32','2018-02-26 15:00:48',322,'91V B44',73),(25,'2018-08-02 02:27:34','2018-08-02 18:08:33',135,'HCH 835',23),(26,'2018-05-20 21:21:46','2018-05-21 16:25:48',179,'RZD 208',37),(27,'2018-06-25 03:40:39','2018-06-25 20:52:36',424,'935Z6',35),(28,'2018-08-05 11:22:11','2018-08-06 00:17:38',443,'WS 7027',68),(29,'2018-07-09 15:13:33','2018-07-09 22:15:22',202,'FXA-9799',74),(30,'2018-02-07 03:21:52','2018-02-07 11:57:20',26,'10M H33',41),(31,'2018-12-17 12:15:55','2018-12-18 07:25:45',71,'KTJ 026',50),(32,'2018-06-14 05:42:20','2018-06-14 17:51:21',385,'IHF-296',4),(33,'2018-02-21 10:03:20','2018-02-21 16:00:21',215,'3DO 420',9),(34,'2018-02-18 17:09:22','2018-02-19 11:04:18',133,'252 LKC',93),(35,'2018-07-16 10:36:15','2018-07-16 17:13:30',114,'160 KOM',41),(36,'2018-02-28 19:48:52','2018-03-01 09:53:14',473,'4QT U99',23),(37,'2018-03-27 05:54:22','2018-03-27 08:13:36',56,'075 FFB',31),(38,'2018-10-07 03:22:14','2018-10-07 20:10:50',165,'091 WTK',46),(39,'2018-04-05 10:08:32','2018-04-06 09:41:06',442,'FXA-9799',65),(40,'2018-09-17 20:12:19','2018-09-18 15:21:32',270,'IHF-296',24),(41,'2018-10-12 21:13:59','2018-10-13 17:38:46',198,'233752',43),(42,'2018-06-24 10:32:02','2018-06-24 12:31:52',414,'644K',61),(43,'2018-02-06 17:50:00','2018-02-07 09:35:21',157,'4-44016Q',52),(44,'2018-04-24 20:06:20','2018-04-25 09:54:14',202,'FBD-8300',20),(45,'2018-05-28 13:21:38','2018-05-29 07:11:10',112,'9LX T41',58),(46,'2018-09-11 11:36:07','2018-09-12 07:41:25',450,'4-44016Q',13),(47,'2018-01-31 22:22:48','2018-02-01 12:47:24',365,'FBD-8300',73),(48,'2018-12-28 16:37:52','2018-12-28 23:42:09',366,'NDN 884',22),(49,'2018-09-20 09:36:33','2018-09-21 03:44:43',254,'YN8 P5J',88),(50,'2018-06-30 18:49:41','2018-06-30 20:35:28',347,'175 3398',2),(51,'2018-07-27 15:29:05','2018-07-28 07:12:47',61,'VPT-2591',25),(52,'2018-01-16 12:27:15','2018-01-17 08:38:12',130,'VPT-2591',66),(53,'2018-06-03 15:26:08','2018-06-04 01:36:39',274,'LEL-3572',10),(54,'2018-02-20 05:29:46','2018-02-20 06:21:30',439,'3DO 420',76),(55,'2018-11-18 07:34:02','2018-11-19 04:32:57',19,'WS 7027',92),(56,'2018-03-02 06:47:32','2018-03-03 02:29:28',287,'WS 7027',83),(57,'2018-10-23 23:58:46','2018-10-24 15:06:07',182,'10M H33',49),(58,'2018-12-30 14:01:57','2018-12-31 08:33:44',22,'FBD-8300',30),(59,'2018-02-13 11:26:00','2018-02-13 14:41:17',240,'RPD-8334',70),(60,'2018-05-08 19:25:05','2018-05-09 14:50:35',310,'RZD 208',44),(61,'2018-08-05 20:12:57','2018-08-06 10:22:26',498,'XAB-6911',9),(62,'2018-09-08 00:18:21','2018-09-08 13:18:12',34,'KTJ 026',27),(63,'2018-06-13 00:30:24','2018-06-13 14:04:39',382,'78-65590',49),(64,'2018-11-13 17:19:51','2018-11-14 03:10:24',234,'SC 1779',78),(65,'2018-03-19 00:24:19','2018-03-19 14:08:38',69,'IHF-296',96),(66,'2018-02-24 14:08:01','2018-02-24 21:03:35',231,'823S',42),(67,'2018-02-09 10:22:55','2018-02-09 16:58:30',469,'KTJ 026',64),(68,'2018-07-31 11:03:53','2018-08-01 10:37:02',400,'935Z6',50),(69,'2018-07-01 12:39:53','2018-07-01 12:54:03',347,'8JTU778',96),(70,'2018-04-25 14:17:38','2018-04-26 12:23:37',209,'0J DR847',45),(71,'2018-06-26 22:39:38','2018-06-27 15:42:51',298,'10M H33',72),(72,'2018-11-21 09:35:10','2018-11-22 00:52:29',488,'KTJ 026',12),(73,'2018-12-05 02:13:15','2018-12-05 15:48:44',12,'7-U3496',26),(74,'2018-10-14 12:57:11','2018-10-15 08:43:54',411,'NDN 884',62),(75,'2018-05-30 09:17:42','2018-05-30 15:29:22',298,'175 3398',83),(76,'2018-01-18 14:20:17','2018-01-19 06:18:33',12,'029 GAV',20),(77,'2018-01-12 04:06:17','2018-01-12 20:17:28',5,'LEL-3572',60),(78,'2018-05-25 09:43:43','2018-05-26 01:58:09',62,'RZD 208',66),(79,'2018-06-24 18:27:03','2018-06-25 12:10:53',427,'10M H33',98),(80,'2018-01-24 13:39:47','2018-01-24 20:53:32',7,'4QT U99',65),(81,'2018-01-14 02:22:55','2018-01-14 03:25:56',241,'6698',52),(82,'2018-09-01 17:11:56','2018-09-02 05:37:31',249,'477 NPK',43),(83,'2018-04-09 06:02:02','2018-04-10 02:56:12',390,'KQZ 813',19),(84,'2018-06-11 20:49:33','2018-06-12 15:03:37',445,'3DO 420',33),(85,'2018-09-24 18:24:27','2018-09-25 12:02:16',318,'644K',57),(86,'2018-11-10 16:51:17','2018-11-11 16:33:17',40,'6698',78),(87,'2018-06-05 16:05:15','2018-06-06 09:13:41',218,'30C 9038',36),(88,'2018-09-19 13:16:42','2018-09-20 09:45:52',132,'76-O317',59),(89,'2018-07-28 04:45:35','2018-07-28 05:41:41',53,'7-U3496',80),(90,'2018-07-29 18:37:14','2018-07-30 15:33:30',374,'4-44016Q',43),(91,'2018-06-21 16:37:02','2018-06-21 22:34:55',154,'993 DTR',51),(92,'2018-10-03 00:07:15','2018-10-03 21:03:18',486,'76-O317',34),(93,'2018-09-10 19:18:00','2018-09-11 05:47:05',29,'993 DTR',63),(94,'2018-09-29 22:55:58','2018-09-30 15:49:17',428,'385-BHZA',99),(95,'2018-07-13 12:26:01','2018-07-14 06:47:47',475,'91V B44',15),(96,'2018-05-07 23:44:44','2018-05-08 00:22:51',381,'477 NPK',5),(97,'2018-03-16 19:06:11','2018-03-17 16:20:12',245,'NMQ 372',79),(98,'2018-09-26 21:35:37','2018-09-27 06:49:44',307,'NDN 884',15),(99,'2018-11-10 18:12:02','2018-11-11 15:13:31',49,'45W X49',87),(100,'2018-01-27 04:41:34','2018-01-28 02:02:28',307,'SEQ-9042',87),(101,'2018-07-17 11:10:24','2018-07-17 21:37:13',202,'JQ2 R6R',62),(102,'2018-04-01 08:04:28','2018-04-02 00:00:14',75,'0ZE1224',99),(103,'2018-01-01 07:49:00','2018-01-01 18:17:54',236,'175 3398',9),(104,'2018-12-22 05:08:57','2018-12-23 05:05:23',24,'6NZG011',79),(105,'2018-12-29 23:22:33','2018-12-30 18:04:50',362,'385-BHZA',22),(106,'2018-01-20 08:08:54','2018-01-21 07:38:38',230,'LDT 720',77),(107,'2018-12-26 21:03:59','2018-12-27 10:47:02',8,'JQ2 R6R',93),(108,'2018-12-16 17:34:47','2018-12-16 19:30:02',347,'075 FFB',57),(109,'2018-08-31 10:58:30','2018-08-31 12:00:53',222,'45W X49',19),(110,'2018-06-26 20:25:42','2018-06-27 06:42:35',500,'SC 1779',90),(111,'2018-03-09 16:41:53','2018-03-09 17:11:16',162,'RPD-8334',38),(112,'2018-12-19 08:16:01','2018-12-19 18:28:18',346,'70-08440',12),(113,'2018-07-23 00:49:04','2018-07-23 00:56:48',172,'0J DR847',38),(114,'2018-07-24 09:16:59','2018-07-24 10:40:20',285,'IHF-296',86),(115,'2018-08-17 13:15:14','2018-08-18 09:43:17',106,'0J DR847',83),(116,'2018-05-03 07:54:17','2018-05-03 12:08:58',416,'9LX T41',88),(117,'2018-08-30 15:03:56','2018-08-31 14:24:13',114,'91V B44',69),(118,'2018-10-06 16:52:12','2018-10-06 20:42:19',106,'SC 1779',66),(119,'2018-08-22 08:30:27','2018-08-22 13:22:21',156,'0J DR847',69),(120,'2018-01-14 20:28:35','2018-01-15 03:06:59',340,'RZD 208',14),(121,'2018-06-27 08:19:28','2018-06-28 01:53:14',469,'477 NPK',6),(122,'2018-05-25 04:23:14','2018-05-25 11:38:08',210,'973 1322',10),(123,'2018-03-30 18:48:17','2018-03-31 14:23:34',166,'0ZE1224',10),(124,'2018-12-14 23:31:09','2018-12-15 16:25:43',172,'SC 1779',6),(125,'2018-06-10 12:17:07','2018-06-11 03:34:47',229,'91V B44',80),(126,'2018-11-04 13:45:34','2018-11-04 20:57:09',114,'973 1322',8),(127,'2018-06-18 14:11:36','2018-06-18 14:49:48',415,'63G 421',59),(128,'2018-12-25 00:34:05','2018-12-25 02:56:50',480,'30C 9038',68),(129,'2018-05-23 11:15:33','2018-05-23 20:12:24',84,'993 DTR',24),(130,'2018-07-02 11:17:29','2018-07-02 16:35:21',13,'HCH 835',81),(131,'2018-02-15 07:00:11','2018-02-15 08:46:33',478,'6698',58),(132,'2018-01-29 09:42:40','2018-01-29 20:30:19',329,'RZD 208',63),(133,'2018-04-01 00:36:14','2018-04-01 18:55:27',466,'FXA-9799',4),(134,'2018-11-14 14:42:25','2018-11-15 10:12:52',35,'233752',31),(135,'2018-08-20 09:23:11','2018-08-20 11:09:23',266,'175 3398',11),(136,'2018-05-26 01:00:52','2018-05-26 17:56:11',395,'477 NPK',78),(137,'2018-04-24 10:46:42','2018-04-24 22:18:45',236,'WS 7027',96),(138,'2018-09-03 00:29:18','2018-09-03 16:38:24',28,'91V B44',26),(139,'2018-11-07 00:04:56','2018-11-07 04:18:21',430,'823S',75),(140,'2018-02-20 05:09:52','2018-02-20 07:45:42',36,'0ZE1224',11),(141,'2018-12-25 13:04:00','2018-12-25 21:27:47',228,'6698',84),(142,'2018-03-07 14:15:30','2018-03-07 16:42:12',406,'IHF-296',9),(143,'2018-07-27 22:27:19','2018-07-28 12:13:36',365,'30C 9038',83),(144,'2018-08-19 03:17:44','2018-08-20 02:47:20',285,'LDT 720',21),(145,'2018-06-27 16:46:46','2018-06-28 10:33:03',318,'KQZ 813',39),(146,'2018-04-24 07:12:25','2018-04-25 03:23:32',56,'252 LKC',99),(147,'2018-12-16 15:56:42','2018-12-17 01:45:17',77,'31X VL1',7),(148,'2018-10-29 06:41:49','2018-10-29 18:41:10',396,'FBD-8300',63),(149,'2018-05-21 04:56:41','2018-05-21 13:31:34',39,'KXB 559',54),(150,'2018-09-23 04:18:21','2018-09-24 03:35:36',376,'63G 421',86),(151,'2018-02-25 12:30:52','2018-02-25 16:19:38',368,'IHF-296',56),(152,'2018-10-24 12:38:11','2018-10-24 20:31:52',113,'G 445079',48),(153,'2018-07-14 07:40:55','2018-07-14 21:55:54',391,'7-U3496',8),(154,'2018-01-16 23:42:46','2018-01-17 03:53:10',493,'KXB 559',58),(155,'2018-06-10 05:37:25','2018-06-10 19:32:42',495,'KTJ 026',92),(156,'2018-04-15 15:14:51','2018-04-15 22:24:28',39,'074D9',54),(157,'2018-06-29 01:58:07','2018-06-29 21:48:06',201,'644K',29),(158,'2018-05-10 10:23:52','2018-05-10 15:41:59',407,'HCH 835',89),(159,'2018-01-07 12:22:45','2018-01-08 01:03:15',18,'KQZ 813',59),(160,'2018-02-28 00:55:04','2018-02-28 20:43:22',128,'823S',76),(161,'2018-12-05 08:58:57','2018-12-06 03:22:20',287,'0ZE1224',79),(162,'2018-11-19 18:30:29','2018-11-20 09:03:45',277,'LDT 720',2),(163,'2018-12-16 01:12:07','2018-12-16 06:29:38',42,'8JTU778',58),(164,'2018-02-05 06:00:49','2018-02-05 20:28:35',398,'0ZE1224',64),(165,'2018-08-03 16:07:23','2018-08-04 10:34:28',174,'0ZE1224',25),(166,'2018-11-29 06:44:55','2018-11-30 04:44:24',475,'LDT 720',89),(167,'2018-03-04 17:56:04','2018-03-05 04:03:16',251,'477 NPK',22),(168,'2018-01-25 23:58:13','2018-01-26 17:24:43',335,'FBD-8300',58),(169,'2018-11-09 19:46:39','2018-11-10 08:21:31',146,'644K',43),(170,'2018-12-20 19:37:24','2018-12-21 02:40:26',271,'LDT 720',29),(171,'2018-11-05 10:03:11','2018-11-05 10:23:58',23,'6698',29),(172,'2018-12-16 19:37:31','2018-12-17 19:17:02',446,'233752',26),(173,'2018-11-10 02:42:05','2018-11-11 00:19:19',96,'SEQ-9042',69),(174,'2018-07-13 08:08:17','2018-07-13 14:49:57',260,'HL 5495',12),(175,'2018-10-11 02:21:11','2018-10-11 11:41:02',493,'JQ2 R6R',56),(176,'2018-08-30 14:19:09','2018-08-31 02:40:34',153,'SC 1779',23),(177,'2018-04-19 15:59:44','2018-04-20 00:29:19',207,'63G 421',91),(178,'2018-11-22 20:47:56','2018-11-23 14:00:12',357,'24QZ031',67),(179,'2018-07-09 03:47:02','2018-07-09 16:13:52',198,'HL 5495',45),(180,'2018-01-21 02:08:10','2018-01-21 21:17:30',360,'RPD-8334',72),(181,'2018-06-13 03:34:21','2018-06-13 05:33:09',270,'SC 1779',49),(182,'2018-09-16 19:49:34','2018-09-16 20:52:29',375,'IHF-296',28),(183,'2018-03-23 21:48:43','2018-03-24 21:29:28',487,'24QZ031',9),(184,'2018-07-09 19:10:47','2018-07-10 09:18:50',469,'RPD-8334',63),(185,'2018-09-29 23:38:29','2018-09-30 19:28:53',263,'IHF-296',100),(186,'2018-12-08 14:11:09','2018-12-09 00:37:46',285,'YN8 P5J',23),(187,'2018-01-28 16:57:36','2018-01-29 08:23:47',174,'LDT 720',78),(188,'2018-12-17 06:38:54','2018-12-17 20:45:45',221,'0ZE1224',11),(189,'2018-03-04 10:12:39','2018-03-04 17:39:25',155,'LDT 720',45),(190,'2018-04-07 13:09:49','2018-04-08 08:37:01',295,'029 GAV',11),(191,'2018-10-15 23:05:58','2018-10-16 21:53:03',155,'HL 5495',61),(192,'2018-08-10 16:51:37','2018-08-11 15:14:55',453,'KQZ 813',93),(193,'2018-07-14 12:50:52','2018-07-14 19:43:22',409,'10M H33',87),(194,'2018-03-29 12:15:09','2018-03-29 15:07:33',15,'91V B44',45),(195,'2018-07-28 22:44:57','2018-07-29 07:58:21',434,'993 DTR',97),(196,'2018-06-20 00:52:58','2018-06-20 07:48:06',140,'644K',48),(197,'2018-08-11 15:08:59','2018-08-12 15:08:07',89,'31X VL1',8),(198,'2018-09-17 10:58:34','2018-09-17 12:33:48',341,'YN8 P5J',5),(199,'2018-10-22 20:07:11','2018-10-23 04:09:56',146,'252 LKC',64),(200,'2018-06-28 19:11:05','2018-06-29 06:42:05',126,'70-08440',100),(201,'2018-08-30 05:46:25','2018-08-30 06:47:29',130,'233752',71),(202,'2018-11-20 02:03:45','2018-11-20 13:05:21',181,'177 YBQ',34),(203,'2018-09-02 09:25:19','2018-09-03 02:16:29',262,'RPD-8334',91),(204,'2018-05-05 17:09:45','2018-05-06 05:52:43',259,'993 DTR',44),(205,'2018-12-27 05:31:45','2018-12-27 13:23:28',96,'70-08440',54),(206,'2018-01-25 19:19:34','2018-01-26 13:26:16',367,'993 DTR',72),(207,'2018-04-04 06:01:47','2018-04-04 12:24:21',55,'NDN 884',37),(208,'2018-09-07 07:21:28','2018-09-08 01:52:15',200,'XAB-6911',90),(209,'2018-05-24 13:15:56','2018-05-25 11:32:31',67,'HL 5495',43),(210,'2018-06-18 14:05:13','2018-06-19 03:29:34',90,'KXB 559',17),(211,'2018-09-11 19:51:26','2018-09-12 11:58:12',75,'477 NPK',15),(212,'2018-09-09 03:21:39','2018-09-09 17:37:03',402,'973 1322',30),(213,'2018-08-10 16:07:14','2018-08-11 12:24:25',477,'VPT-2591',88),(214,'2018-02-18 13:46:45','2018-02-18 13:58:49',224,'IHF-296',51),(215,'2018-09-15 08:08:08','2018-09-15 14:42:51',111,'10M H33',3),(216,'2018-02-28 18:38:18','2018-03-01 00:16:15',331,'NMQ 372',48),(217,'2018-09-27 02:41:56','2018-09-27 15:48:59',342,'VPT-2591',33),(218,'2018-09-28 13:52:39','2018-09-28 18:40:52',437,'6NZG011',14),(219,'2018-06-07 12:12:49','2018-06-07 12:44:33',421,'233752',94),(220,'2018-12-01 22:24:36','2018-12-02 16:07:02',268,'LDT 720',28),(221,'2018-04-18 00:11:16','2018-04-18 21:51:34',135,'385-BHZA',91),(222,'2018-05-11 18:57:17','2018-05-12 00:57:25',432,'24QZ031',60),(223,'2018-10-15 18:57:23','2018-10-15 21:45:22',473,'9LX T41',41),(224,'2018-03-11 01:25:18','2018-03-11 02:15:40',163,'9LX T41',98),(225,'2018-10-02 04:12:06','2018-10-02 14:26:34',167,'KTJ 026',70),(226,'2018-03-03 09:05:10','2018-03-03 22:01:27',302,'9LX T41',26),(227,'2018-03-20 20:00:20','2018-03-21 06:07:57',215,'385-BHZA',53),(228,'2018-07-01 22:43:09','2018-07-01 23:57:34',216,'477 NPK',67),(229,'2018-10-06 18:46:59','2018-10-07 12:51:27',347,'160 KOM',90),(230,'2018-02-25 02:37:31','2018-02-25 19:57:21',14,'78-65590',39),(231,'2018-12-20 02:41:58','2018-12-20 23:54:30',189,'0ZE1224',19),(232,'2018-02-23 06:20:19','2018-02-23 08:50:28',500,'0ZE1224',11),(233,'2018-03-20 22:11:25','2018-03-21 14:38:15',343,'4QT U99',39),(234,'2018-07-01 22:33:10','2018-07-02 04:38:33',170,'76-O317',39),(235,'2018-01-23 02:44:14','2018-01-23 11:22:09',35,'252 LKC',29),(236,'2018-08-22 07:18:12','2018-08-23 00:44:54',358,'JQ2 R6R',16),(237,'2018-10-30 03:22:01','2018-10-30 09:33:11',23,'FBD-8300',38),(238,'2018-08-25 12:13:11','2018-08-26 08:08:36',345,'KQZ 813',60),(239,'2018-09-11 16:40:40','2018-09-12 14:53:35',98,'KXB 559',25),(240,'2018-10-15 07:40:18','2018-10-16 04:51:46',356,'70-08440',90),(241,'2018-02-19 16:53:50','2018-02-20 15:56:33',334,'SEQ-9042',69),(242,'2018-08-07 14:07:40','2018-08-08 04:36:59',381,'91V B44',93),(243,'2018-01-03 18:59:41','2018-01-04 07:27:45',453,'30C 9038',20),(244,'2018-10-12 16:12:17','2018-10-12 20:55:12',394,'VPT-2591',5),(245,'2018-10-07 18:20:08','2018-10-07 19:39:47',399,'3DO 420',17),(246,'2018-03-14 03:07:20','2018-03-14 18:15:07',452,'385-BHZA',97),(247,'2018-12-03 22:36:27','2018-12-04 05:00:52',91,'3DO 420',67),(248,'2018-01-21 22:36:29','2018-01-22 07:37:45',334,'3-6608Z',56),(249,'2018-12-02 01:34:16','2018-12-02 16:18:54',26,'935Z6',81),(250,'2018-12-10 17:44:51','2018-12-10 22:56:44',262,'075 FFB',52),(251,'2018-12-08 07:40:40','2018-12-09 00:59:50',465,'76-O317',56),(252,'2018-03-07 20:52:14','2018-03-08 11:59:11',470,'SC 1779',81),(253,'2018-05-11 08:27:34','2018-05-11 17:48:58',384,'4-44016Q',34),(254,'2018-04-23 01:28:40','2018-04-23 13:41:09',365,'385-BHZA',97),(255,'2018-10-27 20:20:39','2018-10-28 06:55:16',473,'4QT U99',44),(256,'2018-10-24 01:34:41','2018-10-24 09:22:53',488,'477 NPK',94),(257,'2018-05-28 18:38:53','2018-05-29 11:18:29',445,'31X VL1',52),(259,'2018-05-20 12:23:12','2018-05-20 16:29:35',104,'3-6608Z',1),(260,'2018-03-18 21:06:18','2018-03-19 19:50:59',105,'LEL-3572',38),(261,'2018-07-12 10:10:34','2018-07-13 07:32:43',165,'SC 1779',23),(262,'2018-10-20 00:21:14','2018-10-20 23:38:26',38,'SC 1779',27),(263,'2018-11-13 04:51:45','2018-11-13 07:19:54',172,'63G 421',47),(264,'2018-06-17 17:35:34','2018-06-18 00:33:47',323,'KQZ 813',32),(265,'2018-09-12 13:10:42','2018-09-12 16:49:59',167,'31X VL1',92),(266,'2018-08-05 20:52:59','2018-08-06 05:57:50',158,'45W X49',82),(267,'2018-11-22 06:56:19','2018-11-22 08:25:22',58,'HL 5495',72),(268,'2018-04-19 18:20:54','2018-04-20 10:52:14',148,'HCH 835',45),(269,'2018-08-15 10:02:21','2018-08-15 23:45:59',5,'JQ2 R6R',86),(270,'2018-07-10 13:09:40','2018-07-11 07:49:37',42,'XAB-6911',37),(271,'2018-08-13 12:46:57','2018-08-14 03:13:52',111,'WS 7027',88),(272,'2018-09-16 05:15:49','2018-09-17 02:20:04',436,'160 KOM',28),(273,'2018-06-08 16:17:35','2018-06-09 09:33:02',316,'63G 421',69),(274,'2018-05-08 05:49:18','2018-05-08 16:52:11',19,'SEQ-9042',69),(275,'2018-01-15 19:29:59','2018-01-16 09:23:38',360,'SC 1779',14),(276,'2018-04-19 07:57:13','2018-04-19 09:30:38',461,'FXA-9799',76),(277,'2018-02-28 00:50:38','2018-02-28 10:58:58',322,'477 NPK',83),(278,'2018-02-24 04:06:31','2018-02-24 12:55:00',16,'24QZ031',46),(279,'2018-07-10 22:42:23','2018-07-11 06:53:45',253,'0J DR847',63),(280,'2018-11-30 22:14:36','2018-12-01 08:12:34',494,'10M H33',33),(281,'2018-05-21 00:09:01','2018-05-21 23:48:16',23,'3-6608Z',9),(282,'2018-04-20 16:09:48','2018-04-20 19:52:26',28,'VPT-2591',1),(283,'2018-05-21 12:08:35','2018-05-22 08:44:37',250,'4QT U99',77),(284,'2018-08-13 00:05:45','2018-08-13 03:43:47',460,'91V B44',75),(285,'2018-06-26 16:40:25','2018-06-26 17:04:14',470,'477 NPK',12),(286,'2018-09-09 01:17:52','2018-09-09 20:11:25',254,'24QZ031',7),(287,'2018-12-04 20:19:53','2018-12-05 18:08:06',444,'935Z6',64),(288,'2018-01-14 22:50:43','2018-01-15 13:08:00',58,'233752',84),(289,'2018-05-15 05:31:14','2018-05-15 18:27:06',309,'993 DTR',73),(290,'2018-01-12 06:08:42','2018-01-13 04:51:41',473,'70-08440',41),(291,'2018-04-08 13:38:27','2018-04-08 20:58:35',109,'KXB 559',53),(292,'2018-05-29 06:18:14','2018-05-29 20:25:56',417,'175 3398',49),(293,'2018-10-02 23:10:50','2018-10-03 00:53:21',461,'175 3398',46),(294,'2018-03-30 15:53:31','2018-03-31 12:48:08',309,'233752',24),(295,'2018-02-13 20:49:46','2018-02-14 03:14:56',55,'3-6608Z',56),(296,'2018-07-16 19:37:38','2018-07-17 16:52:24',320,'029 GAV',9),(297,'2018-09-04 14:49:12','2018-09-05 02:38:45',335,'WS 7027',46),(298,'2018-08-15 10:20:17','2018-08-15 18:01:10',166,'SC 1779',3),(299,'2018-05-20 10:36:28','2018-05-20 20:04:18',363,'HL 5495',22),(300,'2018-05-20 12:33:57','2018-05-21 10:16:54',185,'76-O317',13),(301,'2018-06-24 13:59:49','2018-06-24 19:37:21',224,'6NZG011',99),(302,'2018-05-02 19:29:21','2018-05-03 04:24:32',321,'HCH 835',48),(303,'2018-10-10 00:58:55','2018-10-10 10:24:13',94,'YN8 P5J',12),(304,'2018-03-15 21:49:35','2018-03-16 07:08:24',50,'233752',86),(305,'2018-07-11 05:02:49','2018-07-11 23:31:05',380,'3-6608Z',71),(306,'2018-07-01 10:41:50','2018-07-02 01:23:12',498,'91V B44',97),(307,'2018-09-15 00:09:13','2018-09-15 17:56:33',303,'091 WTK',17),(308,'2018-12-01 22:37:40','2018-12-02 05:25:29',167,'3-6608Z',52),(309,'2018-10-08 22:41:04','2018-10-09 07:40:00',300,'0J DR847',20),(310,'2018-03-19 10:11:32','2018-03-19 19:13:39',314,'644K',65),(311,'2018-08-23 11:06:20','2018-08-23 17:57:00',33,'0ZE1224',83),(312,'2018-02-09 23:33:14','2018-02-10 07:18:45',319,'VPT-2591',57),(313,'2018-08-17 04:18:51','2018-08-17 12:15:00',144,'252 LKC',3),(314,'2018-07-30 14:56:17','2018-07-31 09:09:12',233,'NDN 884',14),(315,'2018-08-02 13:21:45','2018-08-03 09:41:02',179,'RPD-8334',1),(316,'2018-05-15 03:55:44','2018-05-16 00:21:08',92,'175 3398',64),(317,'2018-01-03 15:45:11','2018-01-03 20:07:50',447,'075 FFB',26),(318,'2018-04-11 01:07:40','2018-04-11 22:31:47',269,'RPD-8334',7),(319,'2018-11-17 13:07:19','2018-11-17 15:07:01',289,'70-08440',66),(320,'2018-08-09 07:35:46','2018-08-10 06:10:11',278,'FBD-8300',65),(321,'2018-07-31 14:24:18','2018-07-31 17:55:20',349,'VPT-2591',81),(322,'2018-06-13 22:50:17','2018-06-14 18:13:23',442,'6698',44),(323,'2018-07-21 04:54:34','2018-07-21 15:36:04',177,'7-U3496',59),(324,'2018-09-21 09:53:31','2018-09-22 04:48:35',251,'10M H33',85),(325,'2018-05-19 07:14:09','2018-05-20 07:01:10',245,'160 KOM',15),(326,'2018-11-05 08:40:04','2018-11-06 00:26:28',492,'075 FFB',70),(327,'2018-04-10 05:35:02','2018-04-10 10:38:26',186,'10M H33',65),(328,'2018-01-21 10:43:00','2018-01-22 10:33:11',93,'63G 421',42),(329,'2018-07-01 18:25:43','2018-07-02 14:17:10',107,'175 3398',64),(330,'2018-01-22 11:53:19','2018-01-22 21:16:20',355,'WS 7027',26),(331,'2018-02-03 12:17:16','2018-02-03 19:23:20',477,'3-6608Z',47),(332,'2018-07-30 23:05:22','2018-07-31 16:03:23',490,'074D9',52),(333,'2018-09-20 21:54:27','2018-09-21 13:45:09',489,'HCH 835',69),(334,'2018-05-21 22:39:05','2018-05-22 14:21:14',156,'VPT-2591',61),(335,'2018-11-10 16:18:59','2018-11-11 07:03:35',263,'G 445079',53),(336,'2018-08-03 15:14:58','2018-08-04 13:09:58',329,'091 WTK',69),(338,'2018-08-25 05:44:55','2018-08-26 01:26:49',188,'993 DTR',97),(339,'2018-07-29 19:48:57','2018-07-29 21:02:13',301,'IHF-296',36),(340,'2018-07-22 16:38:35','2018-07-23 06:03:02',449,'70-08440',9),(341,'2018-06-21 23:04:14','2018-06-22 07:59:36',359,'30C 9038',3),(342,'2018-12-03 15:17:45','2018-12-04 06:18:01',27,'FXA-9799',90),(343,'2018-08-28 17:36:32','2018-08-28 18:33:18',162,'160 KOM',73),(344,'2018-08-20 19:30:41','2018-08-21 02:16:09',157,'YN8 P5J',65),(345,'2018-09-30 08:45:21','2018-09-30 17:31:05',423,'NDN 884',64),(346,'2018-10-08 01:53:14','2018-10-08 12:59:44',151,'644K',89),(347,'2018-10-05 06:05:42','2018-10-06 05:22:08',39,'NMQ 372',51),(348,'2018-01-11 08:58:48','2018-01-11 12:59:56',184,'074D9',46),(349,'2018-05-14 14:52:37','2018-05-15 09:37:56',87,'JQ2 R6R',19),(350,'2018-08-20 17:04:54','2018-08-21 14:51:03',236,'0J DR847',57),(351,'2018-01-11 03:28:13','2018-01-12 01:18:40',395,'FXA-9799',68),(352,'2018-11-30 11:47:13','2018-11-30 12:29:43',276,'973 1322',91),(353,'2018-03-23 17:08:29','2018-03-24 16:22:29',246,'091 WTK',41),(354,'2018-10-24 07:20:06','2018-10-24 20:07:56',355,'KXB 559',28),(355,'2018-08-02 20:03:18','2018-08-02 22:41:33',312,'175 3398',51),(356,'2018-10-07 14:37:41','2018-10-07 16:28:58',321,'10M H33',12),(357,'2018-02-02 13:59:36','2018-02-02 19:05:38',165,'70-08440',68),(358,'2018-01-02 13:08:49','2018-01-03 01:01:40',256,'091 WTK',63),(359,'2018-04-23 06:04:08','2018-04-23 18:30:37',65,'FBD-8300',52),(360,'2018-03-07 01:07:59','2018-03-07 06:00:14',174,'10M H33',77),(361,'2018-03-20 02:49:42','2018-03-20 18:21:18',70,'76-O317',4),(363,'2018-10-05 02:48:43','2018-10-05 07:46:05',150,'FBD-8300',83),(364,'2018-07-08 02:04:22','2018-07-08 18:25:31',466,'KQZ 813',23),(365,'2018-06-25 08:08:29','2018-06-25 16:17:11',149,'YN8 P5J',84),(366,'2018-07-26 14:45:38','2018-07-27 04:04:09',57,'45W X49',33),(367,'2018-11-04 23:39:46','2018-11-05 07:36:38',201,'FXA-9799',95),(368,'2018-11-22 05:05:04','2018-11-22 13:55:43',23,'385-BHZA',84),(369,'2018-03-25 02:51:55','2018-03-25 13:20:42',379,'029 GAV',33),(370,'2018-03-22 21:15:29','2018-03-23 05:44:09',394,'823S',64),(371,'2018-08-08 05:28:44','2018-08-08 23:57:07',400,'177 YBQ',49),(372,'2018-09-03 12:52:46','2018-09-04 09:43:04',491,'KXB 559',87),(373,'2018-05-11 14:18:17','2018-05-12 08:00:30',377,'45W X49',20),(374,'2018-11-01 01:34:44','2018-11-01 17:09:26',120,'KTJ 026',67),(375,'2018-07-21 06:07:55','2018-07-22 04:45:50',289,'252 LKC',25),(376,'2018-07-14 09:14:25','2018-07-14 14:32:37',247,'78-65590',86),(377,'2018-06-06 20:43:34','2018-06-06 23:02:08',474,'NDN 884',27),(378,'2018-11-20 17:41:31','2018-11-21 13:09:33',83,'XAB-6911',41),(379,'2018-11-11 16:21:36','2018-11-12 13:54:21',299,'644K',33),(380,'2018-03-15 21:32:09','2018-03-16 19:56:22',15,'XAB-6911',77),(381,'2018-04-15 20:05:42','2018-04-16 13:58:00',118,'4-44016Q',87),(382,'2018-03-02 08:04:01','2018-03-02 16:50:24',220,'FBD-8300',28),(383,'2018-08-01 05:35:54','2018-08-01 17:30:44',33,'7-U3496',59),(384,'2018-05-19 13:17:08','2018-05-19 13:49:35',262,'HCH 835',11),(385,'2018-09-15 08:32:36','2018-09-16 04:15:06',447,'JQ2 R6R',97),(386,'2018-04-21 12:26:42','2018-04-21 20:25:18',368,'0J DR847',64),(387,'2018-02-04 16:01:13','2018-02-05 03:42:27',224,'177 YBQ',72),(388,'2018-06-07 21:21:05','2018-06-07 23:41:47',165,'VPT-2591',44),(389,'2018-11-28 10:32:56','2018-11-28 13:41:29',342,'385-BHZA',51),(390,'2018-10-05 15:08:14','2018-10-06 12:50:01',53,'G 445079',67),(391,'2018-04-03 12:19:12','2018-04-04 08:36:05',281,'91V B44',62),(392,'2018-04-12 11:12:18','2018-04-12 13:46:48',437,'RPD-8334',71),(393,'2018-05-05 09:24:21','2018-05-06 02:06:38',496,'0ZE1224',81),(394,'2018-06-05 09:09:08','2018-06-05 11:56:36',14,'3-6608Z',33),(395,'2018-12-24 07:14:29','2018-12-25 03:29:42',446,'9LX T41',13),(396,'2018-03-12 00:55:57','2018-03-12 13:25:03',57,'993 DTR',6),(397,'2018-02-06 13:45:06','2018-02-07 00:37:39',32,'3DO 420',58),(398,'2018-12-25 16:44:52','2018-12-26 05:39:41',331,'45W X49',84),(399,'2018-12-23 08:06:22','2018-12-23 16:37:30',462,'9LX T41',17),(400,'2018-04-12 21:46:42','2018-04-13 21:45:08',445,'10M H33',42),(401,'2018-04-15 12:18:10','2018-04-16 04:16:21',113,'160 KOM',100),(402,'2018-09-03 21:41:29','2018-09-04 05:06:45',261,'HL 5495',15),(403,'2018-07-29 10:54:18','2018-07-29 18:09:02',430,'63G 421',34),(404,'2018-05-14 18:28:50','2018-05-15 16:20:23',435,'0ZE1224',72),(405,'2018-01-06 20:35:38','2018-01-07 20:12:04',100,'091 WTK',88),(406,'2018-06-06 01:01:02','2018-06-06 16:04:16',246,'160 KOM',64),(407,'2018-01-03 04:15:12','2018-01-03 17:54:06',281,'78-65590',31),(408,'2018-01-26 01:21:21','2018-01-26 11:15:31',314,'029 GAV',36),(409,'2018-09-26 02:41:34','2018-09-26 18:50:59',471,'FBD-8300',56),(410,'2018-09-08 03:46:01','2018-09-08 15:21:47',89,'24QZ031',84),(411,'2018-02-23 04:48:15','2018-02-23 07:00:16',8,'RZD 208',17),(412,'2018-04-06 06:31:43','2018-04-06 21:33:18',244,'993 DTR',70),(413,'2018-04-12 04:25:52','2018-04-12 22:14:19',463,'IHF-296',90),(414,'2018-05-22 07:30:56','2018-05-22 10:03:50',238,'70-08440',32),(415,'2018-01-15 06:37:20','2018-01-16 03:45:07',321,'63G 421',43),(416,'2018-05-07 20:07:48','2018-05-08 18:49:13',273,'823S',36),(417,'2018-12-14 10:25:35','2018-12-14 21:54:49',93,'0J DR847',19),(418,'2018-10-28 00:30:03','2018-10-28 08:31:05',339,'RPD-8334',3),(419,'2018-08-22 23:58:19','2018-08-23 10:06:15',381,'385-BHZA',67),(420,'2018-11-19 11:04:22','2018-11-19 11:54:16',368,'30C 9038',69),(421,'2018-12-14 21:33:42','2018-12-15 10:42:26',238,'477 NPK',9),(422,'2018-03-02 14:53:55','2018-03-02 19:02:34',263,'993 DTR',74),(423,'2018-08-15 08:48:48','2018-08-15 21:47:11',161,'FBD-8300',51),(424,'2018-12-09 14:00:26','2018-12-09 17:26:52',159,'823S',50),(425,'2018-03-15 08:16:15','2018-03-15 15:13:50',319,'76-O317',55),(426,'2018-08-18 11:34:06','2018-08-19 09:22:30',311,'NDN 884',57),(427,'2018-10-03 15:39:17','2018-10-04 08:15:47',451,'KXB 559',87),(428,'2018-10-04 03:36:50','2018-10-04 08:03:14',259,'63G 421',77),(429,'2018-10-16 07:06:42','2018-10-16 16:55:50',201,'091 WTK',70),(430,'2018-01-09 14:35:26','2018-01-10 06:52:31',316,'4QT U99',84),(431,'2018-09-23 17:21:28','2018-09-24 03:24:01',300,'KXB 559',72),(432,'2018-07-17 06:07:13','2018-07-17 07:04:12',431,'823S',95),(433,'2018-09-08 21:03:06','2018-09-09 08:28:28',413,'8JTU778',90),(434,'2018-10-20 06:21:25','2018-10-20 13:40:16',146,'KTJ 026',38),(435,'2018-09-04 18:48:47','2018-09-05 00:20:59',208,'NMQ 372',79),(436,'2018-06-13 06:13:50','2018-06-13 15:39:56',286,'644K',91),(437,'2018-09-19 12:22:02','2018-09-19 17:13:47',231,'91V B44',72),(438,'2018-07-05 03:24:23','2018-07-05 23:42:53',438,'NMQ 372',35),(439,'2018-08-30 01:49:51','2018-08-30 10:43:08',10,'644K',81),(440,'2018-03-18 06:51:37','2018-03-18 08:42:46',391,'3-6608Z',78),(441,'2018-07-09 17:44:02','2018-07-10 13:07:41',401,'0ZE1224',30),(442,'2018-07-12 21:12:44','2018-07-13 19:51:42',232,'175 3398',26),(443,'2018-03-03 18:12:50','2018-03-04 09:00:41',251,'8JTU778',56),(444,'2018-10-14 11:34:17','2018-10-15 10:58:31',235,'160 KOM',16),(445,'2018-04-05 07:00:41','2018-04-06 00:16:33',176,'8JTU778',52),(446,'2018-11-08 23:30:23','2018-11-09 17:06:12',485,'935Z6',84),(447,'2018-12-09 07:30:47','2018-12-09 22:03:54',301,'0ZE1224',84),(448,'2018-04-25 20:41:22','2018-04-26 02:53:00',392,'IHF-296',57),(449,'2018-02-22 00:21:23','2018-02-22 08:03:05',11,'VPT-2591',28),(450,'2018-07-07 13:32:03','2018-07-08 07:00:35',53,'FXA-9799',76),(451,'2018-06-04 17:55:20','2018-06-05 12:49:19',343,'823S',59),(452,'2018-02-24 09:31:48','2018-02-25 08:15:04',416,'LEL-3572',92),(453,'2018-01-01 20:06:17','2018-01-02 17:38:42',292,'KXB 559',92),(454,'2018-04-28 20:06:56','2018-04-29 04:14:25',280,'823S',24),(455,'2018-03-13 16:31:03','2018-03-14 14:45:08',16,'63G 421',36),(456,'2018-05-01 20:58:31','2018-05-02 01:30:33',26,'0ZE1224',40),(457,'2018-05-23 07:58:44','2018-05-23 13:36:16',404,'WS 7027',2),(458,'2018-05-09 11:36:32','2018-05-10 06:50:40',146,'3-6608Z',94),(459,'2018-12-16 02:57:41','2018-12-16 10:13:12',229,'31X VL1',99),(460,'2018-07-12 12:51:02','2018-07-13 10:22:46',23,'8JTU778',38),(461,'2018-12-15 00:34:26','2018-12-15 23:34:06',338,'973 1322',78),(462,'2018-03-09 20:52:25','2018-03-10 17:36:31',32,'NMQ 372',8),(463,'2018-07-29 13:25:39','2018-07-29 14:52:10',9,'0LL0774',54),(464,'2018-02-21 03:14:19','2018-02-21 17:45:23',71,'074D9',84),(465,'2018-10-14 04:28:13','2018-10-14 12:39:15',274,'45W X49',35),(466,'2018-07-29 17:56:49','2018-07-30 11:56:49',34,'0ZE1224',72),(467,'2018-05-04 19:27:15','2018-05-05 07:06:06',468,'VPT-2591',50),(468,'2018-05-22 01:24:10','2018-05-22 11:16:18',225,'JQ2 R6R',96),(469,'2018-11-19 09:27:15','2018-11-20 00:41:51',97,'4-44016Q',68),(470,'2018-12-08 07:25:01','2018-12-08 07:28:13',432,'8JTU778',36),(471,'2018-03-21 03:53:14','2018-03-21 07:07:18',106,'FBD-8300',16),(472,'2018-09-06 07:52:04','2018-09-06 22:32:47',68,'9LX T41',16),(473,'2018-12-26 16:25:16','2018-12-26 23:49:26',124,'30C 9038',84),(474,'2018-05-29 04:21:52','2018-05-29 06:44:36',370,'177 YBQ',68),(475,'2018-07-19 22:59:14','2018-07-20 10:42:56',164,'823S',4),(476,'2018-11-12 21:36:59','2018-11-13 11:40:09',284,'LEL-3572',50),(477,'2018-03-17 23:33:07','2018-03-18 05:15:21',298,'70-08440',69),(478,'2018-02-21 19:04:56','2018-02-22 14:03:25',318,'FXA-9799',11),(479,'2018-09-25 06:51:30','2018-09-26 04:20:38',153,'0ZE1224',28),(480,'2018-09-30 10:59:16','2018-10-01 01:04:41',72,'0LL0774',68),(481,'2018-01-28 11:05:39','2018-01-29 00:33:25',290,'WS 7027',67),(482,'2018-09-08 03:08:59','2018-09-08 21:28:48',171,'31X VL1',98),(483,'2018-11-18 23:32:51','2018-11-19 17:38:16',196,'8JTU778',22),(484,'2018-03-12 13:44:22','2018-03-12 16:38:52',414,'70-08440',1),(485,'2018-04-18 09:35:18','2018-04-19 04:47:19',137,'31X VL1',28),(486,'2018-12-31 01:19:48','2019-01-01 00:48:55',453,'70-08440',1),(487,'2018-04-27 21:11:51','2018-04-28 00:49:46',138,'0J DR847',30),(488,'2018-01-08 06:31:19','2018-01-09 00:10:16',391,'NDN 884',42),(489,'2018-03-17 09:21:26','2018-03-18 02:31:09',476,'45W X49',42),(490,'2018-06-21 06:14:58','2018-06-22 00:02:38',315,'4-44016Q',38),(491,'2018-06-02 20:42:10','2018-06-03 09:05:22',355,'XAB-6911',21),(492,'2018-04-05 04:35:26','2018-04-05 10:32:23',45,'76-O317',99),(493,'2018-07-22 04:09:21','2018-07-23 02:33:46',93,'KXB 559',43),(494,'2018-06-01 15:41:07','2018-06-02 03:29:30',291,'LEL-3572',3),(495,'2018-11-26 21:29:52','2018-11-27 00:23:43',78,'45W X49',67),(496,'2018-10-01 13:33:46','2018-10-01 16:24:18',191,'76-O317',98),(497,'2018-08-14 16:13:15','2018-08-15 03:39:14',386,'76-O317',33),(498,'2018-03-18 15:11:03','2018-03-19 13:11:18',96,'10M H33',61),(499,'2018-12-25 21:50:05','2018-12-26 04:26:05',125,'10M H33',36),(500,'2018-07-14 02:08:08','2018-07-14 15:19:07',250,'70-08440',24),(501,'2018-07-07 12:36:45','2018-07-07 18:33:38',123,'FBD-8300',11),(502,'2018-06-25 00:13:48','2018-06-25 23:47:12',76,'RPD-8334',49),(503,'2018-06-16 18:20:30','2018-06-17 15:39:24',316,'NMQ 372',10),(504,'2018-05-03 08:43:15','2018-05-03 08:58:57',176,'074D9',44),(505,'2018-09-28 03:54:28','2018-09-29 03:47:49',344,'KXB 559',29),(506,'2018-06-13 06:51:18','2018-06-13 12:59:49',246,'935Z6',98),(507,'2018-03-27 15:18:33','2018-03-28 11:37:59',213,'0ZE1224',48),(508,'2018-04-14 09:14:51','2018-04-15 00:45:21',64,'G 445079',41),(509,'2018-09-08 19:17:58','2018-09-09 08:19:20',2,'LDT 720',91),(510,'2018-06-11 11:57:31','2018-06-11 14:51:36',116,'LEL-3572',71),(511,'2018-04-07 01:02:32','2018-04-07 02:37:52',181,'823S',73),(512,'2018-03-20 19:52:03','2018-03-21 01:05:13',284,'76-O317',52),(513,'2018-11-16 21:20:44','2018-11-17 04:53:00',314,'30C 9038',57),(514,'2018-12-02 02:48:18','2018-12-02 21:33:42',154,'177 YBQ',69),(515,'2018-06-26 02:19:46','2018-06-26 11:13:04',446,'6698',42),(516,'2018-10-09 18:58:46','2018-10-10 11:42:51',379,'30C 9038',59),(517,'2018-12-23 11:49:28','2018-12-24 05:06:30',483,'644K',57),(518,'2018-05-02 10:40:55','2018-05-03 05:58:33',22,'RZD 208',14),(519,'2018-06-26 17:11:29','2018-06-26 17:56:28',496,'78-65590',15),(520,'2018-08-11 17:09:44','2018-08-11 19:38:32',372,'LDT 720',41),(521,'2018-02-16 18:01:39','2018-02-17 14:11:51',330,'823S',71),(522,'2018-07-30 11:52:25','2018-07-31 07:45:51',61,'0J DR847',84),(523,'2018-12-25 12:18:08','2018-12-26 08:29:45',304,'JQ2 R6R',33),(524,'2018-11-30 22:58:15','2018-12-01 17:41:18',233,'0J DR847',87),(525,'2018-12-14 02:26:08','2018-12-15 01:31:38',405,'31X VL1',3),(526,'2018-09-17 02:44:35','2018-09-17 16:48:30',446,'074D9',30),(527,'2018-09-06 22:02:59','2018-09-07 18:42:38',154,'4QT U99',29),(528,'2018-09-28 14:54:36','2018-09-29 14:23:24',361,'24QZ031',66),(529,'2018-07-06 04:44:00','2018-07-07 01:02:53',234,'175 3398',5),(530,'2018-11-17 13:50:56','2018-11-17 18:49:11',210,'385-BHZA',56),(531,'2018-12-09 19:07:08','2018-12-09 20:55:33',89,'4-44016Q',45),(532,'2018-04-17 05:34:16','2018-04-18 03:23:26',448,'10M H33',34),(533,'2018-07-14 16:57:32','2018-07-15 12:18:44',470,'YN8 P5J',6),(534,'2018-09-15 04:28:09','2018-09-16 03:34:27',109,'3DO 420',2),(535,'2018-02-22 17:08:17','2018-02-23 01:59:38',301,'70-08440',93),(536,'2018-03-23 22:32:48','2018-03-24 00:45:38',30,'175 3398',2),(537,'2018-03-12 10:22:06','2018-03-12 20:38:26',317,'074D9',39),(538,'2018-12-25 19:35:39','2018-12-26 02:12:18',379,'3DO 420',30),(539,'2018-07-16 19:32:38','2018-07-17 16:00:08',299,'644K',8),(540,'2018-02-19 19:11:21','2018-02-20 05:34:14',68,'9LX T41',67),(541,'2018-06-30 13:16:56','2018-07-01 07:18:35',163,'0ZE1224',21),(542,'2018-07-20 03:33:31','2018-07-20 13:05:25',398,'XAB-6911',43),(543,'2018-01-02 00:09:09','2018-01-02 06:23:51',365,'XAB-6911',79),(544,'2018-07-14 17:25:38','2018-07-15 05:45:44',77,'252 LKC',26),(545,'2018-11-15 21:57:52','2018-11-16 17:25:32',469,'385-BHZA',86),(546,'2018-06-03 04:04:45','2018-06-03 23:16:45',499,'NMQ 372',30),(547,'2018-01-25 18:32:28','2018-01-26 11:11:04',309,'091 WTK',48),(548,'2018-01-02 06:28:19','2018-01-03 03:20:40',85,'644K',11),(549,'2018-07-10 23:01:56','2018-07-11 00:54:12',267,'91V B44',1),(550,'2018-06-07 20:03:13','2018-06-08 11:58:48',388,'177 YBQ',52),(551,'2018-03-24 14:05:18','2018-03-24 16:55:28',462,'175 3398',89),(552,'2018-11-09 02:35:35','2018-11-09 12:12:59',362,'3DO 420',93),(553,'2018-05-28 16:04:39','2018-05-28 16:18:51',480,'935Z6',32),(554,'2018-12-07 02:15:24','2018-12-07 17:00:43',178,'177 YBQ',39),(555,'2018-01-09 16:07:43','2018-01-10 05:13:27',236,'SC 1779',27),(556,'2018-12-25 19:12:53','2018-12-25 23:58:36',235,'RPD-8334',30),(557,'2018-01-04 18:28:33','2018-01-05 10:55:12',497,'63G 421',80),(558,'2018-03-08 01:48:32','2018-03-08 22:33:37',90,'FXA-9799',43),(559,'2018-12-22 04:04:15','2018-12-22 13:21:40',417,'63G 421',24),(560,'2018-07-12 00:27:34','2018-07-12 16:41:40',129,'31X VL1',42),(561,'2018-10-02 12:56:46','2018-10-03 05:14:15',163,'VPT-2591',66),(562,'2018-10-30 01:39:18','2018-10-30 19:31:31',308,'993 DTR',25),(563,'2018-04-12 23:51:00','2018-04-13 12:38:29',207,'823S',46),(564,'2018-10-08 16:48:24','2018-10-08 23:13:21',235,'4QT U99',17),(565,'2018-07-17 03:44:09','2018-07-17 21:33:17',10,'KXB 559',20),(566,'2018-04-04 17:22:41','2018-04-04 22:50:56',451,'RPD-8334',39),(567,'2018-05-04 23:18:25','2018-05-05 05:39:56',479,'LEL-3572',23),(568,'2018-01-09 07:11:34','2018-01-09 21:12:14',468,'45W X49',30),(569,'2018-08-20 08:21:28','2018-08-20 21:49:44',354,'78-65590',33),(570,'2018-02-03 21:57:22','2018-02-04 19:09:05',223,'24QZ031',13),(571,'2018-10-12 23:18:59','2018-10-13 05:58:30',348,'SEQ-9042',12),(572,'2018-08-20 23:55:45','2018-08-21 05:18:24',56,'XAB-6911',86),(573,'2018-11-04 21:19:29','2018-11-05 20:26:41',341,'HCH 835',64),(574,'2018-07-18 07:41:05','2018-07-19 05:09:39',351,'YN8 P5J',68),(575,'2018-11-23 13:36:26','2018-11-23 14:41:28',316,'9LX T41',91),(576,'2018-01-25 07:22:07','2018-01-26 04:56:28',306,'78-65590',15),(577,'2018-05-03 04:43:19','2018-05-03 05:11:25',50,'91V B44',24),(578,'2018-04-11 03:34:49','2018-04-11 12:08:18',257,'YN8 P5J',38),(579,'2018-07-17 06:06:54','2018-07-17 12:55:40',475,'30C 9038',17),(580,'2018-06-30 00:37:35','2018-06-30 11:59:37',437,'RZD 208',12),(581,'2018-10-19 21:42:19','2018-10-20 16:06:51',107,'029 GAV',44),(582,'2018-03-04 02:08:13','2018-03-04 12:31:09',421,'JQ2 R6R',61),(583,'2018-06-20 09:01:04','2018-06-21 00:14:28',135,'477 NPK',96),(584,'2018-02-26 13:46:29','2018-02-27 04:56:54',186,'175 3398',36),(585,'2018-12-17 01:57:48','2018-12-18 00:16:20',448,'6698',18),(586,'2018-10-02 15:05:08','2018-10-02 23:14:35',201,'6NZG011',25),(587,'2018-10-20 15:11:01','2018-10-21 03:51:49',235,'0LL0774',47),(588,'2018-02-21 20:10:21','2018-02-22 10:50:41',488,'IHF-296',36),(589,'2018-09-29 08:41:12','2018-09-29 10:35:23',429,'0J DR847',75),(590,'2018-08-12 20:53:53','2018-08-13 18:36:50',375,'385-BHZA',31),(591,'2018-04-10 11:19:07','2018-04-11 08:16:59',17,'91V B44',42),(592,'2018-01-02 05:01:01','2018-01-02 23:55:04',411,'9LX T41',49),(593,'2018-03-02 05:33:00','2018-03-02 13:31:27',478,'RZD 208',44),(594,'2018-10-18 23:56:50','2018-10-19 22:26:31',2,'XAB-6911',97),(595,'2018-02-24 02:45:47','2018-02-24 12:02:29',138,'973 1322',6),(596,'2018-07-23 23:16:12','2018-07-24 14:16:44',10,'935Z6',76),(597,'2018-07-25 02:48:04','2018-07-25 19:41:35',122,'30C 9038',78),(598,'2018-10-23 17:30:40','2018-10-24 08:20:24',500,'RZD 208',37),(599,'2018-04-01 23:39:41','2018-04-02 07:54:49',57,'IHF-296',33),(600,'2018-10-16 01:50:37','2018-10-17 00:53:30',191,'6698',15),(601,'2018-09-26 17:50:13','2018-09-27 14:39:10',441,'78-65590',10),(602,'2018-09-06 09:18:38','2018-09-06 21:03:36',308,'0ZE1224',53),(603,'2018-10-24 16:19:33','2018-10-25 15:16:50',406,'6698',73),(604,'2018-01-24 22:54:32','2018-01-24 23:53:38',189,'3DO 420',19),(605,'2018-11-18 11:06:40','2018-11-19 10:03:50',50,'091 WTK',78),(606,'2018-03-30 05:57:57','2018-03-30 08:08:25',484,'IHF-296',21),(607,'2018-02-11 11:39:04','2018-02-12 08:20:23',436,'VPT-2591',61),(608,'2018-05-09 16:37:12','2018-05-10 04:45:29',196,'HCH 835',5),(609,'2018-01-18 17:08:53','2018-01-19 07:12:11',62,'HCH 835',80),(610,'2018-03-27 16:16:30','2018-03-28 10:26:44',175,'3DO 420',91),(611,'2018-03-02 08:28:36','2018-03-03 06:14:13',304,'45W X49',22),(612,'2018-11-11 05:43:38','2018-11-11 21:02:04',258,'KXB 559',4),(613,'2018-06-10 12:35:19','2018-06-10 14:49:56',156,'78-65590',36),(614,'2018-12-11 08:15:54','2018-12-11 14:54:25',278,'SC 1779',47),(615,'2018-08-07 09:37:49','2018-08-07 20:18:30',150,'IHF-296',67),(616,'2018-04-01 03:18:25','2018-04-01 08:37:41',451,'63G 421',21),(617,'2018-11-03 02:47:54','2018-11-03 05:29:34',145,'76-O317',43),(618,'2018-06-12 22:33:57','2018-06-13 17:32:32',84,'823S',17),(619,'2018-03-14 16:41:17','2018-03-15 05:13:48',339,'31X VL1',47),(620,'2018-03-19 21:20:28','2018-03-20 11:51:27',103,'RPD-8334',37),(621,'2018-09-14 13:15:01','2018-09-14 19:36:45',424,'935Z6',47),(622,'2018-04-17 08:06:11','2018-04-18 01:51:49',162,'091 WTK',62),(623,'2018-04-17 20:39:31','2018-04-18 08:20:37',203,'973 1322',36),(624,'2018-07-15 04:13:23','2018-07-15 06:54:31',489,'3-6608Z',6),(625,'2018-10-12 21:29:07','2018-10-13 06:09:10',72,'30C 9038',91),(626,'2018-03-12 22:05:57','2018-03-12 23:06:51',411,'78-65590',73),(627,'2018-07-25 05:53:44','2018-07-26 04:06:49',364,'3-6608Z',34),(628,'2018-02-26 23:15:39','2018-02-27 04:32:53',439,'177 YBQ',59),(629,'2018-07-27 09:42:39','2018-07-27 21:53:08',19,'160 KOM',89),(630,'2018-04-13 11:17:30','2018-04-14 04:37:07',456,'644K',68),(631,'2018-03-31 00:24:31','2018-03-31 16:01:41',245,'091 WTK',78),(632,'2018-05-11 14:37:52','2018-05-12 08:39:30',135,'10M H33',63),(633,'2018-02-18 03:51:18','2018-02-18 08:17:42',155,'7-U3496',70),(634,'2018-06-16 14:51:29','2018-06-17 04:26:01',40,'4-44016Q',72),(635,'2018-10-10 20:11:49','2018-10-11 02:54:23',197,'9LX T41',11),(636,'2018-10-19 05:52:03','2018-10-20 05:45:56',113,'477 NPK',57),(637,'2018-02-05 01:31:19','2018-02-05 06:12:35',3,'LDT 720',29),(638,'2018-07-05 04:16:26','2018-07-05 19:06:56',463,'JQ2 R6R',74),(639,'2018-07-04 20:52:42','2018-07-05 18:42:16',234,'G 445079',35),(640,'2018-11-05 10:15:25','2018-11-06 09:16:23',215,'233752',51),(641,'2018-11-18 02:56:30','2018-11-18 05:47:56',352,'8JTU778',28),(642,'2018-02-27 20:36:18','2018-02-28 12:22:45',80,'973 1322',27),(643,'2018-04-21 22:13:10','2018-04-22 07:55:10',75,'177 YBQ',35),(644,'2018-01-21 00:41:57','2018-01-21 06:16:57',164,'385-BHZA',75),(645,'2018-01-29 08:55:12','2018-01-30 05:55:48',208,'KTJ 026',38),(646,'2018-04-13 11:45:18','2018-04-14 08:47:42',28,'45W X49',58),(647,'2018-08-28 18:47:40','2018-08-29 10:33:21',348,'76-O317',53),(648,'2018-09-18 10:20:31','2018-09-19 06:46:08',315,'160 KOM',4),(649,'2018-05-08 03:28:02','2018-05-09 00:11:58',71,'385-BHZA',23),(650,'2018-01-18 00:10:23','2018-01-18 11:03:12',62,'075 FFB',70),(651,'2018-05-24 20:00:35','2018-05-24 21:43:38',126,'KXB 559',44),(652,'2018-10-25 07:24:53','2018-10-26 00:45:53',290,'76-O317',33),(653,'2018-10-04 01:16:34','2018-10-04 13:01:31',168,'252 LKC',95),(654,'2018-12-06 08:23:41','2018-12-07 00:43:09',259,'8JTU778',87),(655,'2018-05-20 05:42:46','2018-05-20 17:12:09',395,'NDN 884',90),(656,'2018-02-18 16:35:58','2018-02-18 16:50:35',5,'SEQ-9042',13),(657,'2018-11-07 21:24:46','2018-11-07 22:03:51',366,'175 3398',38),(658,'2018-09-01 20:29:44','2018-09-02 02:20:02',239,'644K',42),(659,'2018-12-14 17:04:47','2018-12-15 00:26:17',399,'252 LKC',73),(660,'2018-07-28 23:47:54','2018-07-29 23:41:22',348,'075 FFB',79),(661,'2018-03-04 17:31:25','2018-03-05 15:36:51',96,'029 GAV',80),(662,'2018-07-07 04:57:12','2018-07-07 09:19:40',26,'VPT-2591',62),(663,'2018-08-27 09:49:11','2018-08-27 15:21:26',271,'JQ2 R6R',48),(664,'2018-07-03 15:00:23','2018-07-04 12:05:12',72,'6NZG011',19),(665,'2018-02-24 20:10:54','2018-02-25 14:00:24',193,'10M H33',71),(666,'2018-07-02 11:49:31','2018-07-03 00:18:27',73,'0J DR847',40),(667,'2018-05-19 07:25:53','2018-05-19 12:00:41',410,'HCH 835',94),(668,'2018-12-15 13:38:48','2018-12-15 20:06:13',326,'YN8 P5J',82),(669,'2018-10-27 20:40:50','2018-10-28 15:16:51',460,'NMQ 372',79),(670,'2018-12-20 17:56:48','2018-12-21 06:36:49',218,'823S',7),(671,'2018-06-27 13:24:36','2018-06-28 08:46:08',57,'177 YBQ',19),(672,'2018-02-27 04:44:28','2018-02-28 01:22:59',180,'HCH 835',34),(673,'2018-10-12 08:50:08','2018-10-13 07:54:23',108,'KXB 559',69),(674,'2018-05-01 16:50:25','2018-05-01 16:57:56',491,'FXA-9799',34),(675,'2018-04-10 18:05:19','2018-04-11 08:32:40',76,'233752',39),(676,'2018-11-08 00:30:11','2018-11-08 11:42:50',19,'NDN 884',69),(677,'2018-01-20 09:44:21','2018-01-20 14:58:20',155,'8JTU778',12),(678,'2018-07-10 10:19:17','2018-07-11 06:17:47',57,'091 WTK',98),(679,'2018-02-19 17:25:14','2018-02-19 17:51:44',295,'FXA-9799',5),(680,'2018-03-20 10:21:45','2018-03-20 17:56:44',352,'9LX T41',74),(681,'2018-12-04 04:46:18','2018-12-04 14:02:57',218,'177 YBQ',10),(682,'2018-12-16 13:39:44','2018-12-16 16:50:58',408,'10M H33',69),(683,'2018-07-04 13:12:22','2018-07-04 15:13:42',381,'45W X49',15),(684,'2018-06-15 12:36:51','2018-06-16 00:10:34',316,'LEL-3572',59),(685,'2018-08-25 05:37:48','2018-08-26 03:32:58',305,'FBD-8300',34),(686,'2018-11-06 09:56:27','2018-11-07 06:45:20',30,'JQ2 R6R',56),(687,'2018-06-29 04:02:45','2018-06-30 00:23:28',316,'XAB-6911',19),(688,'2018-11-11 19:48:57','2018-11-12 02:33:12',414,'029 GAV',42),(689,'2018-04-26 10:11:32','2018-04-26 20:36:23',390,'10M H33',95),(690,'2018-02-16 04:00:27','2018-02-16 16:50:41',191,'FBD-8300',70),(691,'2018-01-24 19:08:06','2018-01-25 14:14:19',81,'KTJ 026',6),(692,'2018-03-27 15:12:30','2018-03-28 14:29:11',305,'G 445079',90),(693,'2018-07-18 23:40:32','2018-07-19 20:01:06',340,'823S',81),(694,'2018-01-26 08:42:44','2018-01-26 14:17:51',298,'JQ2 R6R',84),(695,'2018-11-19 15:43:50','2018-11-20 15:35:05',52,'252 LKC',99),(696,'2018-08-20 05:42:28','2018-08-21 04:02:34',137,'VPT-2591',50),(697,'2018-05-05 18:00:10','2018-05-06 12:39:32',427,'4QT U99',46),(698,'2018-10-01 16:33:32','2018-10-02 00:14:16',473,'KQZ 813',35),(699,'2018-12-06 13:39:14','2018-12-06 22:09:53',393,'45W X49',14),(700,'2018-03-25 13:08:53','2018-03-26 08:00:12',483,'091 WTK',41),(701,'2018-07-17 14:17:15','2018-07-17 14:30:54',74,'074D9',68),(702,'2018-05-01 23:06:03','2018-05-02 14:46:42',399,'3-6608Z',26),(703,'2018-05-15 17:17:37','2018-05-16 04:05:39',357,'HL 5495',53),(704,'2018-02-14 03:43:39','2018-02-15 01:24:12',215,'VPT-2591',25),(705,'2018-10-09 13:04:54','2018-10-10 07:08:46',115,'644K',84),(706,'2018-03-24 07:16:21','2018-03-24 10:00:47',417,'76-O317',43),(707,'2018-03-29 03:45:31','2018-03-29 19:29:38',365,'31X VL1',53),(708,'2018-04-25 16:31:17','2018-04-25 22:37:09',16,'993 DTR',61),(709,'2018-12-16 00:14:45','2018-12-16 16:02:33',87,'LEL-3572',79),(710,'2018-08-04 13:37:28','2018-08-04 13:44:21',66,'FBD-8300',93),(711,'2018-02-23 10:06:32','2018-02-23 13:53:01',43,'LEL-3572',39),(712,'2018-10-14 07:43:51','2018-10-14 08:02:45',61,'KTJ 026',97),(713,'2018-12-01 09:46:19','2018-12-02 01:03:58',23,'10M H33',10),(714,'2018-08-12 11:18:22','2018-08-12 12:13:06',241,'63G 421',17),(715,'2018-06-22 01:41:46','2018-06-23 00:09:32',493,'8JTU778',67),(716,'2018-04-22 05:50:04','2018-04-22 15:15:58',136,'70-08440',23),(717,'2018-05-21 07:17:29','2018-05-21 23:25:18',101,'160 KOM',35),(718,'2018-11-01 20:51:43','2018-11-02 08:26:56',121,'45W X49',66),(719,'2018-10-10 03:27:33','2018-10-10 18:52:10',450,'7-U3496',24),(720,'2018-06-28 07:54:31','2018-06-28 16:18:07',244,'XAB-6911',82),(721,'2018-09-15 04:59:44','2018-09-15 15:17:16',224,'233752',2),(722,'2018-07-03 12:42:27','2018-07-03 21:16:05',171,'10M H33',71),(723,'2018-06-19 13:16:07','2018-06-20 02:20:08',242,'252 LKC',20),(724,'2018-05-12 17:44:01','2018-05-13 10:26:14',451,'993 DTR',23),(725,'2018-12-08 20:52:00','2018-12-09 15:00:11',290,'4-44016Q',52),(726,'2018-07-24 12:01:45','2018-07-25 04:27:13',452,'24QZ031',15),(727,'2018-03-22 00:27:58','2018-03-22 15:44:12',488,'7-U3496',55),(728,'2018-12-12 04:19:00','2018-12-12 07:12:03',264,'JQ2 R6R',81),(729,'2018-02-27 09:55:02','2018-02-28 03:15:07',492,'6NZG011',85),(730,'2018-03-21 23:37:28','2018-03-22 20:20:09',182,'0ZE1224',83),(731,'2018-09-23 20:58:15','2018-09-24 07:47:07',195,'233752',52),(732,'2018-10-26 21:37:41','2018-10-27 06:12:51',146,'0LL0774',59),(733,'2018-01-21 16:20:15','2018-01-21 16:28:51',196,'075 FFB',38),(734,'2018-03-13 12:45:45','2018-03-14 08:58:00',319,'935Z6',19),(735,'2018-12-14 20:24:51','2018-12-15 00:26:43',492,'91V B44',96),(736,'2018-04-21 00:51:10','2018-04-21 21:44:16',64,'177 YBQ',14),(737,'2018-07-22 21:38:09','2018-07-23 13:02:28',123,'KTJ 026',88),(738,'2018-05-15 22:35:45','2018-05-16 22:15:21',38,'RZD 208',60),(739,'2018-04-27 06:35:20','2018-04-27 22:33:27',425,'YN8 P5J',44),(740,'2018-09-17 17:42:38','2018-09-17 19:45:30',230,'8JTU778',39),(741,'2018-01-26 00:10:13','2018-01-26 00:10:55',491,'NDN 884',33),(742,'2018-06-26 10:10:55','2018-06-27 06:55:20',75,'091 WTK',75),(743,'2018-06-30 22:32:16','2018-07-01 07:38:49',450,'4-44016Q',30),(744,'2018-07-18 09:25:03','2018-07-18 14:02:06',462,'SEQ-9042',93),(745,'2018-04-11 23:59:37','2018-04-12 04:24:52',388,'LDT 720',91),(746,'2018-01-09 01:41:10','2018-01-10 00:18:18',429,'823S',18),(747,'2018-07-26 04:01:13','2018-07-27 03:52:49',285,'3DO 420',84),(748,'2018-10-18 11:06:42','2018-10-18 12:44:29',256,'NDN 884',3),(749,'2018-11-25 20:19:23','2018-11-26 05:52:10',317,'4QT U99',18),(750,'2018-09-01 14:41:51','2018-09-01 21:28:10',92,'935Z6',43),(751,'2018-12-23 01:55:04','2018-12-23 16:26:59',193,'177 YBQ',23),(752,'2018-09-17 17:37:27','2018-09-18 16:27:06',83,'4QT U99',28),(753,'2018-06-12 04:38:50','2018-06-12 20:21:36',319,'KQZ 813',43),(754,'2018-03-09 23:46:23','2018-03-10 08:41:52',491,'9LX T41',96),(755,'2018-05-18 02:28:15','2018-05-18 07:22:29',88,'9LX T41',54),(756,'2018-12-18 18:36:52','2018-12-18 20:15:25',80,'31X VL1',75),(757,'2018-08-06 23:08:20','2018-08-07 01:36:06',327,'KTJ 026',89),(758,'2018-07-09 17:11:04','2018-07-09 18:29:39',311,'935Z6',13),(759,'2018-10-03 04:30:28','2018-10-03 15:18:16',287,'075 FFB',87),(760,'2018-11-04 11:21:02','2018-11-05 04:49:12',376,'91V B44',76),(761,'2018-09-06 11:16:12','2018-09-06 15:31:14',229,'24QZ031',18),(762,'2018-05-31 14:17:29','2018-05-31 19:46:57',222,'24QZ031',48),(763,'2018-11-26 16:09:38','2018-11-27 07:00:55',149,'LEL-3572',20),(764,'2018-11-15 02:19:44','2018-11-15 13:21:44',498,'G 445079',70),(765,'2018-12-21 22:40:07','2018-12-22 04:15:15',52,'31X VL1',100),(766,'2018-07-04 15:21:40','2018-07-05 05:20:30',254,'8JTU778',66),(767,'2018-10-01 09:01:15','2018-10-01 12:31:27',302,'30C 9038',25),(768,'2018-04-11 06:29:42','2018-04-11 20:58:50',78,'8JTU778',8),(769,'2018-12-23 07:30:01','2018-12-23 16:33:36',32,'973 1322',9),(770,'2018-02-09 03:00:05','2018-02-09 07:24:23',368,'3-6608Z',59),(771,'2018-12-02 12:37:16','2018-12-02 15:06:45',310,'91V B44',99),(772,'2018-09-22 21:57:42','2018-09-23 05:22:22',259,'993 DTR',91),(773,'2018-10-20 02:11:42','2018-10-20 17:26:18',358,'10M H33',73),(774,'2018-08-26 14:36:13','2018-08-27 05:57:31',151,'JQ2 R6R',13),(775,'2018-09-24 07:26:03','2018-09-24 10:05:28',215,'4-44016Q',19),(776,'2018-06-26 19:12:51','2018-06-26 19:57:11',121,'45W X49',12),(777,'2018-06-25 04:09:39','2018-06-25 17:47:22',379,'91V B44',84),(778,'2018-10-11 04:39:05','2018-10-11 17:15:20',356,'30C 9038',10),(779,'2018-08-05 08:07:18','2018-08-05 21:37:12',403,'935Z6',4),(780,'2018-02-25 02:52:13','2018-02-25 18:32:26',384,'76-O317',91),(781,'2018-07-04 05:08:33','2018-07-04 16:03:52',124,'24QZ031',10),(782,'2018-03-19 21:01:59','2018-03-20 01:30:06',394,'RZD 208',100),(783,'2018-02-02 17:34:28','2018-02-03 12:23:57',323,'LDT 720',74),(784,'2018-01-09 22:03:45','2018-01-10 02:19:11',91,'385-BHZA',74),(785,'2018-01-28 12:32:25','2018-01-29 02:08:19',77,'177 YBQ',88),(786,'2018-03-09 12:36:50','2018-03-10 00:34:23',158,'SC 1779',83),(787,'2018-06-06 17:09:01','2018-06-06 22:01:19',210,'KQZ 813',83),(788,'2018-03-04 16:13:55','2018-03-05 00:09:46',265,'3-6608Z',8),(789,'2018-08-02 09:54:13','2018-08-02 13:38:03',72,'4QT U99',92),(790,'2018-12-30 22:50:52','2018-12-31 14:37:11',73,'76-O317',27),(791,'2018-01-23 19:34:10','2018-01-24 02:05:37',54,'KTJ 026',34),(792,'2018-05-31 05:06:24','2018-05-31 23:27:09',192,'XAB-6911',4),(793,'2018-04-18 20:29:26','2018-04-19 14:20:48',346,'63G 421',31),(794,'2018-02-09 01:11:35','2018-02-09 03:05:47',416,'3DO 420',97),(795,'2018-11-20 22:03:40','2018-11-20 22:50:01',449,'RZD 208',32),(796,'2018-03-09 19:59:06','2018-03-10 09:54:47',168,'973 1322',40),(797,'2018-09-10 07:35:32','2018-09-11 05:08:15',352,'0LL0774',5),(798,'2018-08-16 23:30:56','2018-08-17 09:52:03',257,'VPT-2591',26),(799,'2018-12-23 11:34:12','2018-12-23 20:38:37',384,'3-6608Z',14),(800,'2018-05-07 17:35:37','2018-05-08 11:57:19',441,'KTJ 026',88),(801,'2018-08-02 00:22:24','2018-08-02 18:11:41',82,'63G 421',34),(802,'2018-10-27 21:36:04','2018-10-28 13:00:05',225,'HL 5495',4),(803,'2018-05-20 11:21:12','2018-05-21 04:51:48',348,'30C 9038',37),(804,'2018-07-28 11:57:19','2018-07-28 20:16:04',174,'233752',80),(805,'2018-12-07 23:26:12','2018-12-08 13:09:49',338,'175 3398',42),(806,'2018-05-26 02:25:17','2018-05-26 05:31:11',410,'FXA-9799',53),(807,'2018-02-19 23:14:28','2018-02-20 00:23:57',64,'4-44016Q',24),(808,'2018-12-29 20:14:09','2018-12-30 13:40:56',57,'NMQ 372',91),(809,'2018-10-02 16:08:07','2018-10-03 00:40:32',276,'160 KOM',19),(810,'2018-02-05 04:35:35','2018-02-06 00:44:29',183,'78-65590',20),(811,'2018-05-28 23:01:54','2018-05-29 22:41:11',453,'NDN 884',22),(812,'2018-07-04 05:57:50','2018-07-05 05:35:47',422,'KXB 559',85),(813,'2018-04-21 22:31:51','2018-04-22 17:48:29',176,'6698',73),(814,'2018-10-03 05:33:22','2018-10-04 01:01:48',131,'9LX T41',20),(815,'2018-04-26 17:41:31','2018-04-27 13:31:32',359,'385-BHZA',56),(816,'2018-05-29 06:26:43','2018-05-29 12:54:56',264,'63G 421',88),(817,'2018-11-01 17:34:02','2018-11-02 06:36:01',492,'6NZG011',97),(818,'2018-07-17 22:40:46','2018-07-18 16:59:09',238,'31X VL1',22),(819,'2018-11-16 16:04:19','2018-11-16 20:39:13',376,'91V B44',25),(820,'2018-03-03 16:05:46','2018-03-03 21:54:11',433,'RZD 208',8),(821,'2018-01-06 21:21:42','2018-01-07 11:21:23',61,'JQ2 R6R',81),(822,'2018-05-31 10:40:17','2018-06-01 01:31:48',129,'091 WTK',6),(823,'2018-08-31 07:37:11','2018-08-31 18:00:33',325,'NDN 884',1),(824,'2018-08-14 00:11:22','2018-08-14 03:16:10',126,'NDN 884',87),(825,'2018-12-29 03:04:22','2018-12-29 17:27:10',340,'78-65590',76),(826,'2018-08-02 12:27:06','2018-08-03 02:04:13',177,'993 DTR',84),(827,'2018-08-05 10:21:02','2018-08-05 21:46:04',109,'NMQ 372',86),(828,'2018-07-07 22:06:50','2018-07-08 02:38:28',487,'029 GAV',60),(829,'2018-05-27 22:07:31','2018-05-28 08:25:48',145,'RPD-8334',68),(830,'2018-01-15 02:36:55','2018-01-15 20:06:02',54,'10M H33',64),(831,'2018-10-20 14:41:34','2018-10-21 01:16:20',194,'G 445079',42),(832,'2018-05-04 20:55:23','2018-05-04 23:33:49',447,'0J DR847',69),(833,'2018-04-09 07:56:08','2018-04-09 14:17:43',4,'091 WTK',90),(834,'2018-04-11 16:33:55','2018-04-12 15:48:38',49,'NDN 884',90),(835,'2018-04-23 12:49:52','2018-04-24 02:27:03',98,'177 YBQ',20),(836,'2018-09-06 16:34:50','2018-09-07 11:38:04',278,'LDT 720',40),(837,'2018-08-29 13:04:31','2018-08-29 16:25:43',447,'70-08440',24),(838,'2018-10-08 09:44:10','2018-10-08 13:51:37',393,'NDN 884',99),(839,'2018-05-09 03:29:53','2018-05-09 21:28:01',314,'973 1322',78),(840,'2018-08-07 08:28:55','2018-08-08 06:24:03',317,'FXA-9799',31),(841,'2018-05-19 03:39:48','2018-05-19 13:27:17',405,'177 YBQ',75),(842,'2018-01-30 09:44:57','2018-01-31 08:42:40',237,'644K',47),(843,'2018-03-15 19:56:01','2018-03-15 22:39:30',296,'RPD-8334',30),(844,'2018-05-20 21:35:20','2018-05-21 00:16:42',498,'45W X49',41),(845,'2018-05-07 00:10:45','2018-05-07 16:13:26',284,'233752',61),(846,'2018-03-17 11:15:42','2018-03-17 14:53:00',315,'YN8 P5J',15),(847,'2018-05-31 16:07:00','2018-05-31 18:47:32',289,'0J DR847',68),(848,'2018-07-22 03:40:45','2018-07-22 19:20:52',30,'6698',30),(849,'2018-03-17 09:17:17','2018-03-17 23:55:29',61,'823S',58),(850,'2018-09-29 16:03:41','2018-09-29 19:35:03',282,'075 FFB',34),(851,'2018-05-04 05:13:24','2018-05-04 20:26:05',49,'0LL0774',43),(852,'2018-04-29 01:49:44','2018-04-29 13:51:15',499,'RZD 208',75),(853,'2018-05-26 04:54:04','2018-05-27 03:10:52',256,'10M H33',81),(854,'2018-06-19 10:47:10','2018-06-20 05:38:27',325,'NMQ 372',94),(855,'2018-09-27 10:56:46','2018-09-27 17:13:44',232,'8JTU778',76),(856,'2018-07-06 01:25:53','2018-07-06 07:38:06',258,'0ZE1224',78),(857,'2018-03-01 19:58:44','2018-03-02 05:25:38',90,'63G 421',50),(858,'2018-05-28 14:39:44','2018-05-29 04:36:42',322,'24QZ031',39),(859,'2018-08-26 17:23:12','2018-08-26 19:21:32',345,'KXB 559',47),(860,'2018-08-08 14:53:14','2018-08-09 05:18:54',221,'45W X49',29),(861,'2018-12-13 01:50:02','2018-12-13 08:44:24',470,'XAB-6911',70),(862,'2018-03-09 00:18:21','2018-03-09 01:11:54',106,'385-BHZA',71),(863,'2018-01-16 13:52:11','2018-01-17 04:47:37',220,'31X VL1',95),(864,'2018-10-17 11:55:47','2018-10-18 09:09:56',96,'HL 5495',1),(865,'2018-12-04 00:01:03','2018-12-04 00:05:59',344,'6NZG011',43),(866,'2018-10-13 12:25:38','2018-10-13 22:20:30',279,'7-U3496',33),(867,'2018-07-14 12:39:52','2018-07-15 02:43:39',499,'4-44016Q',87),(868,'2018-10-29 18:25:47','2018-10-30 13:38:32',160,'76-O317',12),(869,'2018-05-22 14:17:32','2018-05-23 12:10:50',128,'SEQ-9042',57),(870,'2018-03-30 22:40:01','2018-03-31 05:17:44',38,'0J DR847',88),(871,'2018-10-21 03:28:27','2018-10-21 07:51:49',128,'160 KOM',69),(872,'2018-10-13 04:08:29','2018-10-14 01:32:05',31,'160 KOM',33),(873,'2018-04-29 22:25:53','2018-04-30 05:33:47',5,'8JTU778',72),(874,'2018-06-16 07:28:56','2018-06-16 23:32:04',354,'6NZG011',1),(875,'2018-09-26 21:57:58','2018-09-26 23:34:11',152,'KXB 559',86),(876,'2018-09-03 15:59:34','2018-09-04 04:29:49',296,'252 LKC',76),(877,'2018-01-09 21:33:22','2018-01-10 01:08:38',428,'FXA-9799',99),(878,'2018-01-22 16:55:35','2018-01-22 22:16:37',433,'LEL-3572',96),(879,'2018-06-03 17:17:14','2018-06-04 09:00:26',224,'HCH 835',30),(880,'2018-09-20 07:59:41','2018-09-21 07:24:10',172,'IHF-296',42),(881,'2018-10-04 22:33:32','2018-10-05 17:29:15',65,'63G 421',51),(882,'2018-12-21 23:50:32','2018-12-22 21:08:07',198,'233752',49),(883,'2018-05-16 08:36:59','2018-05-16 21:31:30',42,'091 WTK',2),(884,'2018-09-25 03:17:44','2018-09-25 08:01:28',249,'177 YBQ',71),(885,'2018-05-08 01:54:45','2018-05-08 21:09:49',428,'160 KOM',6),(886,'2018-04-14 23:05:41','2018-04-15 13:55:47',81,'91V B44',75),(887,'2018-07-19 06:15:38','2018-07-20 01:18:33',310,'4-44016Q',29),(888,'2018-02-26 16:22:31','2018-02-26 18:14:58',245,'76-O317',77),(889,'2018-05-23 17:13:33','2018-05-24 03:32:16',74,'823S',80),(890,'2018-11-18 00:40:18','2018-11-18 01:39:48',202,'LEL-3572',59),(891,'2018-11-29 09:17:16','2018-11-29 14:52:17',145,'KQZ 813',34),(892,'2018-06-08 23:14:55','2018-06-09 07:19:52',324,'LDT 720',54),(893,'2018-02-04 16:45:13','2018-02-04 20:11:13',491,'6NZG011',81),(894,'2018-03-24 05:55:02','2018-03-24 20:09:43',273,'477 NPK',7),(895,'2018-01-26 06:28:18','2018-01-27 03:31:50',135,'7-U3496',62),(896,'2018-07-14 21:50:27','2018-07-15 15:09:29',64,'G 445079',2),(897,'2018-07-09 02:38:42','2018-07-10 01:29:07',154,'993 DTR',62),(898,'2018-05-27 01:28:45','2018-05-27 23:46:21',181,'074D9',97),(899,'2018-10-22 05:54:27','2018-10-22 19:42:27',89,'644K',19),(900,'2018-10-09 05:00:22','2018-10-09 18:07:26',248,'160 KOM',54),(901,'2018-04-07 08:51:11','2018-04-07 14:22:23',485,'477 NPK',84),(902,'2018-12-02 05:08:53','2018-12-02 14:13:52',391,'78-65590',83),(903,'2018-07-05 19:51:14','2018-07-06 03:55:44',198,'JQ2 R6R',12),(904,'2018-01-15 14:16:49','2018-01-16 09:39:59',336,'175 3398',20),(905,'2018-05-15 20:49:11','2018-05-16 12:45:11',80,'233752',7),(906,'2018-09-06 14:48:31','2018-09-07 08:34:27',231,'3DO 420',76),(907,'2018-08-29 18:11:28','2018-08-30 17:28:47',339,'FBD-8300',67),(908,'2018-05-23 02:43:40','2018-05-23 06:48:24',196,'JQ2 R6R',26),(909,'2018-03-01 23:30:27','2018-03-02 09:31:22',71,'LDT 720',19),(910,'2018-06-05 07:34:39','2018-06-05 12:18:54',426,'7-U3496',96),(911,'2018-03-04 03:12:47','2018-03-05 01:04:58',36,'63G 421',57),(912,'2018-07-01 01:55:12','2018-07-01 10:44:41',81,'76-O317',5),(913,'2018-08-10 23:18:22','2018-08-11 03:53:08',496,'HCH 835',14),(914,'2018-10-12 00:54:10','2018-10-12 23:49:28',143,'78-65590',33),(915,'2018-03-06 00:46:29','2018-03-06 18:59:13',168,'175 3398',37),(916,'2018-10-30 02:53:31','2018-10-30 23:07:11',63,'LEL-3572',48),(917,'2018-06-03 00:55:17','2018-06-03 22:43:21',289,'8JTU778',64),(918,'2018-05-11 22:23:58','2018-05-12 01:15:55',87,'8JTU778',15),(919,'2018-06-13 23:26:09','2018-06-14 21:09:01',410,'FBD-8300',70),(920,'2018-05-25 16:25:31','2018-05-25 19:13:28',482,'175 3398',47),(921,'2018-11-21 22:42:03','2018-11-22 22:08:01',76,'63G 421',65),(922,'2018-12-24 10:38:00','2018-12-24 16:05:05',21,'075 FFB',34),(923,'2018-01-07 16:19:13','2018-01-07 19:41:52',377,'XAB-6911',41),(924,'2018-11-14 04:59:01','2018-11-14 07:19:47',487,'RZD 208',86),(925,'2018-07-02 17:10:57','2018-07-03 01:41:56',329,'993 DTR',52),(926,'2018-08-14 04:34:07','2018-08-14 18:53:51',70,'FXA-9799',97),(927,'2018-10-25 12:46:49','2018-10-26 10:17:56',75,'24QZ031',36),(928,'2018-02-22 07:50:08','2018-02-22 21:27:23',86,'YN8 P5J',11),(929,'2018-10-13 13:55:46','2018-10-14 06:07:03',234,'6698',38),(930,'2018-07-12 08:34:50','2018-07-12 19:02:40',270,'XAB-6911',15),(931,'2018-07-12 18:18:52','2018-07-13 03:51:44',358,'JQ2 R6R',91),(932,'2018-09-05 02:24:31','2018-09-05 13:12:06',280,'63G 421',56),(933,'2018-05-01 11:09:41','2018-05-02 02:15:31',371,'RZD 208',72),(934,'2018-01-05 02:35:12','2018-01-06 00:37:38',227,'10M H33',6),(935,'2018-08-12 15:38:34','2018-08-12 22:57:16',327,'KQZ 813',30),(936,'2018-06-28 21:29:58','2018-06-28 22:02:18',491,'6NZG011',30),(937,'2018-11-13 10:09:52','2018-11-13 20:14:05',428,'075 FFB',36),(938,'2018-05-24 18:53:03','2018-05-24 19:04:56',425,'HCH 835',21),(939,'2018-06-13 05:44:47','2018-06-14 00:09:54',300,'SC 1779',87),(940,'2018-05-21 18:45:46','2018-05-22 06:42:58',208,'LEL-3572',25),(941,'2018-07-22 11:58:49','2018-07-22 23:27:52',470,'6NZG011',21),(942,'2018-09-01 08:38:08','2018-09-01 14:22:05',378,'FBD-8300',73),(943,'2018-05-11 06:43:36','2018-05-11 13:18:11',99,'RPD-8334',86),(944,'2018-02-20 06:21:02','2018-02-21 00:32:11',178,'6698',88),(945,'2018-12-22 12:45:22','2018-12-23 11:20:39',368,'993 DTR',88),(946,'2018-02-24 07:29:31','2018-02-25 03:25:31',346,'91V B44',63),(947,'2018-04-06 08:04:05','2018-04-06 21:12:53',105,'G 445079',11),(948,'2018-05-12 12:43:14','2018-05-13 09:40:22',128,'KXB 559',44),(949,'2018-06-07 15:05:34','2018-06-07 22:01:17',113,'RZD 208',50),(950,'2018-09-02 22:16:59','2018-09-03 19:44:55',300,'76-O317',100),(951,'2018-07-23 01:36:45','2018-07-23 15:37:32',387,'63G 421',54),(952,'2018-08-14 03:20:38','2018-08-14 20:16:15',455,'3DO 420',96),(953,'2018-03-22 20:10:57','2018-03-23 00:09:24',122,'477 NPK',22),(954,'2018-10-07 00:26:40','2018-10-07 10:28:53',52,'HL 5495',34),(955,'2018-05-24 03:32:10','2018-05-24 07:23:03',159,'SEQ-9042',98),(956,'2018-05-28 22:05:17','2018-05-29 05:48:19',394,'SC 1779',4),(957,'2018-05-20 06:04:38','2018-05-20 06:38:41',120,'029 GAV',17),(958,'2018-06-10 01:02:03','2018-06-10 16:08:19',400,'644K',94),(959,'2018-07-22 09:11:39','2018-07-22 12:37:48',17,'RPD-8334',4),(960,'2018-12-27 19:53:47','2018-12-28 09:28:21',194,'3DO 420',22),(961,'2018-06-07 07:52:20','2018-06-07 20:40:49',463,'YN8 P5J',71),(962,'2018-03-05 05:13:07','2018-03-05 09:05:21',302,'074D9',44),(963,'2018-06-28 21:38:52','2018-06-29 16:12:31',188,'177 YBQ',28),(964,'2018-06-17 09:29:35','2018-06-18 02:27:52',336,'VPT-2591',52),(965,'2018-07-03 03:30:59','2018-07-03 07:51:19',55,'SEQ-9042',65),(966,'2018-11-20 20:03:35','2018-11-21 06:36:11',356,'KXB 559',84),(967,'2018-03-18 18:02:36','2018-03-19 09:06:40',162,'252 LKC',90),(968,'2018-07-25 17:56:23','2018-07-25 22:59:15',11,'993 DTR',48),(969,'2018-08-14 03:54:26','2018-08-14 04:39:26',257,'074D9',48),(970,'2018-02-12 02:08:56','2018-02-12 18:35:45',253,'233752',46),(971,'2018-08-15 14:29:34','2018-08-16 14:10:18',15,'252 LKC',87),(972,'2018-02-01 23:20:03','2018-02-02 12:04:59',399,'LDT 720',59),(973,'2018-06-04 14:37:11','2018-06-05 03:41:26',439,'973 1322',83),(974,'2018-07-08 04:43:20','2018-07-08 10:35:08',457,'8JTU778',2),(975,'2018-04-28 04:27:23','2018-04-28 23:37:15',474,'G 445079',51),(976,'2018-03-23 06:20:51','2018-03-23 17:14:01',264,'78-65590',92),(977,'2018-10-19 13:52:15','2018-10-20 00:29:26',298,'091 WTK',22),(978,'2018-03-03 03:48:41','2018-03-03 06:48:53',41,'0ZE1224',55),(979,'2018-07-17 01:06:01','2018-07-17 14:01:58',472,'G 445079',76),(980,'2018-10-22 14:09:24','2018-10-22 19:07:15',104,'XAB-6911',83),(981,'2018-02-11 06:15:53','2018-02-11 20:52:05',196,'76-O317',89),(982,'2018-04-08 09:13:27','2018-04-09 07:33:43',24,'SEQ-9042',39),(983,'2018-09-02 06:02:51','2018-09-02 22:04:23',165,'91V B44',100),(984,'2018-08-16 17:39:59','2018-08-17 03:05:42',458,'30C 9038',41),(985,'2018-02-28 20:02:20','2018-02-28 21:25:06',369,'9LX T41',84),(986,'2018-03-02 11:30:23','2018-03-02 12:29:18',195,'177 YBQ',44),(987,'2018-08-04 21:27:27','2018-08-05 04:57:58',490,'FXA-9799',77),(988,'2018-04-02 16:58:39','2018-04-02 23:13:07',423,'233752',60),(989,'2018-03-26 09:01:24','2018-03-26 20:09:13',332,'4-44016Q',51),(990,'2018-07-09 12:50:25','2018-07-09 14:15:30',218,'6NZG011',87),(991,'2018-01-09 15:58:59','2018-01-09 21:05:03',68,'4-44016Q',25),(992,'2018-02-03 15:50:07','2018-02-04 12:04:15',437,'KXB 559',33),(993,'2018-04-20 21:38:46','2018-04-21 14:18:46',288,'RZD 208',70),(994,'2018-02-04 15:32:56','2018-02-04 20:55:45',351,'HCH 835',76),(995,'2018-03-26 22:01:07','2018-03-26 22:49:30',124,'175 3398',40),(996,'2018-10-03 18:44:44','2018-10-04 03:33:21',157,'477 NPK',45),(997,'2018-03-07 19:09:39','2018-03-08 10:11:15',421,'0ZE1224',76),(998,'2018-04-05 04:06:15','2018-04-05 13:53:56',351,'IHF-296',69),(999,'2018-09-25 15:17:27','2018-09-26 08:58:17',467,'160 KOM',14),(1000,'2018-10-19 15:09:39','2018-10-20 00:28:06',147,'LEL-3572',71),(1001,'2018-09-26 12:46:44','2018-09-26 18:08:14',404,'973 1322',39),(1002,'2018-11-13 13:16:12','2018-11-14 12:26:11',483,'644K',42),(1003,'2018-10-01 11:26:54','2018-10-01 11:49:53',113,'074D9',60),(1004,'2018-12-28 06:30:42','2018-12-28 17:43:55',97,'45W X49',92),(1005,'2018-10-24 12:55:37','2018-10-25 03:16:59',53,'RPD-8334',64),(1006,'2018-06-30 14:40:56','2018-07-01 05:44:24',122,'3-6608Z',2),(1007,'2018-10-10 10:10:11','2018-10-10 15:39:03',427,'233752',56),(1008,'2018-09-23 17:45:05','2018-09-23 21:10:32',169,'091 WTK',95),(1009,'2018-05-30 17:06:17','2018-05-30 23:01:04',74,'233752',34),(1010,'2018-08-02 18:52:25','2018-08-03 16:54:12',69,'385-BHZA',5),(1011,'2018-01-22 10:13:19','2018-01-23 01:07:00',249,'NMQ 372',10),(1012,'2018-08-26 06:04:50','2018-08-27 04:32:45',143,'30C 9038',43),(1013,'2018-05-19 03:17:52','2018-05-19 10:14:30',82,'HL 5495',33),(1014,'2018-05-20 20:45:12','2018-05-21 05:57:34',344,'LEL-3572',100),(1015,'2018-10-24 11:55:15','2018-10-25 06:45:17',286,'SEQ-9042',48),(1016,'2018-09-04 22:42:00','2018-09-05 17:24:39',121,'FXA-9799',6),(1017,'2018-10-02 20:53:58','2018-10-03 03:15:13',203,'074D9',100),(1018,'2018-10-20 20:44:18','2018-10-21 03:38:58',363,'70-08440',18),(1019,'2018-02-26 13:32:17','2018-02-27 04:47:43',55,'7-U3496',52),(1020,'2018-09-22 11:35:33','2018-09-23 00:44:31',19,'VPT-2591',51),(1021,'2018-02-08 06:58:19','2018-02-09 06:45:33',79,'G 445079',28),(1022,'2018-07-24 12:44:01','2018-07-25 09:55:19',399,'SEQ-9042',77),(1023,'2018-12-23 04:52:18','2018-12-24 03:54:23',346,'VPT-2591',69),(1024,'2018-07-29 10:12:22','2018-07-29 16:58:31',239,'252 LKC',55),(1025,'2018-05-28 17:53:47','2018-05-29 01:36:36',183,'LEL-3572',61),(1026,'2018-03-19 21:15:15','2018-03-20 18:49:47',461,'4QT U99',74),(1027,'2018-01-04 18:55:22','2018-01-04 20:29:03',102,'LEL-3572',89),(1028,'2018-04-22 19:43:20','2018-04-22 22:43:58',264,'175 3398',97),(1030,'2018-12-15 05:14:48','2018-12-16 01:52:17',393,'HL 5495',87),(1031,'2018-07-01 08:22:01','2018-07-02 01:37:09',359,'4QT U99',4),(1032,'2018-10-06 20:31:57','2018-10-07 05:05:22',481,'LDT 720',66),(1033,'2018-05-01 18:48:29','2018-05-02 11:30:37',348,'477 NPK',67),(1034,'2018-01-13 03:43:11','2018-01-13 12:49:18',492,'45W X49',10),(1035,'2018-06-01 20:27:05','2018-06-02 18:23:13',216,'9LX T41',69),(1036,'2018-05-16 02:10:21','2018-05-16 04:55:03',49,'SC 1779',57),(1037,'2018-11-05 12:52:20','2018-11-05 17:46:56',379,'4-44016Q',95),(1038,'2018-06-05 22:44:05','2018-06-06 07:05:23',471,'63G 421',38),(1039,'2018-08-30 09:45:43','2018-08-30 20:37:38',312,'7-U3496',20),(1040,'2018-10-04 12:15:52','2018-10-04 19:59:44',208,'935Z6',4),(1041,'2018-12-13 19:58:30','2018-12-14 01:25:03',258,'45W X49',10),(1042,'2018-04-10 23:37:01','2018-04-11 17:27:26',345,'3-6608Z',33),(1043,'2018-10-01 05:44:41','2018-10-01 06:11:07',260,'973 1322',56),(1044,'2018-05-17 07:09:13','2018-05-18 03:12:06',350,'KXB 559',60),(1045,'2018-10-20 11:39:47','2018-10-20 12:46:12',492,'31X VL1',89),(1046,'2018-09-11 22:10:09','2018-09-12 15:13:16',216,'78-65590',17),(1047,'2018-09-27 13:46:44','2018-09-27 14:43:54',55,'074D9',12),(1048,'2018-05-13 10:09:46','2018-05-13 15:56:22',452,'823S',58),(1049,'2018-08-07 18:52:55','2018-08-07 19:19:03',94,'252 LKC',92),(1050,'2018-08-29 21:30:40','2018-08-30 00:13:56',102,'NMQ 372',40),(1051,'2018-02-26 00:15:11','2018-02-26 04:55:32',403,'XAB-6911',77),(1052,'2018-12-31 05:54:47','2018-12-31 13:17:57',171,'VPT-2591',50),(1053,'2018-11-17 15:14:08','2018-11-18 11:14:00',416,'6698',32),(1054,'2018-12-07 09:33:27','2018-12-08 01:03:27',499,'0J DR847',82),(1055,'2018-01-21 19:57:15','2018-01-22 18:44:42',331,'91V B44',90),(1056,'2018-06-22 05:46:59','2018-06-23 04:20:22',27,'075 FFB',73),(1057,'2018-10-09 03:02:45','2018-10-09 08:11:00',154,'823S',2),(1058,'2018-05-27 09:48:01','2018-05-27 11:00:23',472,'385-BHZA',76),(1059,'2018-06-28 22:30:44','2018-06-29 16:50:51',457,'385-BHZA',44),(1060,'2018-02-21 06:12:14','2018-02-21 09:41:09',268,'HL 5495',79),(1061,'2018-02-14 02:26:59','2018-02-14 14:15:07',281,'63G 421',13),(1062,'2018-11-13 09:49:42','2018-11-13 14:52:21',320,'4-44016Q',57),(1063,'2018-08-25 19:14:53','2018-08-26 00:29:53',101,'644K',87),(1064,'2018-11-20 14:49:28','2018-11-21 08:49:21',301,'091 WTK',21),(1065,'2018-06-22 04:22:47','2018-06-22 15:29:39',476,'175 3398',84),(1066,'2018-03-03 02:50:04','2018-03-03 20:19:23',49,'KQZ 813',3),(1067,'2018-01-24 06:20:42','2018-01-24 13:23:03',463,'6NZG011',70),(1068,'2018-07-06 00:15:02','2018-07-06 17:19:46',229,'IHF-296',28),(1069,'2018-10-28 13:44:28','2018-10-28 21:25:29',500,'IHF-296',53),(1070,'2018-09-28 18:34:56','2018-09-28 21:49:14',307,'70-08440',20),(1071,'2018-01-02 20:51:00','2018-01-03 09:48:06',2,'YN8 P5J',60),(1072,'2018-01-26 23:10:09','2018-01-27 01:07:45',218,'385-BHZA',26),(1073,'2018-09-30 03:15:57','2018-09-30 18:05:48',288,'HCH 835',29),(1074,'2018-06-13 05:16:16','2018-06-13 23:55:47',25,'63G 421',51),(1075,'2018-11-17 01:22:20','2018-11-17 01:40:26',439,'70-08440',6),(1076,'2018-08-20 17:34:21','2018-08-20 19:46:28',279,'SC 1779',85),(1077,'2018-03-22 12:40:53','2018-03-22 19:03:07',21,'KTJ 026',19),(1078,'2018-10-20 00:21:56','2018-10-20 04:36:14',252,'074D9',23),(1079,'2018-01-19 07:06:24','2018-01-19 15:08:06',459,'NMQ 372',47),(1080,'2018-01-19 19:36:57','2018-01-19 22:33:32',220,'3-6608Z',64),(1081,'2018-07-11 18:25:18','2018-07-12 11:46:13',207,'91V B44',85),(1082,'2018-12-15 05:53:40','2018-12-15 21:54:36',399,'70-08440',40),(1083,'2018-02-21 09:57:00','2018-02-21 12:01:23',431,'HL 5495',16),(1084,'2018-11-30 07:22:02','2018-11-30 21:34:42',409,'252 LKC',64),(1085,'2018-07-15 13:46:32','2018-07-16 05:27:40',395,'993 DTR',65),(1086,'2018-04-10 14:48:56','2018-04-11 13:55:55',155,'24QZ031',76),(1087,'2018-09-10 08:23:29','2018-09-10 10:38:49',410,'8JTU778',82),(1088,'2018-01-10 20:44:34','2018-01-10 21:16:27',384,'6698',28),(1089,'2018-01-01 09:46:52','2018-01-01 21:44:24',208,'JQ2 R6R',36),(1090,'2018-03-19 02:13:45','2018-03-19 18:44:16',347,'973 1322',100),(1091,'2018-05-20 05:25:09','2018-05-21 04:05:06',135,'RPD-8334',38),(1092,'2018-12-30 15:59:09','2018-12-31 13:51:44',20,'HCH 835',43),(1093,'2018-08-07 06:21:19','2018-08-08 04:11:38',418,'935Z6',23),(1094,'2018-06-13 07:01:56','2018-06-13 19:56:35',28,'6NZG011',97),(1095,'2018-11-10 08:36:04','2018-11-11 08:19:37',447,'JQ2 R6R',9),(1096,'2018-04-20 14:37:22','2018-04-20 16:16:22',455,'NDN 884',91),(1097,'2018-01-09 00:32:48','2018-01-09 18:48:30',486,'NDN 884',33),(1098,'2018-11-30 06:14:50','2018-12-01 03:06:47',249,'HCH 835',33),(1099,'2018-03-28 05:20:16','2018-03-28 15:02:38',68,'477 NPK',53),(1100,'2018-10-23 15:19:24','2018-10-24 09:25:48',267,'6NZG011',99),(1101,'2018-03-22 23:34:11','2018-03-23 17:05:13',143,'KXB 559',97),(1102,'2018-03-16 09:18:28','2018-03-16 20:46:00',440,'WS 7027',3),(1103,'2018-05-06 15:43:25','2018-05-06 16:12:56',197,'70-08440',36),(1104,'2018-06-06 20:41:14','2018-06-07 18:04:10',157,'70-08440',38),(1105,'2018-01-18 06:47:02','2018-01-19 05:20:56',20,'0J DR847',2),(1106,'2018-01-11 22:14:27','2018-01-12 11:30:28',94,'175 3398',46),(1107,'2018-08-09 00:34:26','2018-08-09 03:48:33',407,'78-65590',51),(1108,'2018-05-23 19:02:06','2018-05-24 03:35:56',438,'3DO 420',19),(1109,'2018-03-17 13:28:37','2018-03-18 05:10:24',319,'FBD-8300',35),(1110,'2018-07-20 07:52:46','2018-07-20 19:36:01',238,'LDT 720',35),(1111,'2018-05-08 22:12:16','2018-05-09 09:09:23',476,'160 KOM',79),(1112,'2018-04-27 08:12:08','2018-04-28 03:18:19',87,'074D9',22),(1113,'2018-03-29 20:50:52','2018-03-30 09:28:45',281,'6698',45),(1114,'2018-06-10 10:17:33','2018-06-10 14:37:12',217,'385-BHZA',44),(1115,'2018-11-26 03:48:26','2018-11-26 09:06:33',142,'30C 9038',70),(1116,'2018-03-15 02:20:37','2018-03-15 15:51:47',389,'IHF-296',93),(1117,'2018-04-06 00:41:00','2018-04-06 12:47:00',253,'KTJ 026',95),(1118,'2018-01-07 03:05:38','2018-01-08 02:13:35',415,'78-65590',90),(1119,'2018-10-14 22:58:34','2018-10-15 16:07:59',121,'3DO 420',13),(1120,'2018-11-15 14:31:39','2018-11-15 15:24:06',25,'VPT-2591',74),(1121,'2018-01-19 17:07:22','2018-01-20 00:58:28',106,'SC 1779',45),(1122,'2018-08-26 04:35:35','2018-08-27 00:54:36',403,'WS 7027',62),(1123,'2018-03-25 11:26:37','2018-03-26 06:36:03',99,'HCH 835',6),(1124,'2018-04-25 22:17:37','2018-04-26 16:18:59',116,'63G 421',86),(1125,'2018-05-28 09:58:07','2018-05-28 10:52:10',17,'WS 7027',67),(1126,'2018-12-23 00:50:41','2018-12-23 02:06:36',109,'24QZ031',87),(1127,'2018-01-31 23:28:53','2018-02-01 12:43:48',273,'RZD 208',26),(1128,'2018-04-05 07:27:47','2018-04-05 07:49:57',111,'6NZG011',79),(1129,'2018-05-03 03:41:50','2018-05-04 01:48:20',49,'YN8 P5J',14),(1130,'2018-08-29 21:26:14','2018-08-30 12:20:48',378,'IHF-296',12),(1131,'2018-08-07 17:00:16','2018-08-07 21:46:14',167,'644K',62),(1132,'2018-12-22 21:12:23','2018-12-23 20:16:08',42,'63G 421',59),(1133,'2018-03-06 08:18:56','2018-03-07 00:28:03',303,'973 1322',45),(1134,'2018-10-31 18:36:15','2018-10-31 22:16:27',8,'LEL-3572',49),(1135,'2018-11-08 15:00:32','2018-11-09 12:40:40',472,'6698',44),(1136,'2018-05-27 01:05:04','2018-05-27 13:10:17',69,'31X VL1',9),(1137,'2018-01-28 17:46:11','2018-01-28 23:57:10',65,'252 LKC',64),(1138,'2018-08-26 11:50:45','2018-08-26 23:03:26',210,'LDT 720',78),(1139,'2018-08-11 08:14:34','2018-08-11 15:00:51',206,'0LL0774',67),(1140,'2018-11-01 03:48:43','2018-11-01 07:51:03',18,'6698',38),(1141,'2018-05-04 22:11:29','2018-05-05 13:36:57',139,'45W X49',64),(1142,'2018-12-08 01:24:25','2018-12-08 15:42:24',376,'9LX T41',43),(1143,'2018-10-29 20:53:21','2018-10-29 22:53:57',345,'4QT U99',67),(1144,'2018-11-01 10:46:37','2018-11-02 02:25:56',480,'RZD 208',2),(1145,'2018-09-08 01:48:40','2018-09-08 18:13:08',424,'7-U3496',26),(1146,'2018-03-19 10:05:43','2018-03-20 06:14:29',211,'9LX T41',39),(1147,'2018-03-14 14:09:34','2018-03-14 18:07:45',152,'KQZ 813',58),(1148,'2018-11-02 14:35:33','2018-11-02 17:35:20',334,'7-U3496',95),(1149,'2018-03-02 05:37:41','2018-03-02 22:10:58',316,'HCH 835',92),(1150,'2018-02-01 15:06:25','2018-02-02 11:44:50',328,'9LX T41',42),(1151,'2018-03-07 23:27:25','2018-03-08 09:38:00',331,'973 1322',17),(1152,'2018-05-18 13:33:36','2018-05-18 17:52:35',412,'0ZE1224',14),(1153,'2018-02-22 08:03:27','2018-02-22 09:25:15',57,'3DO 420',27),(1154,'2018-03-10 17:19:03','2018-03-11 05:36:20',414,'91V B44',20),(1155,'2018-06-04 01:57:14','2018-06-04 09:25:14',377,'993 DTR',86),(1156,'2018-06-18 04:07:01','2018-06-18 04:08:55',284,'973 1322',63),(1157,'2018-02-10 19:16:52','2018-02-11 10:01:09',86,'175 3398',43),(1158,'2018-02-25 12:24:13','2018-02-26 11:39:06',284,'477 NPK',46),(1159,'2018-07-19 22:23:21','2018-07-20 09:32:10',12,'24QZ031',30),(1160,'2018-07-13 19:06:53','2018-07-14 04:18:28',363,'HL 5495',84),(1161,'2018-09-23 14:32:00','2018-09-24 05:47:59',401,'9LX T41',92),(1162,'2018-04-13 12:13:39','2018-04-13 16:27:24',131,'KTJ 026',65),(1163,'2018-06-16 11:08:22','2018-06-17 04:58:27',129,'7-U3496',72),(1164,'2018-11-01 11:19:27','2018-11-02 09:58:38',27,'160 KOM',34),(1165,'2018-08-28 10:33:46','2018-08-28 16:20:16',255,'477 NPK',13),(1166,'2018-02-13 11:24:35','2018-02-14 06:43:07',362,'JQ2 R6R',69),(1167,'2018-04-02 11:27:12','2018-04-03 01:07:42',298,'NDN 884',38),(1168,'2018-02-22 14:27:42','2018-02-23 09:19:40',64,'KTJ 026',80),(1169,'2018-04-02 03:48:13','2018-04-02 15:21:38',500,'45W X49',72),(1170,'2018-03-04 07:41:43','2018-03-04 12:05:34',249,'RZD 208',84),(1171,'2018-07-16 02:02:16','2018-07-17 00:20:11',363,'7-U3496',86),(1172,'2018-12-19 07:44:09','2018-12-20 07:21:36',82,'993 DTR',80),(1173,'2018-07-06 18:23:27','2018-07-07 15:56:25',149,'6NZG011',12),(1174,'2018-01-31 01:02:47','2018-01-31 08:12:23',175,'0ZE1224',37),(1175,'2018-03-05 18:29:18','2018-03-05 22:18:08',445,'175 3398',88),(1176,'2018-12-23 14:25:25','2018-12-23 17:26:34',230,'FXA-9799',48),(1177,'2018-10-12 00:04:26','2018-10-12 01:40:30',312,'31X VL1',64),(1178,'2018-09-16 13:25:04','2018-09-17 01:46:05',442,'823S',48),(1179,'2018-05-19 22:50:55','2018-05-20 18:41:07',405,'177 YBQ',18),(1180,'2018-06-03 06:35:35','2018-06-03 08:36:00',345,'177 YBQ',74),(1181,'2018-04-13 21:50:54','2018-04-14 01:56:25',304,'075 FFB',36),(1182,'2018-10-10 10:20:13','2018-10-10 14:47:01',486,'FBD-8300',84),(1183,'2018-01-30 19:12:33','2018-01-31 05:20:11',439,'FBD-8300',52),(1184,'2018-01-18 12:59:09','2018-01-18 15:17:12',404,'6698',85),(1185,'2018-05-31 07:36:54','2018-06-01 06:03:31',480,'993 DTR',2),(1186,'2018-02-17 10:29:14','2018-02-18 06:10:00',351,'HL 5495',38),(1187,'2018-04-10 01:52:12','2018-04-10 04:39:38',88,'JQ2 R6R',4),(1188,'2018-10-01 15:31:09','2018-10-01 20:42:47',97,'FBD-8300',29),(1189,'2018-09-15 04:43:44','2018-09-15 07:58:46',214,'31X VL1',36),(1190,'2018-05-02 19:07:06','2018-05-03 03:06:54',491,'XAB-6911',45),(1191,'2018-11-21 23:23:56','2018-11-22 21:09:31',228,'029 GAV',94),(1192,'2018-11-25 12:28:19','2018-11-26 03:24:42',239,'6NZG011',87),(1193,'2018-04-07 11:12:20','2018-04-07 12:53:32',154,'70-08440',3),(1194,'2018-01-24 20:04:28','2018-01-25 05:11:29',341,'KXB 559',27),(1195,'2018-06-09 05:18:14','2018-06-09 19:36:30',250,'233752',47),(1196,'2018-01-23 23:10:48','2018-01-24 09:21:35',490,'31X VL1',88),(1197,'2018-08-24 04:10:46','2018-08-24 23:12:38',10,'029 GAV',55),(1198,'2018-09-03 07:27:45','2018-09-03 13:42:59',276,'385-BHZA',68),(1199,'2018-05-21 21:49:01','2018-05-22 20:29:55',266,'10M H33',51),(1200,'2018-10-02 14:34:57','2018-10-03 13:40:28',326,'63G 421',42),(1201,'2018-04-06 00:50:27','2018-04-07 00:02:21',224,'LDT 720',12),(1202,'2018-11-07 19:50:23','2018-11-08 09:05:13',476,'075 FFB',66),(1203,'2018-03-27 13:27:03','2018-03-27 23:09:57',376,'177 YBQ',72),(1204,'2018-05-18 04:37:58','2018-05-18 23:48:04',441,'NDN 884',19),(1205,'2018-03-31 21:10:08','2018-04-01 17:11:28',381,'823S',43),(1206,'2018-06-08 12:31:07','2018-06-08 15:17:58',79,'6NZG011',92),(1207,'2018-05-13 11:15:42','2018-05-13 21:16:01',69,'RPD-8334',93),(1208,'2018-08-27 08:35:57','2018-08-28 06:20:07',48,'XAB-6911',59),(1209,'2018-08-19 14:03:59','2018-08-19 22:27:02',78,'0J DR847',92),(1210,'2018-04-30 13:22:50','2018-05-01 13:04:28',493,'973 1322',3),(1211,'2018-12-06 15:14:19','2018-12-06 16:34:58',123,'4-44016Q',13),(1213,'2018-10-01 17:18:25','2018-10-02 12:41:13',380,'76-O317',46),(1214,'2018-04-26 17:02:00','2018-04-27 14:36:35',211,'30C 9038',55),(1215,'2018-06-30 03:09:16','2018-06-30 19:20:31',112,'JQ2 R6R',71),(1216,'2018-08-28 15:35:58','2018-08-29 14:10:39',351,'RPD-8334',72),(1217,'2018-08-13 21:22:30','2018-08-14 20:29:49',278,'HL 5495',77),(1218,'2018-08-16 03:51:17','2018-08-16 19:38:53',438,'RPD-8334',5),(1219,'2018-04-24 09:20:09','2018-04-25 04:05:26',11,'30C 9038',11),(1220,'2018-11-20 02:42:19','2018-11-20 19:11:50',401,'3-6608Z',100),(1221,'2018-06-17 00:24:40','2018-06-17 13:47:18',446,'029 GAV',23),(1222,'2018-06-08 21:23:33','2018-06-09 11:46:56',272,'RZD 208',71),(1223,'2018-03-08 10:55:51','2018-03-08 11:09:09',260,'63G 421',80),(1224,'2018-07-19 05:14:27','2018-07-19 22:04:07',177,'074D9',81),(1225,'2018-04-25 03:44:46','2018-04-25 18:11:29',458,'YN8 P5J',97),(1226,'2018-02-04 19:05:55','2018-02-05 10:38:36',5,'0J DR847',40),(1227,'2018-02-14 08:54:14','2018-02-14 11:51:41',288,'0J DR847',24),(1228,'2018-12-17 04:08:40','2018-12-17 16:23:03',299,'10M H33',33),(1229,'2018-07-09 08:29:24','2018-07-09 23:48:23',298,'KXB 559',51),(1230,'2018-09-22 10:05:21','2018-09-23 06:55:31',414,'XAB-6911',2),(1231,'2018-02-21 01:34:46','2018-02-21 21:43:57',38,'NDN 884',22),(1232,'2018-06-29 20:45:10','2018-06-29 21:28:58',246,'KTJ 026',85),(1233,'2018-02-07 13:20:21','2018-02-08 09:54:49',33,'YN8 P5J',95),(1234,'2018-06-15 19:04:20','2018-06-15 20:27:43',475,'029 GAV',66),(1235,'2018-08-13 05:23:09','2018-08-13 07:08:51',76,'6NZG011',13),(1236,'2018-12-04 20:46:26','2018-12-04 21:07:55',270,'9LX T41',54),(1237,'2018-11-28 01:02:10','2018-11-28 16:37:51',126,'SC 1779',41),(1238,'2018-05-23 00:22:11','2018-05-23 06:22:51',205,'G 445079',36),(1239,'2018-08-05 02:43:53','2018-08-05 04:41:10',183,'IHF-296',2),(1240,'2018-01-15 13:17:12','2018-01-16 09:23:59',207,'0LL0774',81),(1241,'2018-03-14 13:26:31','2018-03-14 17:44:32',49,'233752',86),(1242,'2018-04-19 20:37:40','2018-04-20 12:47:22',398,'075 FFB',37),(1243,'2018-07-20 19:38:07','2018-07-21 18:52:07',469,'31X VL1',33),(1244,'2018-10-28 09:58:24','2018-10-29 06:48:39',47,'63G 421',36),(1245,'2018-10-02 09:40:48','2018-10-02 11:44:28',459,'YN8 P5J',74),(1246,'2018-10-01 12:45:45','2018-10-01 23:55:56',297,'6NZG011',59),(1247,'2018-03-22 11:26:58','2018-03-23 10:36:16',167,'NMQ 372',68),(1248,'2018-01-02 03:16:59','2018-01-02 04:35:03',450,'0J DR847',1),(1249,'2018-08-10 09:12:57','2018-08-10 16:19:21',488,'7-U3496',37),(1250,'2018-02-05 19:26:58','2018-02-06 16:07:52',406,'9LX T41',86),(1251,'2018-12-14 13:59:11','2018-12-15 01:32:47',330,'G 445079',30),(1252,'2018-04-15 09:57:33','2018-04-15 13:19:17',46,'30C 9038',89),(1253,'2018-02-27 03:30:18','2018-02-27 06:10:41',106,'76-O317',81),(1254,'2018-12-06 04:39:03','2018-12-06 05:16:15',257,'RZD 208',54),(1255,'2018-02-10 18:51:56','2018-02-11 15:32:19',411,'0ZE1224',21),(1256,'2018-05-25 23:48:58','2018-05-26 08:41:28',246,'6NZG011',23),(1257,'2018-12-10 11:43:38','2018-12-11 02:08:30',156,'24QZ031',56),(1258,'2018-12-28 08:15:43','2018-12-28 20:34:24',425,'KTJ 026',36),(1259,'2018-10-20 17:59:29','2018-10-21 06:21:33',490,'FBD-8300',57),(1260,'2018-01-05 06:44:38','2018-01-05 23:55:12',302,'9LX T41',73),(1261,'2018-05-12 14:49:58','2018-05-13 05:12:11',142,'NDN 884',52),(1262,'2018-01-08 22:57:38','2018-01-09 10:55:10',48,'075 FFB',12),(1263,'2018-11-18 04:53:53','2018-11-18 23:47:13',301,'HCH 835',63),(1264,'2018-11-08 22:21:06','2018-11-09 14:17:37',96,'7-U3496',56),(1265,'2018-01-11 03:13:35','2018-01-11 04:49:48',456,'935Z6',75),(1266,'2018-04-21 09:26:04','2018-04-21 14:21:05',291,'6698',23),(1267,'2018-08-14 02:04:43','2018-08-14 22:34:03',467,'NMQ 372',39),(1268,'2018-05-27 08:33:12','2018-05-27 16:41:24',396,'24QZ031',19),(1269,'2018-06-23 05:06:18','2018-06-23 06:05:00',274,'RPD-8334',5),(1270,'2018-11-19 06:51:02','2018-11-19 12:20:47',143,'NDN 884',57),(1271,'2018-05-09 17:13:56','2018-05-09 21:35:24',133,'8JTU778',71),(1272,'2018-11-17 18:24:25','2018-11-18 04:44:26',370,'160 KOM',25),(1273,'2018-10-31 03:51:28','2018-10-31 23:06:37',217,'NDN 884',13),(1274,'2018-03-01 01:38:39','2018-03-01 21:30:44',189,'029 GAV',46),(1275,'2018-07-17 00:47:55','2018-07-17 21:24:59',144,'8JTU778',60),(1276,'2018-07-17 22:52:44','2018-07-18 09:45:17',447,'6698',66),(1277,'2018-12-31 11:10:20','2018-12-31 21:39:40',309,'RPD-8334',93),(1278,'2018-05-15 10:22:16','2018-05-15 23:55:01',268,'JQ2 R6R',43),(1279,'2018-08-18 06:00:20','2018-08-19 02:29:53',156,'FBD-8300',73),(1280,'2018-07-29 16:38:52','2018-07-29 18:37:53',450,'IHF-296',94),(1281,'2018-02-03 01:59:12','2018-02-03 10:02:59',468,'SEQ-9042',49),(1282,'2018-07-07 09:14:47','2018-07-07 18:23:44',343,'4-44016Q',4),(1283,'2018-01-30 22:06:18','2018-01-31 13:02:35',315,'RZD 208',39),(1284,'2018-12-26 05:10:52','2018-12-26 23:22:48',43,'RZD 208',3),(1285,'2018-02-21 13:51:36','2018-02-21 21:23:35',50,'HCH 835',99),(1286,'2018-12-09 00:47:08','2018-12-09 13:02:44',195,'91V B44',83),(1287,'2018-09-27 05:51:58','2018-09-27 22:48:15',255,'24QZ031',76),(1288,'2018-06-10 06:08:31','2018-06-11 03:12:53',352,'0ZE1224',87),(1289,'2018-10-09 14:15:42','2018-10-09 16:41:57',163,'31X VL1',39),(1290,'2018-08-07 18:19:23','2018-08-08 11:51:08',179,'10M H33',71),(1291,'2018-08-06 06:00:43','2018-08-06 09:03:12',43,'30C 9038',81),(1292,'2018-02-02 05:19:30','2018-02-02 13:59:55',435,'KXB 559',76),(1293,'2018-09-17 10:50:36','2018-09-17 11:12:03',308,'KTJ 026',85),(1294,'2018-10-16 03:24:32','2018-10-16 23:37:35',487,'644K',67),(1295,'2018-09-22 03:23:38','2018-09-22 13:24:37',223,'45W X49',85),(1296,'2018-02-09 12:04:11','2018-02-10 07:46:58',244,'993 DTR',26),(1297,'2018-03-02 18:46:10','2018-03-02 23:39:18',100,'YN8 P5J',52),(1298,'2018-08-12 03:32:50','2018-08-12 14:07:11',205,'KXB 559',76),(1299,'2018-03-06 02:37:18','2018-03-06 23:07:01',489,'NDN 884',25),(1300,'2018-10-27 14:09:17','2018-10-28 01:49:27',212,'10M H33',59),(1301,'2018-03-05 17:01:09','2018-03-06 04:57:01',83,'6NZG011',36),(1302,'2018-10-20 07:24:58','2018-10-20 15:14:01',61,'091 WTK',97),(1303,'2018-03-28 22:38:42','2018-03-29 11:51:42',24,'24QZ031',1),(1304,'2018-04-19 11:04:54','2018-04-20 03:23:36',108,'RZD 208',53),(1305,'2018-12-04 15:39:16','2018-12-05 05:48:52',132,'0ZE1224',14),(1306,'2018-05-04 21:00:57','2018-05-05 11:09:53',499,'935Z6',68),(1307,'2018-12-20 20:42:49','2018-12-21 13:27:43',314,'075 FFB',92),(1308,'2018-11-22 23:50:21','2018-11-23 22:04:54',483,'NMQ 372',81),(1309,'2018-01-05 02:06:34','2018-01-05 07:43:50',35,'NMQ 372',25),(1310,'2018-05-14 11:03:12','2018-05-14 11:16:36',250,'935Z6',35),(1311,'2018-09-08 03:40:51','2018-09-08 23:43:06',427,'3DO 420',69),(1312,'2018-07-08 06:10:30','2018-07-08 11:04:45',252,'70-08440',99),(1313,'2018-03-10 21:57:08','2018-03-11 00:03:32',176,'NDN 884',1),(1314,'2018-01-09 13:44:59','2018-01-09 18:41:27',352,'63G 421',46),(1315,'2018-03-31 01:51:07','2018-03-31 18:25:43',76,'FBD-8300',25),(1316,'2018-01-29 08:32:53','2018-01-29 18:57:43',464,'0ZE1224',16),(1317,'2018-06-07 20:04:59','2018-06-08 01:44:32',210,'78-65590',39),(1318,'2018-06-24 09:59:11','2018-06-24 11:28:53',406,'30C 9038',88),(1319,'2018-07-01 14:25:28','2018-07-02 02:32:10',302,'0ZE1224',80),(1320,'2018-02-12 11:08:23','2018-02-12 17:43:23',67,'NDN 884',41),(1321,'2018-10-23 08:09:28','2018-10-24 04:53:57',125,'NMQ 372',80),(1322,'2018-12-19 22:31:28','2018-12-20 00:22:33',361,'KTJ 026',23),(1323,'2018-06-29 02:45:30','2018-06-29 23:00:50',111,'973 1322',94),(1324,'2018-03-27 16:12:22','2018-03-28 05:47:22',447,'7-U3496',72),(1325,'2018-08-23 21:13:14','2018-08-24 04:55:38',498,'IHF-296',59),(1326,'2018-04-15 21:54:53','2018-04-16 03:28:19',458,'RPD-8334',46),(1327,'2018-10-30 10:36:28','2018-10-31 06:09:50',138,'0J DR847',91),(1328,'2018-10-27 01:22:55','2018-10-27 17:34:14',301,'KXB 559',17),(1329,'2018-04-21 00:45:31','2018-04-21 12:34:47',34,'FXA-9799',11),(1330,'2018-10-19 01:43:43','2018-10-19 06:55:08',387,'HL 5495',23),(1331,'2018-04-26 23:35:22','2018-04-27 10:52:18',361,'4-44016Q',46),(1332,'2018-05-01 02:12:31','2018-05-01 09:34:19',3,'823S',51),(1333,'2018-11-18 19:08:15','2018-11-19 03:35:36',90,'76-O317',62),(1334,'2018-11-25 13:49:20','2018-11-26 11:17:28',80,'935Z6',75),(1335,'2018-03-26 19:33:46','2018-03-27 08:26:49',340,'IHF-296',41),(1336,'2018-06-12 15:21:46','2018-06-13 03:47:39',341,'SEQ-9042',100),(1337,'2018-12-29 17:37:40','2018-12-30 14:07:44',322,'9LX T41',76),(1338,'2018-11-08 17:00:47','2018-11-09 02:10:01',88,'YN8 P5J',9),(1339,'2018-02-01 06:02:17','2018-02-01 09:29:20',220,'8JTU778',39),(1340,'2018-05-17 23:53:07','2018-05-18 16:38:33',443,'78-65590',54),(1341,'2018-05-31 18:12:10','2018-06-01 12:38:44',93,'252 LKC',80),(1342,'2018-10-13 01:10:17','2018-10-13 17:32:17',428,'3-6608Z',79),(1343,'2018-02-25 07:46:00','2018-02-25 09:17:41',242,'SC 1779',42),(1344,'2018-04-08 05:12:09','2018-04-08 23:43:21',464,'6NZG011',68),(1345,'2018-11-09 14:38:05','2018-11-09 16:39:42',350,'4QT U99',60),(1346,'2018-01-24 04:23:53','2018-01-24 17:34:15',399,'24QZ031',90),(1347,'2018-09-03 20:16:49','2018-09-03 22:28:45',212,'3DO 420',24),(1348,'2018-09-22 10:31:02','2018-09-22 11:06:47',226,'G 445079',97),(1349,'2018-12-26 06:24:07','2018-12-27 03:38:14',284,'074D9',84),(1350,'2018-01-16 00:01:51','2018-01-16 09:22:41',159,'0ZE1224',94),(1351,'2018-06-12 06:08:09','2018-06-12 12:30:00',272,'91V B44',1),(1352,'2018-09-18 13:23:21','2018-09-18 15:14:18',285,'KXB 559',80),(1353,'2018-10-25 05:23:03','2018-10-25 20:48:11',101,'477 NPK',93),(1354,'2018-11-22 16:45:49','2018-11-23 07:45:35',497,'78-65590',72),(1355,'2018-04-01 19:13:17','2018-04-02 15:48:31',281,'091 WTK',62),(1356,'2018-01-05 15:02:55','2018-01-06 14:36:21',280,'SC 1779',71),(1357,'2018-09-08 02:46:51','2018-09-08 08:35:18',87,'9LX T41',43),(1358,'2018-07-30 06:57:59','2018-07-30 11:00:25',48,'233752',39),(1359,'2018-09-15 13:21:23','2018-09-15 17:09:57',115,'LEL-3572',42),(1360,'2018-04-14 06:54:34','2018-04-15 01:14:45',53,'823S',60),(1361,'2018-03-29 22:19:47','2018-03-30 02:51:42',92,'935Z6',14),(1362,'2018-10-04 05:08:57','2018-10-04 22:07:13',45,'RPD-8334',97),(1363,'2018-04-23 22:27:10','2018-04-24 16:31:07',58,'HCH 835',60),(1364,'2018-12-18 13:19:14','2018-12-19 00:25:46',57,'91V B44',27),(1365,'2018-01-06 11:24:01','2018-01-06 12:56:31',91,'385-BHZA',85),(1366,'2018-10-22 11:11:53','2018-10-22 20:42:34',96,'091 WTK',77),(1367,'2018-12-24 20:38:29','2018-12-25 13:52:56',5,'SC 1779',3),(1368,'2018-06-24 20:00:50','2018-06-25 16:39:06',381,'823S',63),(1369,'2018-05-28 11:38:24','2018-05-28 18:38:15',354,'WS 7027',43),(1370,'2018-08-13 06:51:35','2018-08-14 02:06:18',409,'VPT-2591',47),(1371,'2018-07-27 10:59:35','2018-07-27 11:21:06',251,'075 FFB',82),(1372,'2018-08-18 22:35:48','2018-08-19 06:57:56',468,'YN8 P5J',34),(1373,'2018-02-07 10:41:05','2018-02-07 19:52:00',164,'3-6608Z',22),(1374,'2018-02-16 17:56:01','2018-02-17 01:52:07',30,'RPD-8334',79),(1375,'2018-01-12 13:12:18','2018-01-12 16:24:39',408,'RPD-8334',41),(1376,'2018-11-06 22:14:25','2018-11-07 13:15:06',73,'RZD 208',88),(1377,'2018-08-18 11:03:16','2018-08-19 02:17:57',175,'0ZE1224',44),(1378,'2018-03-10 21:50:35','2018-03-10 22:29:56',434,'644K',98),(1379,'2018-03-11 23:08:44','2018-03-12 22:30:06',230,'45W X49',22),(1380,'2018-04-24 03:14:42','2018-04-24 08:28:21',143,'823S',62),(1381,'2018-11-21 00:28:43','2018-11-21 17:31:10',143,'JQ2 R6R',88),(1382,'2018-03-28 21:16:47','2018-03-29 08:21:02',88,'KXB 559',23),(1383,'2018-12-26 05:43:31','2018-12-27 02:19:50',197,'KQZ 813',51),(1384,'2018-09-16 19:11:06','2018-09-17 08:23:58',162,'3DO 420',37),(1385,'2018-12-26 01:51:59','2018-12-27 01:05:28',28,'SC 1779',56),(1386,'2018-02-21 21:39:51','2018-02-22 13:56:11',118,'NMQ 372',34),(1387,'2018-09-14 23:25:17','2018-09-15 06:04:56',286,'RZD 208',82),(1388,'2018-01-09 08:14:37','2018-01-09 20:44:36',428,'G 445079',49),(1389,'2018-08-30 07:45:20','2018-08-31 05:48:09',286,'0J DR847',83),(1390,'2018-12-09 14:45:03','2018-12-10 08:57:54',278,'477 NPK',87),(1391,'2018-02-10 12:01:52','2018-02-11 04:44:05',480,'160 KOM',57),(1392,'2018-10-28 08:09:50','2018-10-28 12:40:40',254,'0J DR847',82),(1393,'2018-09-09 12:22:58','2018-09-09 17:00:22',11,'823S',100),(1394,'2018-04-02 15:21:04','2018-04-03 08:43:51',491,'RPD-8334',85),(1395,'2018-11-15 06:57:29','2018-11-15 20:18:23',317,'075 FFB',76),(1396,'2018-04-25 12:44:54','2018-04-25 17:26:16',248,'252 LKC',41),(1397,'2018-05-26 09:07:10','2018-05-27 04:36:08',8,'YN8 P5J',86),(1398,'2018-11-18 16:57:45','2018-11-19 05:02:30',417,'KXB 559',23),(1399,'2018-03-05 11:39:07','2018-03-06 07:16:02',437,'075 FFB',57),(1400,'2018-07-12 03:11:19','2018-07-12 11:31:22',463,'6698',100),(1401,'2018-12-13 03:20:09','2018-12-14 02:05:08',128,'3DO 420',53),(1402,'2018-02-20 13:20:31','2018-02-21 13:13:03',404,'973 1322',54),(1403,'2018-08-02 09:08:13','2018-08-02 20:35:09',331,'074D9',81),(1404,'2018-04-09 18:28:24','2018-04-10 15:28:56',345,'252 LKC',13),(1405,'2018-05-20 12:42:01','2018-05-21 09:57:57',14,'63G 421',81),(1406,'2018-03-11 01:34:41','2018-03-11 02:44:46',71,'XAB-6911',87),(1407,'2018-04-30 15:23:08','2018-05-01 10:07:37',128,'233752',14),(1408,'2018-06-18 20:20:41','2018-06-19 17:32:51',451,'7-U3496',32),(1409,'2018-12-11 03:35:23','2018-12-11 06:43:54',166,'91V B44',29),(1410,'2018-12-29 05:33:37','2018-12-29 09:11:16',114,'SC 1779',68),(1411,'2018-04-11 15:03:10','2018-04-11 21:26:07',43,'973 1322',46),(1412,'2018-07-21 20:12:30','2018-07-22 00:42:57',244,'973 1322',75),(1413,'2018-07-07 10:59:02','2018-07-08 04:33:32',301,'091 WTK',47),(1414,'2018-04-28 12:02:39','2018-04-28 13:11:04',366,'0J DR847',19),(1415,'2018-07-20 18:00:26','2018-07-21 02:10:58',134,'091 WTK',73),(1416,'2018-06-23 13:24:24','2018-06-23 16:44:12',209,'6NZG011',34),(1417,'2018-09-03 22:16:55','2018-09-04 20:58:29',90,'9LX T41',71),(1418,'2018-10-10 14:06:58','2018-10-11 09:32:40',443,'SC 1779',47),(1419,'2018-10-28 15:29:33','2018-10-28 19:27:51',57,'LEL-3572',50),(1420,'2018-12-01 12:36:09','2018-12-02 04:49:06',298,'G 445079',71),(1421,'2018-01-08 20:52:44','2018-01-09 20:08:54',320,'074D9',44),(1422,'2018-02-13 10:43:46','2018-02-14 00:45:23',428,'IHF-296',76),(1423,'2018-04-14 13:31:37','2018-04-14 22:34:46',128,'7-U3496',32),(1424,'2018-12-29 16:58:36','2018-12-29 22:38:21',120,'644K',62),(1425,'2018-05-21 02:47:59','2018-05-21 10:47:24',29,'FBD-8300',36),(1426,'2018-07-20 06:35:12','2018-07-20 10:02:17',270,'3-6608Z',32),(1427,'2018-03-17 21:06:27','2018-03-18 15:46:36',316,'0ZE1224',60),(1428,'2018-04-25 04:33:25','2018-04-25 06:29:55',117,'4QT U99',63),(1429,'2018-11-10 22:17:36','2018-11-11 17:58:43',230,'VPT-2591',47),(1430,'2018-11-23 22:15:04','2018-11-24 00:26:20',347,'4-44016Q',100),(1431,'2018-05-08 15:12:46','2018-05-08 16:28:10',131,'KXB 559',53),(1432,'2018-05-04 05:54:32','2018-05-04 11:33:56',464,'993 DTR',80),(1433,'2018-02-24 12:59:50','2018-02-24 18:32:31',309,'76-O317',94),(1434,'2018-03-22 16:59:04','2018-03-23 02:14:57',282,'HL 5495',99),(1435,'2018-02-24 08:46:04','2018-02-24 14:50:03',61,'029 GAV',31),(1436,'2018-06-17 00:22:18','2018-06-17 18:22:39',134,'233752',49),(1437,'2018-03-24 06:50:27','2018-03-25 03:01:32',28,'FXA-9799',45),(1438,'2018-12-02 09:29:43','2018-12-03 09:10:51',467,'160 KOM',16),(1439,'2018-08-30 18:24:53','2018-08-31 05:11:17',356,'KXB 559',93),(1440,'2018-11-24 21:55:31','2018-11-25 19:53:29',376,'SEQ-9042',58),(1441,'2018-03-17 12:44:40','2018-03-17 18:06:58',67,'175 3398',32),(1442,'2018-09-16 14:28:18','2018-09-17 07:12:29',256,'935Z6',54),(1443,'2018-03-29 04:16:17','2018-03-29 23:19:15',86,'NMQ 372',9),(1444,'2018-03-23 18:29:36','2018-03-24 03:35:09',121,'91V B44',62),(1445,'2018-03-13 05:53:12','2018-03-13 06:31:43',95,'9LX T41',72),(1446,'2018-04-03 11:28:26','2018-04-03 12:17:38',445,'6NZG011',78),(1447,'2018-05-27 07:07:32','2018-05-28 00:42:02',212,'KQZ 813',91),(1448,'2018-05-12 01:31:54','2018-05-12 03:06:59',438,'477 NPK',91),(1449,'2018-09-06 04:40:56','2018-09-06 10:18:51',110,'JQ2 R6R',67),(1450,'2018-07-20 03:01:00','2018-07-21 01:16:19',460,'70-08440',73),(1451,'2018-09-27 00:52:19','2018-09-27 03:13:07',72,'175 3398',3),(1452,'2018-07-28 22:30:41','2018-07-29 05:52:55',433,'VPT-2591',40),(1453,'2018-04-22 04:48:37','2018-04-22 18:09:39',98,'24QZ031',62),(1454,'2018-04-06 02:34:06','2018-04-06 12:30:33',274,'233752',38),(1455,'2018-12-19 23:09:59','2018-12-20 04:12:32',225,'385-BHZA',80),(1456,'2018-08-11 17:04:06','2018-08-12 04:27:26',243,'4-44016Q',61),(1457,'2018-04-26 23:20:58','2018-04-27 12:38:40',373,'NMQ 372',19),(1458,'2018-05-02 18:00:39','2018-05-03 17:28:48',131,'091 WTK',30),(1459,'2018-01-06 18:55:37','2018-01-07 08:26:21',448,'935Z6',86),(1460,'2018-04-06 05:21:16','2018-04-07 03:48:55',443,'HL 5495',40),(1461,'2018-01-06 06:07:35','2018-01-06 23:34:50',3,'XAB-6911',50),(1462,'2018-11-01 03:56:37','2018-11-01 17:16:36',414,'HCH 835',8),(1463,'2018-08-06 16:48:16','2018-08-07 01:29:53',48,'45W X49',62),(1464,'2018-02-27 12:39:43','2018-02-28 11:54:43',177,'160 KOM',58),(1465,'2018-02-19 16:02:28','2018-02-19 22:36:40',104,'177 YBQ',94),(1466,'2018-02-25 06:02:46','2018-02-26 03:54:02',251,'074D9',19),(1467,'2018-12-12 21:55:09','2018-12-13 07:44:17',13,'76-O317',86),(1469,'2018-07-08 23:29:17','2018-07-09 02:51:06',500,'KXB 559',70),(1470,'2018-10-25 15:24:32','2018-10-26 01:51:13',136,'KTJ 026',70),(1471,'2018-03-25 19:22:39','2018-03-26 02:53:08',297,'074D9',28),(1472,'2018-08-13 00:54:00','2018-08-13 11:22:29',333,'G 445079',94),(1473,'2018-10-23 04:18:56','2018-10-23 21:03:01',276,'KTJ 026',69),(1474,'2018-10-31 11:00:32','2018-10-31 20:32:00',184,'823S',29),(1475,'2018-06-21 11:19:23','2018-06-22 00:56:04',295,'XAB-6911',21),(1476,'2018-09-16 03:41:47','2018-09-16 17:22:57',443,'KXB 559',65),(1477,'2018-10-17 05:56:34','2018-10-18 04:44:08',410,'823S',2),(1478,'2018-01-29 02:54:36','2018-01-29 07:11:59',41,'074D9',57),(1479,'2018-10-23 18:29:47','2018-10-23 19:24:42',72,'FBD-8300',44),(1480,'2018-03-25 21:10:03','2018-03-26 10:53:26',271,'LEL-3572',5),(1481,'2018-08-04 23:36:38','2018-08-05 15:10:06',382,'074D9',89),(1482,'2018-10-09 14:32:23','2018-10-09 23:19:10',137,'76-O317',60),(1483,'2018-07-03 17:07:26','2018-07-04 03:02:14',6,'VPT-2591',68),(1484,'2018-07-23 22:15:02','2018-07-24 09:14:04',110,'10M H33',51),(1485,'2018-03-23 11:10:13','2018-03-23 18:22:07',476,'70-08440',70),(1486,'2018-12-19 02:01:04','2018-12-19 03:05:42',174,'31X VL1',16),(1487,'2018-11-29 11:59:52','2018-11-29 15:21:24',394,'233752',17),(1488,'2018-12-18 23:53:37','2018-12-19 08:33:51',299,'LEL-3572',3),(1489,'2018-09-01 01:31:35','2018-09-01 05:15:40',442,'3-6608Z',63),(1490,'2018-02-05 02:10:58','2018-02-05 19:17:52',392,'XAB-6911',95),(1491,'2018-06-08 14:28:36','2018-06-09 02:52:24',125,'NMQ 372',2),(1492,'2018-12-05 23:15:49','2018-12-06 03:24:51',91,'24QZ031',34),(1493,'2018-10-31 04:46:47','2018-10-31 09:47:48',50,'8JTU778',46),(1494,'2018-11-30 15:52:47','2018-12-01 11:30:13',274,'YN8 P5J',26),(1495,'2018-03-28 23:29:14','2018-03-28 23:50:51',168,'6698',27),(1496,'2018-03-28 03:20:40','2018-03-28 17:33:17',134,'NMQ 372',79),(1497,'2018-01-28 17:32:21','2018-01-29 08:03:35',32,'KXB 559',75),(1498,'2018-12-06 02:17:31','2018-12-07 02:00:16',177,'252 LKC',84),(1499,'2018-12-30 01:17:58','2018-12-30 04:04:47',53,'935Z6',62),(1500,'2018-02-18 02:36:44','2018-02-18 17:35:27',135,'823S',66),(1501,'2018-10-28 22:18:28','2018-10-29 12:46:25',472,'385-BHZA',96),(1502,'2018-11-18 16:02:06','2018-11-18 18:46:46',285,'175 3398',30),(1503,'2018-04-01 05:09:22','2018-04-01 20:55:33',139,'0J DR847',35),(1504,'2018-07-01 20:41:54','2018-07-02 03:32:14',10,'3-6608Z',42),(1505,'2018-04-11 12:58:19','2018-04-11 15:12:24',106,'SC 1779',43),(1506,'2018-02-17 22:03:55','2018-02-18 15:41:26',276,'KTJ 026',9),(1507,'2018-11-18 03:28:56','2018-11-18 09:34:40',332,'LDT 720',65),(1508,'2018-09-11 00:43:02','2018-09-11 17:36:58',188,'VPT-2591',71),(1509,'2018-02-26 12:50:13','2018-02-27 09:02:41',229,'HL 5495',59),(1510,'2018-09-08 11:08:20','2018-09-09 10:46:39',80,'SEQ-9042',98),(1511,'2018-11-16 22:16:55','2018-11-16 22:35:38',375,'78-65590',56),(1512,'2018-08-28 13:55:19','2018-08-29 03:18:58',88,'973 1322',15),(1513,'2018-01-24 20:31:31','2018-01-25 10:41:37',57,'63G 421',81),(1514,'2018-09-28 14:58:58','2018-09-29 11:25:54',276,'XAB-6911',94),(1515,'2018-08-30 01:52:52','2018-08-30 16:22:59',173,'6698',26),(1516,'2018-07-19 16:19:12','2018-07-20 01:58:22',68,'RZD 208',15),(1517,'2018-08-08 07:03:41','2018-08-09 02:42:17',71,'175 3398',37),(1518,'2018-10-05 01:28:11','2018-10-05 03:55:16',74,'45W X49',43),(1519,'2018-03-20 07:10:57','2018-03-21 06:53:56',166,'075 FFB',100),(1520,'2018-02-08 09:58:18','2018-02-08 15:20:40',164,'FXA-9799',95),(1521,'2018-12-03 23:02:40','2018-12-04 21:29:13',160,'30C 9038',33),(1522,'2018-05-08 12:19:04','2018-05-08 14:20:52',215,'6NZG011',49),(1523,'2018-08-30 00:53:59','2018-08-30 13:29:42',37,'RZD 208',77),(1524,'2018-06-18 18:19:14','2018-06-19 02:50:00',258,'10M H33',64),(1525,'2018-01-06 18:23:39','2018-01-07 10:53:41',4,'0ZE1224',38),(1526,'2018-03-05 00:55:24','2018-03-05 07:50:38',102,'935Z6',78),(1527,'2018-05-24 10:51:11','2018-05-24 16:30:32',399,'XAB-6911',90),(1528,'2018-10-10 10:42:54','2018-10-10 20:37:08',482,'IHF-296',71),(1529,'2018-07-31 12:43:42','2018-08-01 02:26:25',32,'6NZG011',97),(1530,'2018-02-01 22:08:05','2018-02-02 12:53:22',291,'XAB-6911',88),(1531,'2018-02-23 19:20:38','2018-02-24 15:29:19',282,'HL 5495',29),(1532,'2018-10-29 17:48:12','2018-10-30 10:38:47',133,'175 3398',30),(1533,'2018-11-30 16:30:46','2018-12-01 04:15:56',286,'177 YBQ',68),(1534,'2018-11-08 20:09:13','2018-11-09 10:04:52',347,'9LX T41',8),(1535,'2018-03-01 10:05:18','2018-03-01 19:13:27',240,'YN8 P5J',2),(1536,'2018-12-25 13:10:51','2018-12-26 07:41:20',112,'HCH 835',87),(1537,'2018-11-20 02:29:22','2018-11-20 23:53:39',172,'78-65590',62),(1538,'2018-09-05 19:12:19','2018-09-06 08:57:12',124,'3-6608Z',38),(1539,'2018-06-02 16:38:02','2018-06-03 12:01:48',110,'FXA-9799',62),(1540,'2018-12-20 19:22:31','2018-12-21 12:58:11',208,'76-O317',91),(1541,'2018-06-22 03:29:18','2018-06-22 21:02:42',421,'SEQ-9042',92),(1542,'2018-05-19 22:58:38','2018-05-19 23:57:59',225,'644K',71),(1543,'2018-03-02 23:22:38','2018-03-03 19:10:07',493,'6NZG011',56),(1544,'2018-04-03 13:48:41','2018-04-03 15:11:04',333,'7-U3496',93),(1545,'2018-05-04 01:05:31','2018-05-04 05:31:30',457,'0ZE1224',49),(1546,'2018-07-01 14:25:42','2018-07-01 18:51:49',83,'RZD 208',5),(1547,'2018-03-19 22:35:26','2018-03-20 08:31:17',325,'78-65590',42),(1548,'2018-12-18 10:55:37','2018-12-19 05:07:31',249,'8JTU778',22),(1549,'2018-05-05 22:08:05','2018-05-06 12:02:14',258,'KXB 559',33),(1550,'2018-09-23 19:02:46','2018-09-24 10:42:45',170,'3DO 420',26),(1551,'2018-01-16 03:08:40','2018-01-16 23:21:43',465,'993 DTR',33),(1552,'2018-01-02 03:43:21','2018-01-02 22:39:02',460,'70-08440',100),(1553,'2018-12-14 00:01:46','2018-12-14 10:39:55',413,'LDT 720',48),(1554,'2018-03-05 03:21:58','2018-03-05 20:46:35',75,'KQZ 813',68),(1555,'2018-05-09 11:15:59','2018-05-09 19:50:05',366,'160 KOM',20),(1556,'2018-06-11 00:06:57','2018-06-11 05:16:32',160,'160 KOM',17),(1557,'2018-06-18 12:25:43','2018-06-19 11:14:20',181,'160 KOM',6),(1558,'2018-10-27 17:28:43','2018-10-28 10:37:09',423,'160 KOM',24),(1559,'2018-07-14 19:01:37','2018-07-15 14:35:20',209,'NMQ 372',41),(1560,'2018-08-31 03:13:23','2018-08-31 18:38:31',422,'IHF-296',50),(1561,'2018-07-05 17:07:28','2018-07-06 01:09:24',174,'HCH 835',25),(1562,'2018-08-16 02:40:54','2018-08-17 02:16:11',415,'0ZE1224',13),(1563,'2018-04-11 14:21:47','2018-04-12 05:33:53',174,'4QT U99',56),(1564,'2018-05-13 12:49:35','2018-05-14 08:00:26',164,'175 3398',20),(1565,'2018-03-20 12:13:54','2018-03-21 10:30:20',349,'SC 1779',95),(1566,'2018-02-14 06:55:17','2018-02-15 00:22:07',439,'XAB-6911',3),(1567,'2018-10-17 12:33:03','2018-10-18 12:17:46',420,'993 DTR',35),(1568,'2018-01-25 03:07:36','2018-01-25 17:18:27',52,'FBD-8300',30),(1569,'2018-10-20 22:55:21','2018-10-20 22:58:10',14,'177 YBQ',79),(1570,'2018-12-05 07:50:06','2018-12-06 04:55:28',315,'FBD-8300',59),(1571,'2018-02-24 16:10:11','2018-02-25 02:20:13',198,'SC 1779',96),(1572,'2018-11-19 23:35:29','2018-11-20 01:43:18',307,'0J DR847',76),(1573,'2018-07-03 17:12:19','2018-07-03 21:44:46',422,'4QT U99',59),(1574,'2018-03-10 06:02:46','2018-03-11 02:37:44',286,'10M H33',7),(1575,'2018-04-23 02:05:15','2018-04-23 11:05:12',210,'78-65590',86),(1576,'2018-09-09 06:36:55','2018-09-09 13:47:51',197,'0ZE1224',77),(1577,'2018-07-27 00:08:43','2018-07-27 07:25:19',437,'935Z6',85),(1578,'2018-04-23 22:23:25','2018-04-24 20:26:18',267,'644K',34),(1579,'2018-10-02 12:39:59','2018-10-03 03:32:42',423,'0ZE1224',13),(1580,'2018-05-08 14:38:09','2018-05-09 02:00:52',426,'0ZE1224',37),(1581,'2018-12-03 02:14:33','2018-12-03 12:37:49',397,'G 445079',77),(1582,'2018-01-13 13:53:18','2018-01-14 10:25:32',184,'091 WTK',84),(1583,'2018-08-04 00:35:25','2018-08-04 14:40:27',177,'3-6608Z',52),(1584,'2018-05-05 19:07:41','2018-05-06 15:43:48',100,'YN8 P5J',4),(1585,'2018-01-18 02:58:51','2018-01-18 05:38:38',488,'HCH 835',15),(1586,'2018-10-15 21:52:27','2018-10-16 21:05:32',9,'30C 9038',87),(1587,'2018-10-24 07:23:33','2018-10-24 10:17:22',275,'45W X49',49),(1588,'2018-05-03 11:26:14','2018-05-04 08:55:07',276,'177 YBQ',91),(1589,'2018-09-18 18:53:51','2018-09-19 10:59:16',35,'24QZ031',54),(1590,'2018-07-09 15:13:02','2018-07-10 00:30:49',313,'IHF-296',7),(1591,'2018-01-28 15:53:42','2018-01-29 07:54:21',214,'7-U3496',79),(1592,'2018-03-28 18:10:35','2018-03-29 17:39:43',305,'233752',8),(1593,'2018-12-29 02:38:37','2018-12-29 19:27:45',194,'LDT 720',31),(1594,'2018-02-28 21:15:05','2018-03-01 14:44:00',330,'30C 9038',97),(1595,'2018-05-03 03:24:11','2018-05-03 06:01:22',204,'KQZ 813',26),(1596,'2018-06-20 01:14:23','2018-06-20 06:45:10',117,'3-6608Z',71),(1597,'2018-02-10 21:05:00','2018-02-11 19:49:31',320,'WS 7027',5),(1598,'2018-10-11 03:36:35','2018-10-11 22:54:56',42,'FBD-8300',61),(1599,'2018-09-13 06:17:27','2018-09-13 15:51:36',261,'VPT-2591',2),(1600,'2018-09-14 05:39:18','2018-09-14 06:34:46',359,'4-44016Q',99),(1601,'2018-05-22 21:59:32','2018-05-23 07:49:07',44,'RZD 208',36),(1602,'2018-12-16 18:43:27','2018-12-17 03:36:59',94,'7-U3496',59),(1603,'2018-11-19 17:52:31','2018-11-20 04:35:35',383,'NDN 884',6),(1604,'2018-12-23 14:22:05','2018-12-23 22:38:59',118,'160 KOM',56),(1605,'2018-01-10 08:03:12','2018-01-10 14:36:31',391,'91V B44',30),(1606,'2018-07-17 09:27:32','2018-07-17 17:07:11',431,'091 WTK',80),(1607,'2018-08-31 19:37:12','2018-08-31 22:45:26',481,'823S',90),(1608,'2018-02-12 01:34:00','2018-02-13 01:24:56',303,'RPD-8334',6),(1609,'2018-04-12 23:18:24','2018-04-13 09:06:24',208,'3-6608Z',54),(1610,'2018-07-01 07:07:13','2018-07-01 07:08:11',397,'029 GAV',80),(1611,'2018-10-12 01:50:48','2018-10-12 06:12:36',351,'WS 7027',63),(1612,'2018-01-26 13:55:56','2018-01-26 16:32:40',35,'9LX T41',45),(1613,'2018-08-04 19:14:48','2018-08-04 22:52:04',443,'45W X49',68),(1614,'2018-02-11 08:33:46','2018-02-11 19:50:55',208,'24QZ031',42),(1615,'2018-10-02 07:26:01','2018-10-02 09:52:38',3,'252 LKC',77),(1616,'2018-06-23 12:40:07','2018-06-24 04:00:31',302,'NDN 884',100),(1617,'2018-06-06 00:06:30','2018-06-06 02:23:00',134,'0ZE1224',76),(1619,'2018-06-27 09:21:43','2018-06-27 21:12:54',222,'233752',31),(1620,'2018-08-01 23:18:31','2018-08-02 17:33:56',61,'VPT-2591',92),(1621,'2018-12-25 20:43:19','2018-12-26 06:59:20',340,'31X VL1',97),(1622,'2018-09-22 11:49:02','2018-09-22 20:01:34',174,'029 GAV',21),(1623,'2018-06-23 06:11:02','2018-06-24 04:38:01',371,'KTJ 026',71),(1624,'2018-12-24 07:18:05','2018-12-24 08:06:30',378,'24QZ031',78),(1625,'2018-09-23 11:47:52','2018-09-23 18:29:51',70,'45W X49',37),(1626,'2018-01-09 04:21:24','2018-01-09 05:27:28',296,'4-44016Q',25),(1627,'2018-06-04 09:54:51','2018-06-04 20:24:56',345,'3DO 420',39),(1628,'2018-03-09 21:12:36','2018-03-10 10:10:25',400,'SEQ-9042',95),(1629,'2018-04-08 16:26:16','2018-04-09 10:09:24',479,'252 LKC',30),(1630,'2018-12-01 09:30:18','2018-12-02 06:45:45',88,'KQZ 813',12),(1631,'2018-09-04 11:43:42','2018-09-05 04:09:27',360,'XAB-6911',7),(1632,'2018-09-21 06:37:44','2018-09-21 11:37:02',135,'4-44016Q',46),(1633,'2018-09-09 19:53:02','2018-09-10 01:47:28',162,'3DO 420',56),(1634,'2018-03-22 01:20:26','2018-03-22 18:44:27',230,'233752',7),(1635,'2018-07-05 06:24:38','2018-07-06 06:18:04',52,'VPT-2591',33),(1636,'2018-04-16 02:24:57','2018-04-16 05:32:17',126,'YN8 P5J',72),(1637,'2018-10-15 19:42:34','2018-10-16 12:08:26',396,'3-6608Z',92),(1638,'2018-05-05 08:19:35','2018-05-06 04:29:02',453,'029 GAV',44),(1639,'2018-12-10 20:17:26','2018-12-11 00:16:04',191,'HCH 835',85),(1640,'2018-06-30 10:01:50','2018-07-01 05:49:46',490,'091 WTK',86),(1641,'2018-01-23 17:56:59','2018-01-24 06:04:12',246,'3-6608Z',94),(1642,'2018-11-06 12:45:24','2018-11-07 10:44:55',240,'G 445079',13),(1643,'2018-11-07 08:40:20','2018-11-07 10:25:29',53,'4QT U99',44),(1644,'2018-09-27 23:04:05','2018-09-28 00:24:32',32,'JQ2 R6R',98),(1645,'2018-09-25 03:01:14','2018-09-26 00:33:30',107,'973 1322',66),(1646,'2018-11-10 12:37:17','2018-11-11 07:01:42',174,'091 WTK',80),(1647,'2018-11-13 02:17:37','2018-11-13 08:11:41',434,'KXB 559',5),(1648,'2018-06-30 06:14:16','2018-06-30 07:18:51',81,'385-BHZA',53),(1649,'2018-03-03 09:00:54','2018-03-03 18:50:31',53,'4-44016Q',32),(1650,'2018-01-22 05:34:15','2018-01-22 18:09:06',316,'JQ2 R6R',58),(1651,'2018-06-22 22:07:30','2018-06-23 07:57:00',78,'KQZ 813',85),(1652,'2018-08-11 10:20:03','2018-08-12 05:52:08',201,'6698',100),(1653,'2018-06-19 02:08:56','2018-06-19 13:25:26',424,'HCH 835',99),(1654,'2018-07-13 02:20:33','2018-07-13 04:57:03',255,'91V B44',80),(1655,'2018-06-19 04:11:54','2018-06-20 00:55:12',82,'70-08440',87),(1656,'2018-09-08 19:22:06','2018-09-09 18:38:20',321,'G 445079',47),(1657,'2018-06-06 09:15:52','2018-06-06 22:12:29',264,'KXB 559',80),(1658,'2018-12-30 01:18:38','2018-12-30 17:59:17',283,'993 DTR',49),(1659,'2018-03-15 11:17:43','2018-03-15 20:02:58',245,'10M H33',25),(1660,'2018-03-23 05:55:48','2018-03-24 04:45:55',183,'177 YBQ',72),(1661,'2018-10-24 00:02:57','2018-10-24 14:35:24',374,'FXA-9799',63),(1662,'2018-07-05 14:51:19','2018-07-06 05:21:26',401,'SC 1779',13),(1663,'2018-08-05 08:23:53','2018-08-06 03:30:25',476,'175 3398',95),(1664,'2018-05-31 23:56:06','2018-06-01 11:51:37',135,'0ZE1224',2),(1665,'2018-05-24 03:15:28','2018-05-24 16:47:17',141,'YN8 P5J',64),(1666,'2018-12-26 08:57:44','2018-12-26 15:46:11',336,'FXA-9799',34),(1667,'2018-07-19 15:27:59','2018-07-20 11:11:47',214,'HCH 835',73),(1668,'2018-06-11 19:56:23','2018-06-12 10:33:19',126,'233752',97),(1669,'2018-10-14 23:04:52','2018-10-15 10:12:37',236,'9LX T41',20),(1670,'2018-01-17 12:21:41','2018-01-18 01:03:13',292,'78-65590',83),(1671,'2018-03-20 23:11:14','2018-03-21 08:49:10',28,'70-08440',52),(1672,'2018-08-09 01:24:42','2018-08-09 14:24:44',188,'4-44016Q',18),(1673,'2018-08-07 23:18:46','2018-08-08 12:49:57',456,'HCH 835',59),(1674,'2018-04-08 15:59:03','2018-04-08 18:52:22',22,'10M H33',58),(1675,'2018-05-19 11:51:35','2018-05-19 22:29:33',104,'YN8 P5J',59),(1676,'2018-03-13 12:59:52','2018-03-14 00:50:26',108,'0LL0774',2),(1677,'2018-07-02 08:29:22','2018-07-02 20:45:49',171,'10M H33',33),(1678,'2018-04-15 21:34:21','2018-04-16 03:43:04',275,'3DO 420',56),(1679,'2018-01-14 15:59:01','2018-01-15 10:47:31',252,'WS 7027',82),(1680,'2018-04-29 10:55:17','2018-04-29 15:46:10',82,'KTJ 026',12),(1681,'2018-03-05 02:08:13','2018-03-05 11:47:28',2,'9LX T41',76),(1682,'2018-10-22 22:50:16','2018-10-23 06:33:03',360,'029 GAV',11),(1683,'2018-05-03 10:05:19','2018-05-04 07:33:23',319,'63G 421',66),(1684,'2018-02-04 06:42:18','2018-02-04 19:21:09',413,'78-65590',97),(1685,'2018-09-03 18:34:22','2018-09-04 08:35:51',46,'6698',73),(1686,'2018-01-14 02:25:20','2018-01-14 03:20:49',321,'RZD 208',49),(1687,'2018-04-11 08:40:33','2018-04-12 02:14:56',224,'RZD 208',65),(1688,'2018-08-21 02:31:27','2018-08-21 06:19:56',429,'RZD 208',89),(1689,'2018-11-08 22:51:49','2018-11-09 03:59:52',130,'SEQ-9042',58),(1690,'2018-06-24 06:44:28','2018-06-24 17:39:42',141,'029 GAV',47),(1691,'2018-03-09 01:12:01','2018-03-09 04:04:58',278,'3-6608Z',80),(1692,'2018-11-25 04:16:36','2018-11-25 12:55:26',413,'NDN 884',78),(1693,'2018-02-01 15:23:23','2018-02-02 00:34:02',214,'24QZ031',14),(1694,'2018-01-03 09:10:03','2018-01-04 03:38:36',325,'45W X49',100),(1695,'2018-10-16 20:24:11','2018-10-17 04:43:23',403,'935Z6',78),(1696,'2018-07-30 06:56:55','2018-07-31 04:59:29',365,'3DO 420',93),(1697,'2018-07-23 00:12:17','2018-07-23 02:28:40',113,'45W X49',3),(1698,'2018-05-04 12:43:00','2018-05-05 03:31:20',433,'XAB-6911',7),(1699,'2018-09-10 22:23:47','2018-09-11 17:59:23',140,'NDN 884',45),(1700,'2018-11-09 01:21:15','2018-11-09 20:26:53',321,'JQ2 R6R',84),(1701,'2018-05-03 21:47:58','2018-05-04 14:39:09',437,'70-08440',72),(1702,'2018-09-02 12:07:46','2018-09-03 08:06:09',490,'LEL-3572',74),(1703,'2018-05-27 23:23:35','2018-05-28 15:31:53',53,'31X VL1',6),(1704,'2018-10-10 01:33:18','2018-10-10 10:50:19',428,'LEL-3572',32),(1705,'2018-09-07 15:59:37','2018-09-07 19:13:08',363,'SC 1779',52),(1706,'2018-07-04 13:33:26','2018-07-04 20:12:46',457,'823S',41),(1707,'2018-08-24 06:09:56','2018-08-24 22:13:26',19,'973 1322',80),(1708,'2018-09-20 01:27:13','2018-09-20 05:42:25',177,'075 FFB',21),(1709,'2018-03-01 19:44:39','2018-03-02 13:39:51',23,'HL 5495',15),(1710,'2018-09-07 01:26:39','2018-09-07 22:31:08',446,'0J DR847',80),(1711,'2018-04-15 08:42:16','2018-04-16 00:16:12',10,'252 LKC',51),(1712,'2018-05-02 10:37:22','2018-05-02 20:01:04',207,'VPT-2591',88),(1713,'2018-02-23 16:52:20','2018-02-24 16:48:13',28,'0ZE1224',12),(1714,'2018-09-15 08:48:15','2018-09-15 09:57:04',79,'76-O317',83),(1715,'2018-08-12 10:26:15','2018-08-12 17:13:32',105,'0ZE1224',25),(1716,'2018-09-07 18:36:03','2018-09-08 10:23:47',435,'WS 7027',32),(1717,'2018-11-16 06:44:15','2018-11-16 11:12:38',441,'VPT-2591',62),(1718,'2018-01-22 22:32:05','2018-01-23 21:57:28',434,'993 DTR',52),(1719,'2018-07-20 17:40:34','2018-07-21 16:26:18',425,'477 NPK',11),(1720,'2018-07-17 03:27:30','2018-07-17 04:38:55',201,'VPT-2591',28),(1721,'2018-09-02 10:23:40','2018-09-03 09:33:32',260,'NMQ 372',47),(1722,'2018-03-31 18:17:50','2018-03-31 23:12:02',10,'9LX T41',4),(1723,'2018-12-29 08:01:53','2018-12-29 12:27:39',189,'10M H33',1),(1724,'2018-10-12 13:10:53','2018-10-13 07:47:04',344,'9LX T41',87),(1725,'2018-09-01 14:03:52','2018-09-01 17:13:16',41,'4QT U99',100),(1726,'2018-08-19 11:08:34','2018-08-19 22:18:54',442,'WS 7027',13),(1727,'2018-03-23 04:42:49','2018-03-23 07:38:55',58,'SC 1779',33),(1728,'2018-08-13 19:36:29','2018-08-14 06:29:42',302,'233752',38),(1729,'2018-05-28 01:22:49','2018-05-28 04:50:33',177,'XAB-6911',95),(1730,'2018-10-01 18:25:42','2018-10-02 00:15:30',216,'45W X49',46),(1731,'2018-11-02 12:56:54','2018-11-03 02:59:08',134,'252 LKC',7),(1732,'2018-01-20 19:59:43','2018-01-21 15:14:32',332,'160 KOM',86),(1733,'2018-07-06 11:35:33','2018-07-07 00:09:33',236,'233752',70),(1734,'2018-07-14 18:28:21','2018-07-15 13:41:48',252,'JQ2 R6R',24),(1735,'2018-01-17 20:27:05','2018-01-18 12:59:35',71,'VPT-2591',22),(1736,'2018-10-14 17:59:26','2018-10-15 09:15:51',199,'WS 7027',3),(1737,'2018-03-19 23:02:26','2018-03-20 06:06:51',165,'KXB 559',11),(1738,'2018-03-17 23:25:20','2018-03-18 01:42:30',180,'175 3398',64),(1739,'2018-10-09 22:27:34','2018-10-10 19:32:41',377,'075 FFB',49),(1740,'2018-09-20 09:40:54','2018-09-20 21:55:42',157,'31X VL1',54),(1741,'2018-02-06 04:43:14','2018-02-06 14:25:57',402,'074D9',10),(1742,'2018-12-28 00:20:36','2018-12-28 11:24:02',420,'WS 7027',33),(1743,'2018-07-09 03:57:43','2018-07-10 03:50:37',73,'YN8 P5J',25),(1744,'2018-09-29 11:05:53','2018-09-30 07:36:22',319,'993 DTR',81),(1745,'2018-08-07 01:48:42','2018-08-07 07:00:10',356,'973 1322',7),(1746,'2018-03-17 00:11:33','2018-03-17 09:58:34',298,'WS 7027',49),(1747,'2018-12-25 20:04:42','2018-12-25 20:57:15',19,'175 3398',3),(1748,'2018-08-18 20:51:06','2018-08-19 18:47:40',286,'8JTU778',28),(1749,'2018-01-30 03:09:40','2018-01-30 10:56:18',347,'993 DTR',69),(1750,'2018-02-06 06:35:50','2018-02-07 05:51:40',118,'0J DR847',78),(1751,'2018-06-14 03:47:10','2018-06-14 14:16:52',472,'385-BHZA',81),(1752,'2018-04-01 10:31:46','2018-04-01 23:29:00',297,'177 YBQ',7),(1753,'2018-05-27 01:15:25','2018-05-27 23:58:17',474,'KXB 559',24),(1754,'2018-01-18 16:58:13','2018-01-19 14:04:40',308,'SC 1779',7),(1755,'2018-01-01 09:08:52','2018-01-02 07:03:03',346,'WS 7027',85),(1756,'2018-02-25 10:44:41','2018-02-26 08:56:34',249,'WS 7027',79),(1757,'2018-10-24 21:50:28','2018-10-25 07:31:46',1,'FBD-8300',99),(1758,'2018-07-28 15:58:04','2018-07-28 19:14:23',357,'9LX T41',90),(1759,'2018-07-26 02:43:23','2018-07-26 08:27:35',455,'30C 9038',53),(1760,'2018-03-23 05:05:34','2018-03-23 15:39:32',328,'0J DR847',51),(1761,'2018-11-23 10:02:52','2018-11-23 16:50:14',484,'SEQ-9042',27),(1762,'2018-01-28 22:10:45','2018-01-29 21:56:41',73,'091 WTK',52),(1763,'2018-10-08 23:08:40','2018-10-09 02:43:37',213,'FXA-9799',24),(1764,'2018-05-03 18:29:26','2018-05-03 20:25:20',102,'4QT U99',35),(1765,'2018-03-24 02:55:17','2018-03-24 18:28:44',18,'973 1322',69),(1766,'2018-12-17 13:08:04','2018-12-18 01:10:36',284,'9LX T41',64),(1767,'2018-06-22 11:17:50','2018-06-22 19:09:34',60,'91V B44',61),(1768,'2018-03-10 19:53:30','2018-03-11 04:03:26',285,'7-U3496',3),(1769,'2018-06-03 13:07:28','2018-06-04 10:05:02',246,'6698',22),(1770,'2018-02-07 04:19:08','2018-02-07 19:44:52',302,'477 NPK',77),(1771,'2018-04-06 23:45:09','2018-04-07 07:05:55',281,'252 LKC',33),(1772,'2018-02-27 21:38:31','2018-02-27 21:44:23',387,'63G 421',80),(1773,'2018-07-01 12:30:23','2018-07-01 17:15:19',233,'RPD-8334',48),(1774,'2018-02-27 04:15:51','2018-02-27 10:02:23',393,'0ZE1224',34),(1775,'2018-07-17 12:26:12','2018-07-17 18:34:39',313,'973 1322',45),(1776,'2018-04-29 16:46:30','2018-04-30 03:48:30',69,'823S',13),(1777,'2018-08-05 11:20:06','2018-08-06 04:20:00',242,'973 1322',7),(1778,'2018-08-30 11:37:00','2018-08-31 05:49:30',280,'70-08440',37),(1779,'2018-12-20 21:54:57','2018-12-20 22:19:58',142,'HCH 835',91),(1780,'2018-08-30 18:39:02','2018-08-31 03:52:50',347,'9LX T41',47),(1781,'2018-03-23 10:32:21','2018-03-23 11:55:27',232,'45W X49',54),(1782,'2018-05-12 04:20:06','2018-05-12 14:30:33',127,'JQ2 R6R',88),(1783,'2018-07-18 10:14:57','2018-07-18 11:56:29',194,'0ZE1224',42),(1784,'2018-07-28 22:51:28','2018-07-29 01:20:20',24,'76-O317',80),(1785,'2018-12-14 04:43:40','2018-12-14 13:47:34',83,'63G 421',34),(1786,'2018-05-01 12:39:22','2018-05-02 07:00:49',393,'KQZ 813',76),(1787,'2018-03-19 20:46:07','2018-03-20 03:25:27',343,'KQZ 813',88),(1788,'2018-03-20 21:46:55','2018-03-21 12:41:21',250,'074D9',10),(1789,'2018-07-23 10:49:10','2018-07-24 07:00:39',492,'175 3398',10),(1790,'2018-04-21 10:37:13','2018-04-21 20:22:59',105,'NDN 884',54),(1791,'2018-09-30 03:27:01','2018-09-30 23:56:36',331,'RZD 208',23),(1792,'2018-04-20 12:29:12','2018-04-21 06:53:04',432,'7-U3496',75),(1793,'2018-02-04 02:56:43','2018-02-04 21:26:54',277,'233752',46),(1794,'2018-03-03 01:13:43','2018-03-03 02:52:42',58,'8JTU778',24),(1795,'2018-05-02 11:06:59','2018-05-03 08:48:23',137,'6NZG011',45),(1796,'2018-11-29 12:44:06','2018-11-30 04:31:36',299,'76-O317',93),(1797,'2018-07-18 16:40:24','2018-07-19 09:28:22',314,'76-O317',63),(1798,'2018-12-01 05:51:16','2018-12-02 00:16:48',161,'63G 421',51),(1799,'2018-09-07 05:59:18','2018-09-07 22:47:48',186,'177 YBQ',92),(1800,'2018-09-03 16:22:47','2018-09-04 02:01:18',444,'233752',16),(1801,'2018-07-09 23:09:54','2018-07-10 11:28:50',490,'KTJ 026',10),(1802,'2018-02-27 07:53:15','2018-02-27 12:43:21',311,'FXA-9799',10),(1803,'2018-08-31 12:34:38','2018-09-01 02:19:26',399,'78-65590',94),(1804,'2018-06-06 02:15:48','2018-06-06 09:31:46',69,'24QZ031',54),(1805,'2018-04-29 21:37:44','2018-04-30 20:48:31',267,'9LX T41',67),(1806,'2018-02-03 11:34:59','2018-02-03 11:43:42',267,'LEL-3572',95),(1807,'2018-09-27 05:34:51','2018-09-28 01:53:49',220,'LDT 720',55),(1808,'2018-11-09 17:27:33','2018-11-10 08:29:17',409,'823S',42),(1809,'2018-03-17 05:40:30','2018-03-17 22:01:09',160,'6NZG011',50),(1810,'2018-01-02 00:58:58','2018-01-02 15:48:03',488,'823S',31),(1811,'2018-07-14 05:37:08','2018-07-14 17:05:12',463,'24QZ031',73),(1812,'2018-07-25 03:46:53','2018-07-25 20:58:02',261,'31X VL1',42),(1813,'2018-10-16 09:33:02','2018-10-16 21:02:29',468,'385-BHZA',8),(1814,'2018-03-23 22:00:39','2018-03-24 13:20:07',220,'RZD 208',1),(1815,'2018-09-01 02:27:32','2018-09-01 17:10:10',81,'823S',21),(1816,'2018-01-25 13:23:21','2018-01-26 12:14:48',127,'0LL0774',5),(1817,'2018-05-03 19:05:37','2018-05-04 04:19:19',51,'SC 1779',89),(1818,'2018-01-26 06:10:40','2018-01-27 01:19:29',41,'8JTU778',31),(1819,'2018-02-20 21:16:08','2018-02-20 22:18:59',245,'FXA-9799',60),(1820,'2018-01-10 21:18:14','2018-01-11 12:44:26',55,'30C 9038',7),(1821,'2018-02-08 06:17:29','2018-02-08 06:36:01',291,'NDN 884',96),(1822,'2018-05-18 09:43:28','2018-05-18 22:29:49',10,'091 WTK',100),(1823,'2018-06-02 02:51:35','2018-06-02 07:01:03',199,'7-U3496',91),(1824,'2018-02-15 02:50:36','2018-02-15 19:59:18',72,'FXA-9799',96),(1825,'2018-12-02 16:44:57','2018-12-02 23:15:24',286,'VPT-2591',96),(1826,'2018-11-04 01:08:39','2018-11-04 02:10:46',500,'NDN 884',6),(1827,'2018-08-20 10:26:54','2018-08-20 21:26:17',283,'HCH 835',19),(1828,'2018-05-27 05:09:42','2018-05-27 13:13:16',354,'91V B44',27),(1829,'2018-12-31 21:40:06','2019-01-01 07:03:26',353,'3DO 420',54),(1830,'2018-04-27 07:19:31','2018-04-27 09:59:19',208,'075 FFB',78),(1831,'2018-12-03 22:55:52','2018-12-04 11:50:15',314,'YN8 P5J',32),(1832,'2018-10-25 18:25:44','2018-10-26 18:02:21',437,'6698',84),(1833,'2018-06-01 06:23:38','2018-06-01 13:35:13',310,'70-08440',49),(1834,'2018-02-05 23:23:56','2018-02-06 21:19:48',63,'JQ2 R6R',57),(1835,'2018-11-12 10:46:18','2018-11-13 04:27:06',269,'91V B44',35),(1836,'2018-01-10 21:35:17','2018-01-11 21:14:33',2,'823S',84),(1837,'2018-03-04 13:05:52','2018-03-05 05:42:19',461,'0LL0774',69),(1838,'2018-08-06 14:37:58','2018-08-07 07:38:44',181,'9LX T41',28),(1839,'2018-05-27 23:31:51','2018-05-28 08:10:10',306,'8JTU778',84),(1840,'2018-05-18 10:43:41','2018-05-18 18:15:44',290,'VPT-2591',12),(1841,'2018-02-20 14:17:52','2018-02-21 12:33:39',299,'3-6608Z',53),(1842,'2018-09-02 06:19:38','2018-09-02 13:36:13',93,'78-65590',46),(1843,'2018-01-31 13:44:33','2018-02-01 06:46:54',286,'70-08440',58),(1844,'2018-03-04 15:45:12','2018-03-05 12:22:06',317,'KTJ 026',26),(1845,'2018-06-18 02:03:48','2018-06-18 08:18:00',82,'029 GAV',64),(1846,'2018-01-26 11:22:50','2018-01-26 20:40:56',453,'LEL-3572',61),(1847,'2018-11-04 18:01:29','2018-11-05 06:48:14',135,'KXB 559',25),(1848,'2018-01-19 21:29:12','2018-01-20 16:23:40',192,'6698',54),(1849,'2018-06-02 21:15:01','2018-06-03 16:03:06',58,'0ZE1224',53),(1850,'2018-06-03 06:08:28','2018-06-04 00:13:25',296,'G 445079',48),(1851,'2018-09-18 11:33:28','2018-09-18 18:31:48',188,'644K',19),(1852,'2018-06-08 08:32:02','2018-06-08 20:29:31',172,'7-U3496',74),(1853,'2018-05-15 02:17:54','2018-05-15 16:05:27',129,'SEQ-9042',74),(1854,'2018-06-21 06:38:11','2018-06-21 13:43:28',165,'10M H33',95),(1855,'2018-06-29 00:37:30','2018-06-29 10:17:49',179,'VPT-2591',20),(1856,'2018-10-28 21:53:49','2018-10-29 20:33:51',456,'160 KOM',56),(1857,'2018-06-27 18:20:45','2018-06-28 17:24:51',221,'252 LKC',27),(1858,'2018-10-25 12:18:54','2018-10-25 20:09:10',349,'VPT-2591',49),(1859,'2018-09-11 23:32:13','2018-09-11 23:34:21',309,'FBD-8300',12),(1860,'2018-10-21 14:51:54','2018-10-22 14:09:56',36,'029 GAV',5),(1861,'2018-06-30 12:27:48','2018-06-30 21:50:29',342,'YN8 P5J',8),(1862,'2018-12-22 08:09:34','2018-12-23 01:08:28',166,'FBD-8300',61),(1863,'2018-12-03 12:40:40','2018-12-04 05:16:15',184,'70-08440',66),(1864,'2018-10-12 12:35:23','2018-10-13 07:27:22',208,'RZD 208',58),(1865,'2018-06-05 02:46:05','2018-06-06 00:45:57',275,'074D9',18),(1866,'2018-12-02 13:49:34','2018-12-03 02:19:45',38,'385-BHZA',75),(1867,'2018-04-02 08:52:10','2018-04-02 21:19:58',379,'SEQ-9042',97),(1868,'2018-08-09 00:44:57','2018-08-09 19:13:12',89,'477 NPK',91),(1869,'2018-09-09 10:47:28','2018-09-10 01:21:29',201,'160 KOM',59),(1870,'2018-12-31 09:05:02','2018-12-31 23:50:06',403,'63G 421',56),(1871,'2018-04-16 23:27:15','2018-04-17 06:37:06',429,'075 FFB',84),(1872,'2018-01-15 03:39:56','2018-01-15 12:35:51',312,'0LL0774',34),(1873,'2018-08-26 15:07:30','2018-08-27 04:15:43',108,'KQZ 813',43),(1874,'2018-04-12 08:35:16','2018-04-12 22:31:50',153,'63G 421',31),(1875,'2018-06-28 18:08:09','2018-06-29 03:52:34',67,'8JTU778',35),(1876,'2018-06-12 03:24:46','2018-06-12 08:53:14',414,'8JTU778',44),(1877,'2018-04-27 21:01:39','2018-04-28 07:02:29',409,'4-44016Q',47),(1878,'2018-04-05 13:57:05','2018-04-06 03:37:35',320,'091 WTK',23),(1879,'2018-11-06 19:07:34','2018-11-07 13:02:30',481,'091 WTK',91),(1880,'2018-04-13 06:09:14','2018-04-13 06:35:52',397,'6NZG011',21),(1881,'2018-09-01 00:49:19','2018-09-01 14:19:55',483,'6698',73),(1882,'2018-11-14 22:17:36','2018-11-15 13:57:32',259,'3DO 420',22),(1883,'2018-01-16 09:11:32','2018-01-16 23:14:55',226,'78-65590',38),(1884,'2018-01-27 08:43:19','2018-01-28 07:17:58',489,'WS 7027',35),(1885,'2018-01-21 09:37:40','2018-01-22 02:11:46',156,'VPT-2591',34),(1886,'2018-07-20 16:41:36','2018-07-21 13:40:03',387,'3DO 420',6),(1887,'2018-07-08 18:24:56','2018-07-09 17:35:06',205,'31X VL1',21),(1888,'2018-09-20 16:56:15','2018-09-20 22:54:53',154,'RPD-8334',47),(1889,'2018-08-15 19:03:11','2018-08-16 11:15:41',374,'HCH 835',2),(1890,'2018-01-14 11:50:45','2018-01-15 10:48:14',317,'477 NPK',36),(1891,'2018-06-15 04:42:06','2018-06-15 15:12:09',150,'0LL0774',9),(1892,'2018-09-01 07:56:50','2018-09-01 14:10:07',121,'029 GAV',89),(1893,'2018-12-05 00:59:43','2018-12-05 18:19:03',371,'31X VL1',65),(1894,'2018-02-05 22:59:31','2018-02-06 18:07:33',181,'935Z6',34),(1895,'2018-04-28 20:32:51','2018-04-29 10:12:47',273,'3-6608Z',50),(1896,'2018-09-27 19:50:54','2018-09-28 18:08:05',148,'477 NPK',94),(1897,'2018-05-14 10:01:12','2018-05-14 17:50:07',152,'9LX T41',53),(1898,'2018-03-17 09:10:29','2018-03-18 01:00:39',405,'KTJ 026',52),(1899,'2018-07-17 21:01:00','2018-07-18 01:24:57',428,'WS 7027',75),(1900,'2018-12-26 16:45:11','2018-12-27 03:47:54',44,'76-O317',37),(1901,'2018-10-04 14:39:54','2018-10-04 23:42:44',396,'45W X49',77),(1902,'2018-09-26 18:39:37','2018-09-26 22:17:14',45,'175 3398',43),(1903,'2018-04-26 10:40:15','2018-04-26 10:48:31',226,'VPT-2591',21),(1904,'2018-05-12 03:46:20','2018-05-12 20:31:24',85,'78-65590',34),(1905,'2018-03-04 01:56:30','2018-03-04 12:39:44',281,'6NZG011',59),(1906,'2018-09-27 05:53:46','2018-09-27 13:58:22',470,'7-U3496',84),(1907,'2018-05-26 21:12:09','2018-05-27 20:38:06',489,'63G 421',37),(1908,'2018-08-02 01:58:13','2018-08-02 06:10:41',484,'935Z6',92),(1909,'2018-08-12 03:47:02','2018-08-12 09:12:43',76,'0LL0774',35),(1910,'2018-01-29 16:03:42','2018-01-30 12:41:46',463,'NDN 884',58),(1911,'2018-02-04 08:49:42','2018-02-05 00:32:08',76,'385-BHZA',66),(1912,'2018-06-04 06:57:49','2018-06-05 06:47:05',335,'SC 1779',22),(1913,'2018-08-31 11:38:29','2018-08-31 12:00:58',20,'3-6608Z',80),(1914,'2018-11-30 10:50:08','2018-11-30 11:56:14',252,'935Z6',85),(1915,'2018-01-24 04:08:07','2018-01-24 14:53:57',361,'385-BHZA',64),(1916,'2018-03-03 15:29:19','2018-03-04 15:19:10',413,'31X VL1',37),(1917,'2018-03-09 11:47:02','2018-03-10 09:57:56',64,'177 YBQ',69),(1918,'2018-05-11 12:13:56','2018-05-12 06:16:30',319,'993 DTR',47),(1919,'2018-06-17 23:48:05','2018-06-18 02:00:18',59,'SEQ-9042',27),(1920,'2018-06-19 12:06:50','2018-06-20 06:10:40',475,'KXB 559',91),(1921,'2018-02-14 23:01:52','2018-02-15 19:19:11',354,'30C 9038',55),(1922,'2018-10-14 21:53:29','2018-10-15 13:02:44',52,'3-6608Z',7),(1923,'2018-10-15 13:43:15','2018-10-16 09:07:18',64,'LEL-3572',43),(1924,'2018-05-11 02:51:16','2018-05-11 16:48:52',183,'0J DR847',82),(1925,'2018-01-11 03:50:10','2018-01-11 13:28:25',420,'LEL-3572',14),(1926,'2018-05-14 04:16:54','2018-05-14 23:30:33',94,'HL 5495',60),(1927,'2018-08-14 10:12:29','2018-08-14 11:00:23',169,'091 WTK',58),(1928,'2018-06-24 16:44:09','2018-06-24 23:00:16',55,'075 FFB',77),(1929,'2018-07-24 18:28:32','2018-07-25 03:22:34',431,'KTJ 026',56),(1930,'2018-10-23 04:45:48','2018-10-24 01:01:10',127,'993 DTR',55),(1931,'2018-12-24 06:56:30','2018-12-24 14:26:34',98,'63G 421',1),(1932,'2018-04-12 22:08:20','2018-04-13 21:37:27',427,'4QT U99',37),(1933,'2018-11-11 18:46:43','2018-11-12 09:24:57',317,'FXA-9799',16),(1934,'2018-02-12 17:56:49','2018-02-13 06:29:44',367,'385-BHZA',49),(1935,'2018-01-06 05:47:56','2018-01-07 00:24:03',254,'70-08440',71),(1936,'2018-06-06 15:29:25','2018-06-06 17:59:46',342,'177 YBQ',32),(1937,'2018-09-04 18:51:42','2018-09-05 07:51:04',408,'091 WTK',63),(1938,'2018-05-22 04:07:15','2018-05-22 16:18:18',482,'HCH 835',59),(1939,'2018-12-16 17:10:02','2018-12-17 06:08:44',90,'YN8 P5J',13),(1940,'2018-12-05 17:21:26','2018-12-06 02:14:39',363,'KXB 559',15),(1941,'2018-10-29 15:07:06','2018-10-30 06:11:41',105,'091 WTK',7),(1942,'2018-07-22 14:54:45','2018-07-23 11:29:22',228,'029 GAV',8),(1943,'2018-08-25 22:26:19','2018-08-26 19:36:57',497,'029 GAV',77),(1944,'2018-10-05 17:51:55','2018-10-06 14:27:35',458,'RPD-8334',10),(1945,'2018-01-18 12:56:31','2018-01-19 10:34:49',188,'LEL-3572',72),(1946,'2018-10-05 01:30:15','2018-10-05 23:43:31',472,'VPT-2591',37),(1947,'2018-01-20 14:42:03','2018-01-21 06:00:32',334,'NMQ 372',82),(1948,'2018-03-19 15:28:31','2018-03-20 08:49:00',320,'NMQ 372',55),(1949,'2018-11-28 15:01:53','2018-11-29 01:05:02',380,'0J DR847',80),(1950,'2018-09-10 15:14:19','2018-09-10 21:43:24',291,'WS 7027',52),(1951,'2018-01-24 16:10:52','2018-01-25 11:55:14',428,'31X VL1',18),(1952,'2018-04-20 06:11:05','2018-04-20 07:17:44',336,'RZD 208',38),(1953,'2018-06-21 18:45:17','2018-06-21 23:31:41',491,'HCH 835',55),(1954,'2018-06-30 14:36:09','2018-07-01 13:33:36',402,'KTJ 026',98),(1955,'2018-03-06 19:46:49','2018-03-07 12:56:04',129,'3DO 420',8),(1956,'2018-07-07 22:41:25','2018-07-07 23:57:28',56,'160 KOM',24),(1957,'2018-01-27 06:39:59','2018-01-28 05:15:41',386,'8JTU778',75),(1958,'2018-11-19 04:24:37','2018-11-20 01:55:45',349,'RPD-8334',87),(1959,'2018-03-08 20:12:27','2018-03-09 10:05:27',112,'252 LKC',4),(1960,'2018-08-15 06:48:44','2018-08-16 06:10:32',99,'3-6608Z',94),(1961,'2018-04-27 00:34:11','2018-04-27 10:31:02',55,'FXA-9799',45),(1962,'2018-06-20 20:27:49','2018-06-20 21:50:21',128,'0ZE1224',13),(1963,'2018-01-04 19:36:25','2018-01-04 22:24:37',28,'6698',57),(1964,'2018-02-07 09:21:04','2018-02-07 17:46:31',190,'LEL-3572',76),(1965,'2018-02-03 01:14:14','2018-02-03 14:02:30',109,'973 1322',59),(1966,'2018-07-15 02:50:44','2018-07-15 21:35:28',296,'KQZ 813',5),(1967,'2018-07-25 17:10:31','2018-07-26 08:45:50',212,'SC 1779',54),(1968,'2018-04-25 16:58:43','2018-04-25 21:32:57',496,'KQZ 813',65),(1969,'2018-10-24 04:37:56','2018-10-25 01:08:24',90,'074D9',44),(1970,'2018-03-02 12:05:25','2018-03-03 01:30:25',323,'935Z6',79),(1971,'2018-11-01 22:50:45','2018-11-02 09:09:17',291,'24QZ031',22),(1972,'2018-03-25 01:59:59','2018-03-25 16:49:24',341,'823S',24),(1973,'2018-04-06 03:27:21','2018-04-06 04:23:11',305,'70-08440',84),(1974,'2018-03-13 01:51:08','2018-03-13 02:54:13',399,'0LL0774',57),(1975,'2018-03-23 03:46:28','2018-03-23 23:15:26',313,'31X VL1',83),(1976,'2018-09-03 09:57:17','2018-09-03 20:17:10',457,'24QZ031',31),(1977,'2018-01-10 00:44:29','2018-01-10 21:49:34',282,'G 445079',53),(1978,'2018-04-12 15:57:49','2018-04-13 10:17:22',389,'6698',66),(1979,'2018-08-27 14:43:38','2018-08-27 15:01:46',20,'SEQ-9042',56),(1980,'2018-05-28 23:11:28','2018-05-28 23:42:37',431,'RPD-8334',93),(1981,'2018-02-01 12:57:45','2018-02-02 08:28:13',19,'823S',90),(1982,'2018-11-17 13:09:55','2018-11-18 05:09:12',491,'644K',66),(1983,'2018-04-08 13:51:04','2018-04-08 20:25:11',5,'RPD-8334',68),(1984,'2018-06-19 14:20:05','2018-06-20 08:33:38',282,'973 1322',95),(1985,'2018-11-24 20:25:45','2018-11-25 10:38:49',411,'9LX T41',30),(1986,'2018-05-18 17:24:24','2018-05-19 07:10:01',469,'76-O317',92),(1987,'2018-04-08 00:04:52','2018-04-08 07:50:45',2,'G 445079',2),(1988,'2018-05-23 20:23:59','2018-05-24 03:17:09',475,'G 445079',48),(1989,'2018-05-26 05:57:41','2018-05-27 02:59:28',42,'252 LKC',5),(1990,'2018-05-04 23:56:18','2018-05-05 14:01:30',32,'WS 7027',4),(1991,'2018-03-01 01:54:22','2018-03-01 04:35:05',136,'91V B44',44),(1992,'2018-10-22 06:20:57','2018-10-22 21:18:23',251,'7-U3496',30),(1993,'2018-01-31 19:29:22','2018-02-01 16:24:49',245,'175 3398',4),(1994,'2018-01-08 19:22:58','2018-01-08 23:42:57',164,'30C 9038',15),(1995,'2018-02-02 02:34:27','2018-02-02 11:21:16',420,'G 445079',44),(1996,'2018-03-28 09:02:34','2018-03-28 19:18:29',301,'935Z6',71),(1997,'2018-02-20 00:13:05','2018-02-20 11:14:35',303,'973 1322',70),(1998,'2018-09-18 15:54:27','2018-09-18 20:49:32',248,'NMQ 372',88),(1999,'2018-07-15 05:40:03','2018-07-16 00:12:53',264,'HL 5495',19),(2000,'2018-12-18 07:14:22','2018-12-18 19:00:30',122,'30C 9038',86),(2001,'2018-03-16 12:29:47','2018-03-16 21:00:53',461,'SEQ-9042',82),(2002,'2018-11-07 14:46:38','2018-11-07 23:18:20',493,'029 GAV',49),(2003,'2018-10-11 02:50:47','2018-10-11 22:53:48',69,'7-U3496',19),(2004,'2018-02-13 09:21:56','2018-02-13 16:30:21',206,'4QT U99',88),(2005,'2018-10-11 16:12:25','2018-10-12 01:01:15',188,'252 LKC',50),(2006,'2018-12-23 12:05:18','2018-12-24 01:06:04',347,'8JTU778',3),(2007,'2018-03-21 13:58:11','2018-03-22 09:41:10',326,'385-BHZA',75),(2008,'2018-11-25 04:02:06','2018-11-25 07:28:36',424,'233752',23),(2009,'2018-08-10 06:05:38','2018-08-10 23:11:28',219,'78-65590',72),(2010,'2018-04-02 22:31:55','2018-04-03 06:21:29',353,'70-08440',62),(2011,'2018-09-19 10:27:40','2018-09-19 18:42:59',200,'973 1322',53),(2012,'2018-07-21 07:08:58','2018-07-22 00:58:06',329,'177 YBQ',90),(2013,'2018-08-15 00:17:13','2018-08-15 03:53:21',189,'91V B44',47),(2014,'2018-08-05 22:48:19','2018-08-06 11:56:16',160,'FXA-9799',72),(2015,'2018-07-10 15:51:40','2018-07-11 12:36:00',418,'LDT 720',23),(2016,'2018-05-21 07:25:10','2018-05-21 11:35:29',66,'KQZ 813',37),(2017,'2018-11-29 16:38:20','2018-11-30 06:21:16',127,'973 1322',13),(2018,'2018-08-12 23:03:47','2018-08-13 04:57:48',352,'WS 7027',23),(2019,'2018-03-31 22:18:44','2018-04-01 15:47:15',415,'4-44016Q',40),(2020,'2018-10-20 05:40:00','2018-10-20 08:07:49',195,'NMQ 372',38),(2021,'2018-12-02 22:45:31','2018-12-03 02:04:33',466,'477 NPK',49),(2022,'2018-02-03 00:42:02','2018-02-03 04:26:04',20,'RPD-8334',56),(2023,'2018-06-29 13:04:56','2018-06-29 18:22:27',88,'WS 7027',72),(2024,'2018-09-15 21:53:24','2018-09-16 21:27:15',303,'385-BHZA',15),(2025,'2018-05-21 12:10:25','2018-05-21 14:23:10',234,'24QZ031',17),(2026,'2018-08-25 19:55:33','2018-08-26 10:07:48',304,'074D9',62),(2027,'2018-09-20 06:03:58','2018-09-20 13:56:39',189,'JQ2 R6R',96),(2028,'2018-06-07 14:01:22','2018-06-07 20:01:13',464,'LDT 720',8),(2029,'2018-02-01 07:43:26','2018-02-01 07:44:35',375,'XAB-6911',76),(2030,'2018-03-06 17:33:02','2018-03-07 10:45:06',461,'993 DTR',85),(2031,'2018-01-05 11:39:07','2018-01-06 00:55:37',109,'RPD-8334',44),(2032,'2018-04-24 23:00:37','2018-04-25 01:13:43',491,'WS 7027',63),(2033,'2018-05-24 17:38:46','2018-05-25 14:27:02',236,'SEQ-9042',90),(2034,'2018-05-03 20:52:28','2018-05-04 10:09:37',362,'31X VL1',82),(2035,'2018-01-14 23:06:31','2018-01-15 20:03:25',198,'24QZ031',4),(2036,'2018-01-25 16:00:18','2018-01-26 09:22:15',4,'VPT-2591',31),(2037,'2018-05-17 04:19:19','2018-05-17 18:46:03',228,'993 DTR',86),(2038,'2018-02-16 20:55:14','2018-02-17 20:18:43',126,'G 445079',74),(2039,'2018-07-10 13:57:10','2018-07-11 05:28:37',55,'160 KOM',69),(2040,'2018-11-21 05:42:32','2018-11-21 18:19:32',30,'70-08440',31),(2041,'2018-08-23 23:22:30','2018-08-24 10:33:04',450,'63G 421',58),(2042,'2018-02-22 20:02:07','2018-02-23 11:32:34',50,'10M H33',6),(2043,'2018-08-27 11:19:52','2018-08-28 04:46:54',115,'VPT-2591',90),(2044,'2018-07-01 15:25:21','2018-07-02 04:41:59',62,'091 WTK',30),(2045,'2018-03-07 00:32:58','2018-03-07 11:10:56',64,'24QZ031',64),(2046,'2018-09-03 23:57:17','2018-09-04 10:52:22',10,'YN8 P5J',86),(2047,'2018-11-05 10:44:07','2018-11-06 01:49:35',118,'160 KOM',43),(2048,'2018-03-27 04:10:45','2018-03-27 04:52:28',269,'YN8 P5J',72),(2049,'2018-08-11 19:18:07','2018-08-12 06:55:29',248,'63G 421',73),(2050,'2018-05-05 08:25:34','2018-05-05 20:56:55',66,'76-O317',74),(2051,'2018-08-21 10:57:08','2018-08-21 19:41:27',428,'NMQ 372',9),(2052,'2018-09-02 00:48:36','2018-09-02 19:00:34',230,'45W X49',65),(2053,'2018-06-25 22:18:16','2018-06-26 18:47:02',297,'4-44016Q',37),(2054,'2018-05-08 20:26:31','2018-05-09 18:44:46',31,'LEL-3572',78),(2055,'2018-11-08 03:42:45','2018-11-08 14:29:30',384,'175 3398',2),(2056,'2018-09-13 07:01:57','2018-09-13 17:51:08',49,'175 3398',73),(2057,'2018-01-22 11:18:40','2018-01-22 18:30:28',242,'FBD-8300',90),(2058,'2018-12-10 03:26:16','2018-12-10 06:45:16',401,'0LL0774',35),(2059,'2018-09-03 17:19:49','2018-09-04 00:04:44',162,'935Z6',52),(2060,'2018-04-05 02:03:14','2018-04-06 00:13:14',330,'JQ2 R6R',88),(2061,'2018-06-19 06:51:07','2018-06-19 19:15:13',442,'3DO 420',62),(2062,'2018-08-22 05:54:49','2018-08-22 21:15:26',327,'3-6608Z',22),(2063,'2018-01-30 19:03:32','2018-01-31 15:16:43',189,'3-6608Z',24),(2064,'2018-02-04 03:52:44','2018-02-04 11:19:26',144,'HCH 835',87),(2065,'2018-07-05 12:31:28','2018-07-06 01:28:19',51,'78-65590',55),(2066,'2018-05-05 15:34:44','2018-05-05 20:33:25',357,'SC 1779',71),(2067,'2018-02-01 21:47:20','2018-02-02 04:02:53',400,'KQZ 813',60),(2068,'2018-07-07 10:24:30','2018-07-07 21:54:08',125,'9LX T41',50),(2069,'2018-08-24 10:34:25','2018-08-25 00:46:36',270,'233752',40),(2070,'2018-05-17 15:50:11','2018-05-17 19:07:59',275,'45W X49',75),(2071,'2018-11-29 00:10:39','2018-11-29 21:59:11',415,'45W X49',78),(2072,'2018-01-06 06:27:10','2018-01-06 07:45:42',231,'935Z6',91),(2073,'2018-02-28 12:23:33','2018-03-01 02:30:44',14,'SEQ-9042',22),(2074,'2018-06-04 13:25:16','2018-06-05 05:49:13',135,'7-U3496',13),(2075,'2018-06-19 10:23:27','2018-06-19 16:38:08',255,'385-BHZA',85),(2076,'2018-02-04 11:43:03','2018-02-04 18:42:28',86,'KTJ 026',47),(2077,'2018-06-30 22:24:41','2018-07-01 18:42:40',217,'31X VL1',35),(2078,'2018-10-13 03:19:33','2018-10-13 05:30:38',371,'0J DR847',95),(2079,'2018-01-29 02:01:08','2018-01-29 08:15:01',152,'RZD 208',77),(2080,'2018-05-04 19:42:18','2018-05-05 10:47:51',237,'70-08440',87),(2081,'2018-03-08 18:27:29','2018-03-09 01:12:25',332,'160 KOM',70),(2082,'2018-01-02 12:55:11','2018-01-03 10:10:46',374,'31X VL1',88),(2083,'2018-10-09 22:59:43','2018-10-10 11:32:27',65,'091 WTK',7),(2084,'2018-07-22 21:55:38','2018-07-23 16:04:29',42,'78-65590',78),(2085,'2018-01-25 22:53:13','2018-01-26 06:49:20',175,'63G 421',74),(2086,'2018-09-21 03:10:58','2018-09-21 08:20:55',205,'XAB-6911',75),(2087,'2018-09-12 16:36:32','2018-09-13 11:02:18',471,'91V B44',60),(2088,'2018-05-16 13:32:57','2018-05-16 18:58:57',385,'0J DR847',6),(2089,'2018-04-23 01:34:57','2018-04-23 23:13:56',19,'45W X49',9),(2090,'2018-02-10 23:03:50','2018-02-11 01:32:10',69,'LEL-3572',34),(2091,'2018-12-06 22:53:30','2018-12-07 15:29:48',214,'0ZE1224',78),(2092,'2018-07-12 08:47:59','2018-07-13 02:36:10',495,'FXA-9799',66),(2093,'2018-01-14 15:16:04','2018-01-15 00:00:15',205,'0ZE1224',80),(2094,'2018-09-28 20:09:10','2018-09-29 06:33:20',152,'FBD-8300',82),(2095,'2018-05-14 21:16:49','2018-05-15 00:03:16',92,'G 445079',28),(2096,'2018-05-21 11:05:09','2018-05-22 00:51:00',281,'G 445079',54),(2097,'2018-03-28 02:09:22','2018-03-28 23:36:27',366,'0LL0774',61),(2098,'2018-09-20 20:08:28','2018-09-21 16:56:11',453,'6NZG011',88),(2099,'2018-11-06 03:02:09','2018-11-06 17:28:11',321,'91V B44',61),(2100,'2018-10-20 04:49:56','2018-10-20 19:02:08',219,'8JTU778',32),(2101,'2018-08-03 10:11:44','2018-08-03 14:17:11',157,'JQ2 R6R',48),(2102,'2018-09-04 21:15:41','2018-09-05 12:47:55',80,'30C 9038',64),(2103,'2018-06-04 16:54:47','2018-06-04 23:54:23',242,'252 LKC',29),(2104,'2018-11-02 14:18:35','2018-11-03 10:03:06',226,'075 FFB',52),(2105,'2018-10-30 23:45:49','2018-10-31 02:34:34',379,'SEQ-9042',56),(2106,'2018-08-26 07:45:34','2018-08-27 01:19:00',142,'7-U3496',95),(2107,'2018-11-03 02:38:02','2018-11-03 14:32:43',386,'823S',12),(2108,'2018-01-30 18:34:33','2018-01-30 19:12:40',212,'160 KOM',11),(2109,'2018-05-20 22:25:16','2018-05-21 06:06:45',164,'4-44016Q',25),(2110,'2018-11-26 12:57:42','2018-11-27 01:32:29',35,'644K',28),(2111,'2018-05-17 00:58:59','2018-05-17 13:42:45',290,'FXA-9799',25),(2112,'2018-11-28 22:25:37','2018-11-29 02:42:52',64,'6NZG011',28),(2113,'2018-12-27 08:29:20','2018-12-28 07:22:09',24,'0ZE1224',61),(2114,'2018-03-12 15:30:46','2018-03-13 01:06:36',119,'WS 7027',17),(2115,'2018-03-05 21:17:30','2018-03-06 12:36:45',372,'477 NPK',34),(2116,'2018-03-31 15:22:25','2018-03-31 23:03:51',219,'252 LKC',97),(2117,'2018-03-29 22:54:24','2018-03-30 05:27:37',383,'0ZE1224',38),(2118,'2018-01-06 19:11:09','2018-01-07 17:06:33',423,'SEQ-9042',57),(2119,'2018-10-11 21:42:13','2018-10-12 00:08:39',147,'JQ2 R6R',35),(2120,'2018-02-19 23:32:47','2018-02-20 18:56:23',213,'177 YBQ',45),(2121,'2018-04-25 08:46:17','2018-04-25 15:20:36',381,'WS 7027',29),(2122,'2018-02-11 16:04:58','2018-02-11 17:01:11',421,'91V B44',48),(2123,'2018-04-26 01:42:52','2018-04-26 03:03:31',206,'074D9',49),(2124,'2018-07-18 12:50:06','2018-07-19 02:20:46',68,'993 DTR',63),(2125,'2018-01-09 20:35:57','2018-01-10 10:04:51',381,'31X VL1',26),(2126,'2018-11-21 03:42:47','2018-11-21 12:05:15',37,'FBD-8300',85),(2127,'2018-03-04 09:30:25','2018-03-05 00:45:51',280,'993 DTR',74),(2128,'2018-02-25 18:06:45','2018-02-25 20:05:21',464,'30C 9038',97),(2129,'2018-01-08 15:38:37','2018-01-08 20:05:11',460,'6698',57),(2130,'2018-03-20 19:39:58','2018-03-20 21:10:13',470,'6698',5),(2131,'2018-04-28 04:38:26','2018-04-28 10:54:31',183,'HL 5495',95),(2132,'2018-06-19 15:31:50','2018-06-20 01:44:21',373,'0ZE1224',92),(2133,'2018-10-24 05:15:51','2018-10-25 04:55:22',3,'4-44016Q',62),(2134,'2018-05-17 19:17:38','2018-05-18 06:11:40',489,'LDT 720',64),(2135,'2018-11-07 13:19:35','2018-11-08 03:04:58',330,'6698',20),(2136,'2018-10-26 11:06:15','2018-10-27 06:57:40',95,'KTJ 026',10),(2137,'2018-04-21 16:50:32','2018-04-21 19:24:32',500,'RPD-8334',84),(2138,'2018-04-23 01:17:08','2018-04-23 17:43:40',475,'VPT-2591',52),(2139,'2018-05-25 18:55:17','2018-05-26 11:39:44',74,'FBD-8300',66),(2140,'2018-11-10 12:17:45','2018-11-10 14:52:53',459,'LDT 720',98),(2141,'2018-02-12 02:05:43','2018-02-12 04:27:39',78,'3DO 420',24),(2143,'2018-07-25 05:50:25','2018-07-25 12:04:15',73,'175 3398',63),(2144,'2018-07-10 09:23:29','2018-07-11 08:14:31',392,'935Z6',87),(2145,'2018-05-15 16:34:44','2018-05-16 03:55:59',383,'4QT U99',44),(2146,'2018-01-26 14:05:57','2018-01-26 14:26:42',94,'4-44016Q',1),(2147,'2018-04-16 13:09:12','2018-04-16 22:47:27',13,'78-65590',83),(2148,'2018-07-20 05:18:19','2018-07-20 06:41:23',401,'6NZG011',91),(2149,'2018-06-27 08:47:34','2018-06-28 01:01:02',315,'SEQ-9042',5),(2150,'2018-03-04 08:32:26','2018-03-04 10:38:18',322,'30C 9038',66),(2151,'2018-10-04 14:55:19','2018-10-05 03:30:05',182,'10M H33',36),(2152,'2018-09-11 11:12:41','2018-09-11 11:30:38',322,'SC 1779',58),(2153,'2018-01-26 19:34:36','2018-01-27 17:34:36',239,'10M H33',80),(2154,'2018-09-06 18:45:58','2018-09-07 11:10:40',273,'30C 9038',33),(2155,'2018-09-14 03:33:55','2018-09-14 23:00:08',225,'644K',36),(2156,'2018-11-15 05:51:25','2018-11-16 04:19:19',468,'4-44016Q',54),(2157,'2018-07-13 19:58:32','2018-07-14 10:30:15',413,'NDN 884',27),(2158,'2018-09-28 10:04:18','2018-09-28 16:23:06',401,'0J DR847',24),(2159,'2018-11-22 03:24:11','2018-11-23 02:18:08',35,'FXA-9799',66),(2160,'2018-06-22 23:48:53','2018-06-23 18:50:36',72,'029 GAV',88),(2161,'2018-02-05 09:54:36','2018-02-05 16:11:22',441,'NDN 884',67),(2162,'2018-03-13 00:06:23','2018-03-13 05:56:43',94,'993 DTR',45),(2163,'2018-10-31 04:45:02','2018-10-31 05:56:30',310,'VPT-2591',19),(2164,'2018-01-30 18:43:32','2018-01-31 16:59:51',104,'8JTU778',76),(2165,'2018-02-28 10:09:11','2018-02-28 14:57:14',488,'074D9',84),(2166,'2018-04-27 12:35:46','2018-04-28 05:58:07',395,'252 LKC',7),(2167,'2018-10-20 17:58:10','2018-10-21 01:07:37',426,'HCH 835',30),(2168,'2018-04-02 10:28:20','2018-04-02 18:10:38',487,'3-6608Z',41),(2169,'2018-10-24 19:53:46','2018-10-25 03:27:01',180,'10M H33',31),(2170,'2018-01-01 15:46:34','2018-01-01 18:00:38',331,'7-U3496',45),(2171,'2018-11-20 05:03:31','2018-11-20 08:07:42',222,'24QZ031',40),(2172,'2018-08-12 17:56:21','2018-08-12 23:01:25',306,'175 3398',71),(2173,'2018-06-20 13:10:48','2018-06-21 03:57:21',342,'FXA-9799',88),(2174,'2018-10-08 22:06:54','2018-10-08 22:36:38',155,'993 DTR',7),(2175,'2018-11-11 23:27:07','2018-11-12 15:41:45',16,'VPT-2591',27),(2176,'2018-05-25 02:01:48','2018-05-25 03:21:44',138,'IHF-296',100),(2177,'2018-11-04 04:16:21','2018-11-04 04:59:02',249,'RPD-8334',4),(2178,'2018-06-15 20:46:45','2018-06-16 00:30:29',332,'HL 5495',77),(2179,'2018-05-22 14:50:22','2018-05-22 16:44:40',143,'4QT U99',22),(2180,'2018-03-15 18:28:57','2018-03-16 04:21:49',254,'091 WTK',44),(2181,'2018-12-13 05:21:45','2018-12-14 02:33:03',235,'NDN 884',99),(2182,'2018-12-25 14:20:07','2018-12-26 09:35:05',232,'973 1322',96),(2183,'2018-11-30 23:05:51','2018-12-01 08:26:42',147,'3DO 420',72),(2184,'2018-10-27 02:17:47','2018-10-27 07:55:59',245,'LDT 720',46),(2185,'2018-01-29 22:05:50','2018-01-30 11:06:03',434,'76-O317',6),(2186,'2018-07-12 00:46:35','2018-07-12 08:31:54',87,'24QZ031',19),(2187,'2018-08-08 14:04:57','2018-08-09 03:41:47',301,'0LL0774',59),(2188,'2018-04-24 22:08:04','2018-04-25 01:19:09',394,'0LL0774',90),(2189,'2018-01-26 11:47:51','2018-01-26 14:35:53',91,'HCH 835',91),(2190,'2018-07-08 21:57:59','2018-07-08 22:30:02',225,'4QT U99',82),(2191,'2018-10-06 05:12:00','2018-10-06 23:55:27',254,'6NZG011',45),(2192,'2018-05-15 16:29:01','2018-05-16 01:08:52',345,'NMQ 372',73),(2193,'2018-02-17 18:16:04','2018-02-17 20:54:46',168,'XAB-6911',83),(2194,'2018-12-22 05:50:16','2018-12-22 15:49:09',387,'SC 1779',71),(2195,'2018-06-09 04:23:02','2018-06-09 13:32:22',500,'FXA-9799',12),(2196,'2018-06-16 05:26:48','2018-06-16 12:47:15',466,'XAB-6911',65),(2197,'2018-01-01 08:27:13','2018-01-01 14:13:25',76,'10M H33',75),(2198,'2018-09-29 12:43:29','2018-09-29 18:24:14',169,'0J DR847',24),(2199,'2018-12-14 14:56:24','2018-12-15 08:49:55',350,'RZD 208',33),(2200,'2018-11-07 21:00:52','2018-11-08 16:59:42',464,'LDT 720',5),(2201,'2018-11-08 05:12:50','2018-11-08 16:37:19',299,'SEQ-9042',31),(2202,'2018-10-11 13:00:34','2018-10-12 06:42:48',363,'VPT-2591',21),(2203,'2018-04-16 20:13:47','2018-04-16 20:18:26',400,'029 GAV',85),(2204,'2018-05-26 01:24:13','2018-05-26 11:26:15',164,'091 WTK',18),(2205,'2018-07-24 10:31:39','2018-07-24 12:37:47',123,'JQ2 R6R',65),(2206,'2018-11-03 01:17:16','2018-11-03 16:51:59',49,'233752',29),(2207,'2018-01-08 20:33:06','2018-01-09 13:03:54',432,'VPT-2591',81),(2208,'2018-03-03 05:13:07','2018-03-04 03:55:10',32,'091 WTK',18),(2209,'2018-04-14 18:09:52','2018-04-15 04:50:08',44,'644K',51),(2210,'2018-03-11 12:20:13','2018-03-11 21:54:10',102,'8JTU778',11),(2211,'2018-01-15 11:27:55','2018-01-15 23:27:49',111,'NDN 884',99),(2212,'2018-04-30 20:32:51','2018-05-01 12:27:50',383,'JQ2 R6R',25),(2213,'2018-06-15 10:04:56','2018-06-15 14:46:29',220,'091 WTK',71),(2214,'2018-03-16 05:27:47','2018-03-16 20:21:40',325,'78-65590',71),(2215,'2018-07-06 04:11:42','2018-07-06 15:38:34',22,'FXA-9799',30),(2216,'2018-01-11 03:29:25','2018-01-11 04:35:09',313,'4-44016Q',95),(2217,'2018-04-08 02:43:45','2018-04-08 06:37:07',235,'KXB 559',5),(2218,'2018-08-18 02:03:31','2018-08-18 02:32:49',112,'644K',39),(2219,'2018-03-17 14:07:23','2018-03-17 16:26:01',130,'8JTU778',33),(2220,'2018-11-09 05:25:21','2018-11-09 11:33:14',131,'385-BHZA',45),(2221,'2018-04-11 03:24:46','2018-04-11 04:31:30',117,'HL 5495',68),(2222,'2018-06-14 14:10:41','2018-06-15 11:20:09',214,'LEL-3572',13),(2223,'2018-10-10 08:49:30','2018-10-11 02:27:13',456,'NDN 884',23),(2224,'2018-06-24 11:31:08','2018-06-24 13:45:53',193,'FXA-9799',63),(2225,'2018-10-20 23:59:22','2018-10-21 23:16:14',196,'LEL-3572',76),(2226,'2018-06-23 20:57:27','2018-06-24 15:53:36',7,'177 YBQ',2),(2227,'2018-08-03 12:43:27','2018-08-04 09:59:41',287,'30C 9038',81),(2228,'2018-07-21 11:41:37','2018-07-22 08:03:43',396,'HCH 835',84),(2229,'2018-03-18 11:47:46','2018-03-19 03:01:09',483,'RZD 208',26),(2230,'2018-11-14 18:59:24','2018-11-15 04:01:43',426,'029 GAV',2),(2231,'2018-02-28 13:37:43','2018-03-01 10:15:24',375,'3DO 420',94),(2232,'2018-03-23 02:18:27','2018-03-24 01:17:03',147,'LEL-3572',55),(2233,'2018-09-08 21:59:20','2018-09-09 07:30:16',148,'45W X49',48),(2234,'2018-12-08 22:01:10','2018-12-09 16:41:45',213,'6698',50),(2235,'2018-10-17 10:13:18','2018-10-17 20:29:10',135,'3-6608Z',30),(2236,'2018-10-06 02:29:24','2018-10-06 18:36:53',81,'4-44016Q',83),(2237,'2018-12-20 08:17:28','2018-12-20 10:28:59',99,'IHF-296',40),(2238,'2018-02-16 13:03:29','2018-02-17 00:02:00',92,'029 GAV',3),(2239,'2018-12-04 21:31:58','2018-12-05 01:43:05',70,'160 KOM',71),(2240,'2018-07-31 08:44:27','2018-07-31 14:58:47',153,'HCH 835',56),(2241,'2018-06-02 07:46:54','2018-06-03 02:52:15',428,'IHF-296',60),(2242,'2018-04-20 02:11:59','2018-04-20 11:56:50',91,'SEQ-9042',35),(2243,'2018-03-02 05:54:20','2018-03-02 11:17:44',376,'4QT U99',95),(2244,'2018-05-21 00:45:22','2018-05-21 14:28:09',447,'YN8 P5J',43),(2245,'2018-12-11 03:09:03','2018-12-12 01:15:14',56,'LDT 720',34),(2246,'2018-07-22 03:01:55','2018-07-23 00:30:20',144,'SC 1779',9),(2247,'2018-09-22 08:44:39','2018-09-23 01:56:15',307,'10M H33',11),(2248,'2018-08-02 09:18:12','2018-08-02 19:57:17',190,'8JTU778',67),(2249,'2018-03-24 16:32:05','2018-03-25 10:54:03',395,'30C 9038',5),(2250,'2018-05-20 12:58:51','2018-05-21 10:07:25',322,'074D9',4),(2251,'2018-08-31 01:13:43','2018-08-31 19:12:21',64,'KQZ 813',64),(2252,'2018-12-01 22:59:45','2018-12-01 23:52:26',135,'45W X49',13),(2253,'2018-05-10 22:17:11','2018-05-11 15:05:57',112,'LDT 720',78),(2254,'2018-07-06 05:47:02','2018-07-06 10:04:32',106,'LEL-3572',47),(2255,'2018-10-30 17:43:18','2018-10-31 01:19:14',173,'175 3398',93),(2256,'2018-02-14 03:34:38','2018-02-14 23:40:01',476,'160 KOM',57),(2257,'2018-12-06 07:17:53','2018-12-06 13:51:31',474,'9LX T41',11),(2258,'2018-07-01 19:45:51','2018-07-02 13:10:05',141,'SC 1779',83),(2259,'2018-09-23 00:01:56','2018-09-23 06:28:46',354,'3DO 420',64),(2260,'2018-12-19 09:30:30','2018-12-20 05:42:48',53,'24QZ031',71),(2261,'2018-10-20 17:12:39','2018-10-20 20:19:47',474,'477 NPK',74),(2262,'2018-09-10 18:08:44','2018-09-11 02:13:52',114,'0J DR847',39),(2263,'2018-04-03 11:51:17','2018-04-03 20:08:00',198,'4-44016Q',35),(2264,'2018-10-01 11:42:41','2018-10-01 11:52:04',16,'6698',56),(2265,'2018-03-24 18:37:53','2018-03-25 06:40:57',366,'70-08440',51),(2266,'2018-05-14 00:20:16','2018-05-15 00:07:46',121,'RZD 208',3),(2267,'2018-06-16 16:09:55','2018-06-17 14:33:19',233,'FXA-9799',19),(2268,'2018-01-20 11:39:32','2018-01-21 06:36:10',170,'177 YBQ',42),(2269,'2018-10-07 09:10:03','2018-10-08 01:09:48',406,'LDT 720',17),(2270,'2018-08-11 21:35:52','2018-08-12 20:42:02',168,'G 445079',31),(2271,'2018-05-09 20:01:05','2018-05-10 15:03:10',135,'91V B44',25),(2272,'2018-04-17 23:20:40','2018-04-18 12:20:59',1,'0LL0774',85),(2273,'2018-11-04 11:17:18','2018-11-04 14:48:20',439,'091 WTK',76),(2274,'2018-08-12 04:51:08','2018-08-12 18:43:47',377,'160 KOM',40),(2275,'2018-03-24 18:16:59','2018-03-25 02:34:54',402,'177 YBQ',77),(2277,'2018-10-05 04:20:30','2018-10-05 16:37:28',295,'SEQ-9042',48),(2278,'2018-12-12 10:43:12','2018-12-13 03:15:40',424,'10M H33',4),(2279,'2018-01-12 15:34:20','2018-01-12 18:21:48',136,'175 3398',34),(2280,'2018-12-07 03:20:15','2018-12-07 09:05:53',197,'NDN 884',92),(2281,'2018-08-27 18:44:45','2018-08-28 18:22:15',192,'SEQ-9042',55),(2282,'2018-12-06 20:41:37','2018-12-07 17:40:45',490,'NMQ 372',75),(2283,'2018-04-08 09:16:52','2018-04-09 05:55:05',4,'LDT 720',26),(2284,'2018-07-07 22:42:34','2018-07-08 00:40:14',373,'JQ2 R6R',16),(2285,'2018-05-12 18:17:36','2018-05-13 08:19:33',93,'63G 421',57),(2286,'2018-08-07 04:43:35','2018-08-08 02:01:32',442,'6NZG011',77),(2287,'2018-03-19 04:42:49','2018-03-19 13:05:40',268,'30C 9038',84),(2288,'2018-01-10 07:52:22','2018-01-10 09:28:59',294,'FXA-9799',65),(2289,'2018-11-18 15:48:20','2018-11-19 11:54:42',208,'233752',94),(2290,'2018-02-28 14:10:57','2018-03-01 11:03:23',16,'IHF-296',44),(2291,'2018-03-09 10:32:05','2018-03-10 05:57:08',331,'8JTU778',78),(2292,'2018-05-31 04:23:01','2018-05-31 19:17:46',49,'973 1322',47),(2293,'2018-05-05 00:05:24','2018-05-05 04:11:32',128,'823S',43),(2294,'2018-04-30 22:27:54','2018-05-01 11:47:16',5,'0ZE1224',10),(2295,'2018-12-09 12:53:21','2018-12-10 04:12:47',428,'VPT-2591',17),(2296,'2018-01-19 00:00:10','2018-01-19 19:12:51',80,'YN8 P5J',15),(2297,'2018-04-14 00:14:32','2018-04-14 16:14:25',205,'31X VL1',21),(2298,'2018-04-11 09:54:04','2018-04-12 01:06:19',82,'252 LKC',66),(2299,'2018-09-09 00:38:58','2018-09-09 19:33:18',278,'NMQ 372',53),(2300,'2018-07-15 18:32:38','2018-07-16 00:36:29',347,'074D9',4),(2301,'2018-01-09 08:28:02','2018-01-10 04:28:03',15,'IHF-296',39),(2302,'2018-10-01 11:16:19','2018-10-02 03:24:57',469,'KXB 559',6),(2303,'2018-06-11 03:56:39','2018-06-11 07:24:35',266,'IHF-296',80),(2304,'2018-07-11 16:10:30','2018-07-11 21:33:48',468,'RPD-8334',8),(2305,'2018-10-24 16:18:00','2018-10-24 16:46:24',237,'NDN 884',57),(2306,'2018-12-27 05:41:12','2018-12-28 04:42:42',479,'76-O317',100),(2307,'2018-06-26 19:40:17','2018-06-27 19:05:57',190,'G 445079',31),(2308,'2018-05-07 15:15:15','2018-05-07 17:01:19',296,'FXA-9799',26),(2309,'2018-02-19 18:58:56','2018-02-20 02:55:42',30,'KTJ 026',16),(2310,'2018-09-20 15:36:35','2018-09-21 14:15:06',25,'9LX T41',95),(2311,'2018-09-15 06:53:04','2018-09-15 22:45:11',307,'4QT U99',99),(2312,'2018-05-05 09:21:28','2018-05-05 17:30:28',284,'175 3398',99),(2313,'2018-09-22 22:24:55','2018-09-23 17:45:17',51,'175 3398',33),(2314,'2018-03-11 03:45:21','2018-03-12 02:17:41',70,'823S',17),(2315,'2018-07-23 10:40:05','2018-07-24 01:43:38',416,'91V B44',85),(2316,'2018-12-17 15:13:52','2018-12-18 08:14:36',72,'075 FFB',52),(2317,'2018-02-19 06:40:37','2018-02-19 11:29:33',14,'76-O317',41),(2318,'2018-01-29 05:00:54','2018-01-29 18:18:02',355,'70-08440',69),(2319,'2018-02-10 12:42:02','2018-02-11 07:28:25',249,'VPT-2591',56),(2320,'2018-10-30 08:56:34','2018-10-30 16:03:31',341,'252 LKC',36),(2321,'2018-01-27 06:58:15','2018-01-27 11:47:16',339,'91V B44',45),(2322,'2018-07-10 08:40:14','2018-07-10 21:12:24',413,'823S',52),(2323,'2018-01-02 09:09:34','2018-01-02 13:21:35',94,'FBD-8300',72),(2324,'2018-04-04 23:06:45','2018-04-05 17:28:30',221,'0ZE1224',83),(2325,'2018-01-04 13:26:18','2018-01-05 05:49:47',321,'KXB 559',17),(2326,'2018-01-04 19:40:31','2018-01-05 01:21:31',194,'9LX T41',99),(2327,'2018-02-08 15:39:39','2018-02-09 08:46:40',490,'KXB 559',60),(2328,'2018-07-18 09:45:31','2018-07-18 22:03:27',304,'10M H33',80),(2329,'2018-01-04 20:47:35','2018-01-05 17:42:48',453,'177 YBQ',29),(2330,'2018-10-22 20:31:58','2018-10-23 08:10:54',451,'233752',8),(2331,'2018-09-04 20:06:07','2018-09-05 11:56:37',332,'0J DR847',60),(2332,'2018-08-03 16:17:03','2018-08-04 05:05:04',470,'7-U3496',13),(2333,'2018-12-16 00:36:42','2018-12-16 14:59:25',234,'3DO 420',51),(2334,'2018-11-22 01:49:46','2018-11-22 20:14:55',377,'10M H33',100),(2335,'2018-03-11 06:29:26','2018-03-11 15:08:04',484,'WS 7027',56),(2336,'2018-09-22 08:53:13','2018-09-23 04:37:54',86,'RPD-8334',35),(2337,'2018-12-08 20:27:45','2018-12-09 15:53:18',241,'0J DR847',96),(2338,'2018-10-27 10:48:16','2018-10-27 13:29:24',358,'VPT-2591',55),(2339,'2018-08-19 16:41:12','2018-08-20 12:39:23',427,'252 LKC',28),(2340,'2018-07-18 01:56:06','2018-07-18 19:06:19',439,'644K',5),(2341,'2018-11-28 03:55:00','2018-11-28 08:23:27',131,'8JTU778',50),(2342,'2018-01-16 19:37:21','2018-01-17 14:33:12',309,'177 YBQ',84),(2343,'2018-05-29 19:44:13','2018-05-30 12:58:44',215,'4QT U99',79),(2344,'2018-03-04 03:14:42','2018-03-04 11:55:26',58,'YN8 P5J',87),(2345,'2018-04-10 15:03:01','2018-04-11 04:11:59',198,'31X VL1',77),(2346,'2018-01-06 12:05:23','2018-01-07 00:25:28',363,'233752',2),(2347,'2018-12-08 11:49:20','2018-12-08 16:05:03',41,'SEQ-9042',52),(2348,'2018-08-02 01:19:07','2018-08-02 11:27:30',170,'70-08440',61),(2349,'2018-04-17 10:57:28','2018-04-17 16:36:45',449,'993 DTR',75),(2350,'2018-04-23 23:40:46','2018-04-24 18:54:58',300,'0J DR847',8),(2351,'2018-01-01 03:42:18','2018-01-01 21:20:15',276,'78-65590',53),(2352,'2018-04-24 04:09:07','2018-04-24 07:27:04',435,'0LL0774',77),(2353,'2018-11-09 08:59:29','2018-11-09 13:26:47',198,'091 WTK',26),(2354,'2018-02-18 17:41:54','2018-02-18 20:59:56',342,'IHF-296',58),(2355,'2018-02-09 14:30:56','2018-02-10 02:42:28',66,'477 NPK',64),(2356,'2018-05-11 12:26:59','2018-05-12 00:50:18',269,'477 NPK',82),(2357,'2018-03-31 14:31:20','2018-03-31 16:53:52',285,'45W X49',24),(2358,'2018-10-02 13:35:00','2018-10-02 13:36:08',176,'SC 1779',56),(2359,'2018-11-17 16:01:17','2018-11-17 16:14:38',157,'LEL-3572',50),(2360,'2018-06-21 18:15:25','2018-06-22 12:30:04',329,'NDN 884',39),(2361,'2018-01-12 16:24:00','2018-01-13 12:30:09',321,'6698',24),(2362,'2018-09-02 13:33:04','2018-09-03 03:38:56',102,'252 LKC',72),(2363,'2018-02-15 21:40:00','2018-02-16 07:04:45',463,'8JTU778',37),(2364,'2018-04-22 12:49:53','2018-04-23 12:00:20',13,'IHF-296',2),(2365,'2018-08-12 00:53:51','2018-08-13 00:18:58',172,'252 LKC',86),(2366,'2018-08-23 04:07:26','2018-08-23 09:53:41',339,'6698',93),(2367,'2018-07-31 23:43:24','2018-08-01 13:41:56',403,'029 GAV',48),(2368,'2018-06-26 04:42:55','2018-06-26 12:48:07',197,'NDN 884',16),(2369,'2018-06-05 05:20:50','2018-06-05 09:24:28',473,'FBD-8300',52),(2370,'2018-05-04 23:47:54','2018-05-05 12:02:22',344,'075 FFB',92),(2371,'2018-04-03 01:58:26','2018-04-03 09:02:20',66,'63G 421',85),(2372,'2018-03-25 15:09:30','2018-03-26 00:02:05',380,'233752',90),(2373,'2018-04-05 15:13:17','2018-04-05 15:48:26',243,'45W X49',32),(2374,'2018-03-23 00:34:05','2018-03-23 10:25:55',199,'IHF-296',81),(2375,'2018-03-14 18:10:23','2018-03-14 22:21:20',245,'KTJ 026',85),(2376,'2018-07-14 07:37:20','2018-07-14 10:16:07',363,'HCH 835',82),(2377,'2018-06-24 22:38:25','2018-06-25 19:43:43',237,'LDT 720',10),(2378,'2018-09-28 11:31:08','2018-09-28 22:01:57',14,'NMQ 372',19),(2379,'2018-01-24 18:20:09','2018-01-25 09:41:39',91,'091 WTK',33),(2380,'2018-03-21 17:22:42','2018-03-22 11:23:50',190,'30C 9038',19),(2381,'2018-04-12 23:07:02','2018-04-13 15:23:58',166,'8JTU778',68),(2382,'2018-10-11 16:46:15','2018-10-12 07:36:48',120,'177 YBQ',11),(2383,'2018-01-25 04:04:17','2018-01-25 07:11:26',439,'3DO 420',55),(2384,'2018-09-13 01:18:49','2018-09-13 15:53:27',273,'SC 1779',8),(2385,'2018-06-16 15:52:35','2018-06-16 19:14:13',222,'VPT-2591',5),(2386,'2018-12-07 10:17:39','2018-12-08 05:01:32',216,'4QT U99',88),(2387,'2018-03-14 17:18:08','2018-03-14 22:44:29',281,'993 DTR',56),(2388,'2018-04-11 07:26:47','2018-04-11 17:17:52',156,'31X VL1',24),(2389,'2018-03-05 16:19:54','2018-03-06 09:11:30',150,'91V B44',3),(2390,'2018-01-15 06:22:25','2018-01-15 11:27:02',39,'4QT U99',67),(2391,'2018-04-19 06:18:00','2018-04-19 17:08:12',348,'091 WTK',60),(2392,'2018-11-19 03:17:33','2018-11-19 04:31:31',153,'0J DR847',75),(2393,'2018-06-17 12:34:09','2018-06-18 00:18:38',404,'FBD-8300',56),(2394,'2018-09-03 18:39:45','2018-09-03 18:45:04',107,'91V B44',71),(2395,'2018-05-17 15:02:59','2018-05-18 12:16:14',112,'0LL0774',36),(2396,'2018-04-14 03:40:20','2018-04-14 09:59:18',408,'8JTU778',22),(2397,'2018-05-03 01:01:30','2018-05-03 17:47:55',104,'0LL0774',50),(2398,'2018-03-29 18:48:18','2018-03-30 09:14:52',422,'175 3398',7),(2399,'2018-09-22 00:21:55','2018-09-22 01:47:56',478,'LDT 720',33),(2400,'2018-02-25 01:29:01','2018-02-25 02:34:59',305,'76-O317',71),(2401,'2018-05-13 17:52:58','2018-05-13 22:07:40',226,'HCH 835',45),(2402,'2018-08-31 14:33:56','2018-09-01 14:27:03',260,'8JTU778',84),(2403,'2018-03-24 22:44:04','2018-03-25 03:29:48',79,'385-BHZA',6),(2404,'2018-03-14 07:48:54','2018-03-15 07:43:09',47,'091 WTK',54),(2405,'2018-07-01 03:43:20','2018-07-01 04:02:49',325,'KQZ 813',17),(2406,'2018-03-25 11:27:42','2018-03-25 12:43:59',160,'9LX T41',67),(2407,'2018-03-08 09:26:06','2018-03-08 16:15:15',292,'G 445079',52),(2408,'2018-04-02 03:10:35','2018-04-02 21:45:26',169,'LDT 720',78),(2409,'2018-09-30 15:57:48','2018-10-01 14:10:27',57,'SC 1779',2),(2410,'2018-12-08 14:17:01','2018-12-09 03:21:28',462,'31X VL1',33),(2411,'2018-11-23 01:12:07','2018-11-24 00:39:44',180,'177 YBQ',64),(2412,'2018-01-09 11:17:37','2018-01-09 21:39:23',248,'091 WTK',10),(2413,'2018-08-05 21:40:27','2018-08-06 16:11:01',363,'4QT U99',85),(2414,'2018-07-01 01:20:43','2018-07-01 07:26:48',451,'45W X49',11),(2415,'2018-05-17 05:05:14','2018-05-18 02:06:47',141,'HCH 835',37),(2416,'2018-04-30 16:25:12','2018-04-30 20:26:53',497,'LEL-3572',32),(2417,'2018-03-28 10:41:16','2018-03-29 10:28:22',406,'63G 421',50),(2418,'2018-06-16 00:07:11','2018-06-16 01:18:52',25,'LDT 720',21),(2419,'2018-02-22 16:54:02','2018-02-23 08:31:20',258,'233752',35),(2420,'2018-11-10 23:24:39','2018-11-11 14:19:48',2,'FBD-8300',90),(2421,'2018-12-30 04:15:17','2018-12-30 04:17:32',494,'KQZ 813',79),(2422,'2018-10-02 07:52:49','2018-10-02 14:10:10',13,'644K',29),(2423,'2018-06-16 17:58:23','2018-06-17 11:57:58',12,'10M H33',14),(2424,'2018-04-01 18:06:43','2018-04-02 07:51:36',380,'477 NPK',25),(2425,'2018-06-04 01:15:28','2018-06-04 14:23:25',497,'VPT-2591',59),(2426,'2018-08-14 09:56:53','2018-08-15 04:22:03',487,'63G 421',6),(2427,'2018-10-26 09:33:25','2018-10-26 12:21:37',67,'4-44016Q',85),(2428,'2018-02-11 02:15:42','2018-02-11 10:59:53',207,'KXB 559',75),(2429,'2018-06-16 03:32:33','2018-06-16 03:57:03',181,'45W X49',58),(2430,'2018-10-04 22:29:53','2018-10-05 19:21:16',451,'78-65590',55),(2431,'2018-09-26 07:27:21','2018-09-26 12:12:14',263,'SEQ-9042',9),(2432,'2018-11-30 17:58:43','2018-12-01 15:30:22',344,'4-44016Q',46),(2433,'2018-05-10 01:31:54','2018-05-10 16:27:47',424,'6NZG011',26),(2434,'2018-08-01 12:09:18','2018-08-02 07:25:19',191,'4-44016Q',50),(2435,'2018-07-29 23:15:19','2018-07-30 16:28:17',150,'160 KOM',85),(2436,'2018-02-09 13:57:32','2018-02-09 15:51:21',115,'8JTU778',54),(2437,'2018-05-02 19:07:49','2018-05-03 18:13:03',179,'3-6608Z',60),(2438,'2018-11-04 21:19:38','2018-11-05 10:44:59',277,'76-O317',51),(2439,'2018-10-09 22:58:03','2018-10-09 22:59:29',458,'XAB-6911',64),(2440,'2018-04-01 23:21:05','2018-04-02 07:35:42',210,'935Z6',50),(2441,'2018-12-19 13:49:05','2018-12-20 11:29:39',47,'3DO 420',1),(2442,'2018-05-11 11:19:09','2018-05-12 10:22:48',216,'160 KOM',1),(2443,'2018-09-29 04:56:16','2018-09-29 06:06:18',252,'HCH 835',73),(2444,'2018-10-08 23:19:54','2018-10-09 16:10:41',485,'6698',5),(2445,'2018-08-17 12:12:53','2018-08-18 04:53:15',324,'FXA-9799',68),(2446,'2018-04-09 02:20:10','2018-04-09 21:39:22',240,'10M H33',11),(2447,'2018-08-01 22:01:09','2018-08-02 14:28:45',397,'78-65590',93),(2448,'2018-06-21 21:28:20','2018-06-21 22:57:52',339,'LDT 720',9),(2449,'2018-12-06 06:04:09','2018-12-06 13:07:38',421,'31X VL1',78),(2450,'2018-10-19 18:18:42','2018-10-19 19:25:35',337,'9LX T41',13),(2451,'2018-04-02 08:56:38','2018-04-02 12:26:48',154,'3DO 420',95),(2452,'2018-09-01 16:53:42','2018-09-02 07:53:10',96,'LDT 720',26),(2453,'2018-01-15 04:31:37','2018-01-15 21:16:21',217,'8JTU778',62),(2454,'2018-06-09 10:40:32','2018-06-09 21:46:10',290,'IHF-296',83),(2455,'2018-02-18 10:39:24','2018-02-19 09:38:25',441,'30C 9038',33),(2456,'2018-09-22 16:09:13','2018-09-23 02:50:08',366,'6698',13),(2457,'2018-09-28 16:35:15','2018-09-29 02:46:21',9,'SC 1779',69),(2458,'2018-02-04 19:09:18','2018-02-05 13:13:50',482,'RPD-8334',57),(2459,'2018-02-27 16:48:24','2018-02-28 06:36:32',472,'3-6608Z',46),(2460,'2018-11-17 01:34:48','2018-11-17 13:11:11',475,'935Z6',53),(2461,'2018-11-28 20:57:51','2018-11-29 11:47:42',234,'RPD-8334',73),(2462,'2018-07-28 02:54:35','2018-07-28 13:03:32',359,'KXB 559',63),(2463,'2018-10-22 23:06:07','2018-10-23 09:04:25',448,'177 YBQ',48),(2464,'2018-06-25 19:54:50','2018-06-25 23:54:56',311,'70-08440',61),(2465,'2018-07-01 05:48:25','2018-07-01 07:36:15',5,'233752',37),(2466,'2018-08-13 12:18:19','2018-08-13 14:32:14',204,'IHF-296',26),(2467,'2018-09-14 05:57:09','2018-09-15 03:47:46',481,'45W X49',15),(2468,'2018-03-08 18:39:35','2018-03-09 10:20:29',46,'9LX T41',63),(2469,'2018-07-21 03:58:00','2018-07-21 21:55:32',429,'029 GAV',47),(2470,'2018-12-05 17:32:59','2018-12-06 06:17:21',370,'IHF-296',56),(2471,'2018-04-15 14:25:27','2018-04-16 05:27:32',286,'76-O317',56),(2472,'2018-08-24 09:18:41','2018-08-25 04:29:41',306,'477 NPK',50),(2473,'2018-09-06 04:43:07','2018-09-06 23:33:01',172,'NMQ 372',58),(2474,'2018-12-28 06:30:33','2018-12-28 19:15:39',109,'075 FFB',12),(2475,'2018-02-08 19:01:54','2018-02-09 18:16:37',232,'6698',91),(2476,'2018-05-31 11:53:58','2018-06-01 05:14:22',169,'160 KOM',33),(2477,'2018-10-27 07:14:49','2018-10-27 08:57:29',491,'RPD-8334',46),(2478,'2018-12-15 19:27:38','2018-12-16 12:53:23',294,'24QZ031',69),(2479,'2018-07-23 03:07:28','2018-07-23 12:43:22',17,'0LL0774',70),(2480,'2018-12-31 21:38:23','2019-01-01 08:07:24',190,'YN8 P5J',63),(2481,'2018-07-22 06:57:42','2018-07-22 17:09:00',280,'233752',42),(2482,'2018-12-24 23:26:35','2018-12-25 08:37:39',31,'993 DTR',34),(2483,'2018-02-05 10:10:18','2018-02-05 16:05:04',82,'3-6608Z',99),(2484,'2018-04-18 02:51:09','2018-04-18 11:48:24',248,'091 WTK',45),(2485,'2018-11-04 03:16:00','2018-11-04 10:39:06',20,'10M H33',87),(2486,'2018-09-24 12:28:41','2018-09-25 08:54:55',144,'9LX T41',30),(2487,'2018-05-18 16:43:33','2018-05-18 20:13:03',99,'823S',10),(2488,'2018-07-04 17:12:03','2018-07-05 09:53:43',333,'0ZE1224',67),(2489,'2018-10-05 20:39:27','2018-10-05 23:25:18',35,'3DO 420',3),(2490,'2018-08-20 01:39:04','2018-08-20 23:18:16',209,'RZD 208',79),(2491,'2018-04-12 02:43:25','2018-04-12 15:09:57',361,'G 445079',25),(2492,'2018-06-29 09:47:54','2018-06-29 11:24:55',195,'RPD-8334',57),(2493,'2018-07-03 10:12:35','2018-07-03 23:05:54',411,'175 3398',8),(2494,'2018-02-20 08:04:22','2018-02-20 16:37:41',398,'385-BHZA',38),(2495,'2018-05-18 18:12:45','2018-05-19 07:36:30',12,'3-6608Z',35),(2496,'2018-12-27 04:35:59','2018-12-27 17:18:44',302,'4QT U99',57),(2497,'2018-10-04 11:33:06','2018-10-04 18:32:20',372,'LDT 720',82),(2498,'2018-10-24 07:09:40','2018-10-24 11:04:42',252,'3-6608Z',22),(2499,'2018-12-15 14:23:30','2018-12-15 14:43:20',483,'KTJ 026',92),(2500,'2018-11-10 11:07:09','2018-11-10 20:53:51',323,'NDN 884',96),(2501,'2018-10-27 17:18:26','2018-10-28 01:05:30',420,'LDT 720',86),(2502,'2018-12-07 12:02:09','2018-12-08 09:27:53',102,'075 FFB',69),(2503,'2018-09-24 03:48:57','2018-09-24 04:01:51',158,'477 NPK',3),(2504,'2018-07-15 03:35:56','2018-07-15 22:57:23',114,'45W X49',40),(2505,'2018-02-01 11:03:24','2018-02-02 06:28:03',39,'HL 5495',75),(2506,'2018-09-16 10:03:19','2018-09-16 15:25:21',407,'252 LKC',98),(2507,'2018-02-05 17:17:13','2018-02-06 16:38:47',171,'KXB 559',26),(2508,'2018-03-21 02:46:31','2018-03-21 15:45:45',27,'76-O317',19),(2509,'2018-09-18 16:42:25','2018-09-19 06:16:55',141,'175 3398',27),(2510,'2018-12-28 13:56:08','2018-12-29 05:21:31',75,'973 1322',49),(2511,'2018-10-15 18:39:11','2018-10-16 16:08:31',233,'RPD-8334',47),(2512,'2018-07-22 19:13:41','2018-07-23 13:22:07',395,'XAB-6911',27),(2513,'2018-03-25 15:41:51','2018-03-26 06:57:02',466,'63G 421',93),(2514,'2018-08-01 11:08:55','2018-08-01 21:34:51',43,'NMQ 372',39),(2515,'2018-02-19 04:16:01','2018-02-19 19:32:32',167,'4-44016Q',47),(2516,'2018-11-06 15:31:31','2018-11-07 06:32:23',287,'FXA-9799',67),(2517,'2018-07-26 16:03:37','2018-07-26 18:53:14',92,'091 WTK',23),(2518,'2018-12-23 03:36:29','2018-12-24 03:05:28',450,'4QT U99',57),(2519,'2018-05-17 14:51:04','2018-05-18 11:29:15',359,'4QT U99',75),(2520,'2018-06-20 16:55:17','2018-06-20 21:00:26',144,'252 LKC',83),(2521,'2018-09-06 02:52:39','2018-09-06 03:57:26',46,'644K',91),(2522,'2018-02-11 13:40:06','2018-02-11 15:00:36',129,'NDN 884',13),(2523,'2018-04-24 20:27:17','2018-04-25 04:34:22',412,'KQZ 813',72),(2524,'2018-12-12 04:59:23','2018-12-12 05:26:43',124,'029 GAV',44),(2525,'2018-03-15 04:44:01','2018-03-15 17:45:21',160,'6NZG011',13),(2526,'2018-02-18 09:29:09','2018-02-19 07:19:23',387,'HL 5495',12),(2527,'2018-08-11 12:37:20','2018-08-11 16:13:20',68,'7-U3496',89),(2528,'2018-04-26 19:06:20','2018-04-27 15:31:06',154,'091 WTK',58),(2529,'2018-03-16 23:45:07','2018-03-17 06:17:19',181,'NDN 884',29),(2530,'2018-04-01 00:41:52','2018-04-01 17:05:56',461,'HL 5495',23),(2531,'2018-07-16 10:14:28','2018-07-17 09:35:57',99,'JQ2 R6R',42),(2532,'2018-10-25 13:30:08','2018-10-26 10:38:17',485,'823S',93),(2533,'2018-12-28 16:20:53','2018-12-28 21:32:57',63,'FBD-8300',96),(2534,'2018-05-23 19:52:11','2018-05-24 04:10:33',111,'FBD-8300',45),(2535,'2018-02-04 20:42:58','2018-02-05 19:07:18',455,'YN8 P5J',79),(2536,'2018-09-07 10:19:51','2018-09-08 00:13:54',148,'KXB 559',20),(2537,'2018-10-22 21:23:34','2018-10-23 03:26:13',219,'KXB 559',80),(2538,'2018-07-14 15:22:37','2018-07-15 00:21:18',190,'0J DR847',85),(2539,'2018-07-27 23:23:25','2018-07-28 04:47:01',328,'160 KOM',72),(2540,'2018-08-10 14:49:05','2018-08-10 16:53:25',303,'0LL0774',22),(2541,'2018-01-24 13:14:47','2018-01-25 03:46:35',164,'160 KOM',6),(2542,'2018-10-25 22:15:20','2018-10-26 06:24:10',117,'WS 7027',41),(2543,'2018-08-19 20:13:11','2018-08-20 11:11:24',181,'160 KOM',15),(2544,'2018-04-26 11:30:42','2018-04-27 08:24:09',344,'LDT 720',62),(2545,'2018-06-02 12:41:11','2018-06-03 02:52:10',290,'029 GAV',31),(2546,'2018-05-30 01:22:46','2018-05-30 16:28:00',85,'JQ2 R6R',70),(2547,'2018-09-02 11:43:26','2018-09-02 12:09:16',241,'385-BHZA',35),(2548,'2018-03-26 04:44:46','2018-03-26 14:57:39',266,'7-U3496',43),(2549,'2018-03-07 12:00:41','2018-03-08 09:34:48',450,'7-U3496',21),(2550,'2018-08-22 07:20:01','2018-08-22 15:14:02',58,'385-BHZA',69),(2551,'2018-01-13 22:40:25','2018-01-14 05:05:52',304,'NMQ 372',53),(2552,'2018-04-10 23:55:58','2018-04-11 01:18:14',412,'4-44016Q',11),(2553,'2018-10-30 19:37:11','2018-10-31 11:53:03',202,'9LX T41',33),(2554,'2018-04-03 21:39:59','2018-04-04 09:37:34',494,'10M H33',98),(2555,'2018-03-14 13:25:52','2018-03-15 05:47:57',413,'3DO 420',54),(2556,'2018-01-28 05:56:22','2018-01-28 12:52:34',44,'8JTU778',75),(2557,'2018-03-19 12:17:11','2018-03-19 22:52:03',308,'JQ2 R6R',70),(2558,'2018-08-13 07:17:08','2018-08-13 08:07:49',168,'4-44016Q',82),(2559,'2018-09-24 14:01:38','2018-09-25 13:09:09',282,'HL 5495',21),(2560,'2018-06-02 05:40:39','2018-06-02 09:18:07',207,'385-BHZA',99),(2561,'2018-07-26 11:01:36','2018-07-26 20:00:31',91,'6698',66),(2562,'2018-11-06 16:01:09','2018-11-06 23:18:01',491,'KXB 559',90),(2563,'2018-07-10 09:20:13','2018-07-11 05:15:38',476,'644K',13),(2564,'2018-07-10 03:32:22','2018-07-10 13:26:55',26,'10M H33',83),(2565,'2018-08-02 16:10:36','2018-08-02 17:20:27',213,'175 3398',77),(2566,'2018-01-30 19:19:08','2018-01-31 12:28:35',297,'G 445079',40),(2567,'2018-08-22 15:09:57','2018-08-23 06:26:48',257,'63G 421',2),(2568,'2018-12-12 15:31:10','2018-12-12 16:33:31',113,'935Z6',57),(2569,'2018-01-23 09:22:59','2018-01-23 14:40:51',207,'KQZ 813',47),(2570,'2018-08-15 08:11:09','2018-08-15 12:55:06',278,'9LX T41',14),(2571,'2018-06-10 12:02:51','2018-06-10 14:45:50',26,'6NZG011',85),(2572,'2018-11-30 17:42:20','2018-12-01 06:13:55',153,'477 NPK',91),(2573,'2018-11-06 16:16:33','2018-11-07 02:03:37',235,'4QT U99',8),(2574,'2018-11-26 17:48:30','2018-11-27 09:45:41',256,'935Z6',24),(2575,'2018-01-30 21:49:30','2018-01-31 15:36:02',242,'385-BHZA',99),(2576,'2018-10-29 14:36:23','2018-10-29 16:02:12',465,'JQ2 R6R',2),(2577,'2018-04-22 21:04:13','2018-04-23 00:00:25',386,'091 WTK',19),(2578,'2018-08-29 07:11:45','2018-08-30 03:20:19',402,'JQ2 R6R',75),(2579,'2018-06-02 13:33:48','2018-06-03 02:11:56',11,'NDN 884',59),(2580,'2018-02-05 23:22:45','2018-02-06 18:38:24',404,'RZD 208',38),(2581,'2018-06-01 02:11:28','2018-06-01 15:05:49',339,'91V B44',32),(2582,'2018-03-08 16:13:06','2018-03-09 09:12:01',130,'IHF-296',80),(2583,'2018-01-20 17:05:29','2018-01-21 15:20:19',336,'IHF-296',33),(2584,'2018-11-23 02:04:51','2018-11-23 07:54:28',240,'WS 7027',100),(2585,'2018-09-25 01:28:06','2018-09-25 21:08:01',70,'KQZ 813',42),(2586,'2018-02-20 08:21:18','2018-02-20 21:25:20',241,'76-O317',67),(2587,'2018-04-14 08:00:19','2018-04-14 17:25:18',96,'76-O317',30),(2588,'2018-02-10 18:49:18','2018-02-11 12:22:09',264,'3-6608Z',84),(2589,'2018-02-16 15:58:04','2018-02-17 05:48:28',36,'LEL-3572',56),(2590,'2018-05-23 19:30:27','2018-05-24 10:48:41',340,'KQZ 813',29),(2591,'2018-01-22 14:19:44','2018-01-23 01:25:44',484,'45W X49',36),(2592,'2018-10-23 16:18:22','2018-10-23 20:06:22',75,'0ZE1224',15),(2593,'2018-07-22 08:30:40','2018-07-22 10:20:21',377,'074D9',15),(2594,'2018-08-10 03:00:12','2018-08-10 04:33:13',60,'RPD-8334',41),(2595,'2018-05-17 23:40:15','2018-05-18 16:18:13',444,'RPD-8334',8),(2596,'2018-06-13 07:23:49','2018-06-13 22:12:58',174,'4-44016Q',13),(2597,'2018-01-29 23:07:04','2018-01-30 18:30:45',417,'8JTU778',64),(2598,'2018-10-14 15:47:05','2018-10-15 15:16:00',127,'4-44016Q',85),(2599,'2018-02-03 23:11:53','2018-02-04 17:40:42',176,'XAB-6911',87),(2600,'2018-06-07 10:02:19','2018-06-08 07:47:47',441,'091 WTK',61),(2601,'2018-08-05 22:12:51','2018-08-06 16:20:53',396,'091 WTK',68),(2602,'2018-01-01 14:34:12','2018-01-02 12:03:54',163,'160 KOM',92),(2603,'2018-08-15 01:07:05','2018-08-15 10:59:54',9,'RPD-8334',64),(2604,'2018-08-29 20:49:05','2018-08-30 02:47:30',130,'4QT U99',86),(2605,'2018-01-19 11:58:35','2018-01-20 07:10:01',156,'644K',23),(2606,'2018-12-19 22:39:05','2018-12-20 05:03:16',283,'FXA-9799',90),(2607,'2018-10-25 00:12:16','2018-10-25 01:45:11',449,'XAB-6911',51),(2608,'2018-09-13 17:11:29','2018-09-13 20:43:47',181,'SC 1779',1),(2609,'2018-06-13 13:26:57','2018-06-14 07:18:05',240,'3-6608Z',37),(2610,'2018-10-02 18:24:04','2018-10-03 05:33:27',360,'31X VL1',9),(2611,'2018-07-17 20:04:46','2018-07-18 01:39:28',86,'KQZ 813',47),(2612,'2018-12-19 17:25:35','2018-12-20 05:18:31',87,'935Z6',39),(2613,'2018-01-18 13:13:15','2018-01-19 13:00:35',95,'823S',16),(2614,'2018-07-29 09:27:07','2018-07-29 11:56:47',443,'31X VL1',56),(2615,'2018-06-15 05:40:49','2018-06-16 00:27:52',46,'6NZG011',97),(2616,'2018-12-21 05:50:05','2018-12-22 00:16:00',185,'3-6608Z',11),(2617,'2018-03-02 23:35:44','2018-03-03 19:56:54',130,'JQ2 R6R',71),(2618,'2018-01-30 06:56:23','2018-01-30 14:33:48',355,'LEL-3572',94),(2619,'2018-10-04 20:14:10','2018-10-04 20:34:51',476,'JQ2 R6R',71),(2620,'2018-09-01 05:00:28','2018-09-01 21:49:59',481,'175 3398',85),(2621,'2018-10-15 02:53:14','2018-10-16 01:46:51',49,'G 445079',30),(2622,'2018-11-03 05:25:04','2018-11-03 14:57:25',53,'6NZG011',25),(2623,'2018-09-12 08:51:04','2018-09-12 11:10:14',414,'24QZ031',31),(2624,'2018-12-12 23:26:27','2018-12-13 22:46:06',298,'70-08440',1),(2625,'2018-11-25 13:11:56','2018-11-25 23:41:49',45,'91V B44',32),(2626,'2018-12-24 22:10:21','2018-12-24 23:01:30',324,'175 3398',39),(2627,'2018-03-18 05:50:35','2018-03-18 17:26:55',396,'KQZ 813',52),(2628,'2018-12-04 20:23:12','2018-12-04 23:30:50',429,'JQ2 R6R',18),(2629,'2018-12-30 01:32:00','2018-12-30 02:28:16',330,'91V B44',63),(2630,'2018-11-22 08:04:07','2018-11-22 22:41:46',195,'644K',97),(2631,'2018-11-28 11:01:39','2018-11-28 13:33:50',233,'644K',36),(2632,'2018-12-30 04:53:18','2018-12-30 08:54:35',103,'973 1322',59),(2633,'2018-06-22 16:08:57','2018-06-23 01:19:13',184,'091 WTK',27),(2634,'2018-06-03 00:47:52','2018-06-03 13:22:51',177,'477 NPK',22),(2635,'2018-03-10 03:28:25','2018-03-10 15:27:55',44,'KQZ 813',75),(2636,'2018-06-20 08:23:01','2018-06-20 16:49:33',386,'YN8 P5J',86),(2637,'2018-05-02 08:34:49','2018-05-02 20:27:37',44,'NMQ 372',98),(2638,'2018-10-27 20:37:06','2018-10-28 04:26:24',414,'63G 421',1),(2639,'2018-01-20 22:30:36','2018-01-21 16:53:54',356,'KTJ 026',55),(2640,'2018-05-06 21:22:26','2018-05-07 19:48:58',395,'477 NPK',22),(2641,'2018-01-17 01:18:21','2018-01-17 22:34:47',174,'LDT 720',5),(2642,'2018-04-19 17:41:21','2018-04-19 20:33:27',307,'252 LKC',50),(2643,'2018-02-09 00:46:44','2018-02-09 18:16:34',290,'RZD 208',8),(2644,'2018-04-15 00:42:33','2018-04-15 10:45:46',261,'10M H33',58),(2645,'2018-01-02 01:54:05','2018-01-02 02:44:18',481,'075 FFB',38),(2646,'2018-07-20 04:28:28','2018-07-20 09:14:36',474,'935Z6',35),(2647,'2018-01-19 20:00:41','2018-01-20 01:39:14',414,'10M H33',36),(2648,'2018-10-08 12:57:21','2018-10-09 11:48:55',379,'XAB-6911',28),(2649,'2018-01-23 12:38:12','2018-01-23 22:10:11',85,'233752',99),(2650,'2018-06-12 20:32:54','2018-06-13 19:09:36',195,'RPD-8334',80),(2651,'2018-10-16 08:33:55','2018-10-16 12:04:50',493,'LDT 720',90),(2652,'2018-10-02 07:10:08','2018-10-02 15:12:09',329,'78-65590',22),(2653,'2018-06-15 12:29:32','2018-06-16 04:49:29',285,'XAB-6911',60),(2654,'2018-07-31 04:57:57','2018-07-31 16:50:34',129,'LDT 720',8),(2655,'2018-04-19 07:04:30','2018-04-20 02:22:46',498,'WS 7027',63),(2656,'2018-07-13 21:24:44','2018-07-14 08:47:49',116,'30C 9038',75),(2657,'2018-07-31 06:31:04','2018-08-01 03:50:55',37,'SEQ-9042',60),(2658,'2018-03-30 03:54:02','2018-03-30 04:03:27',123,'091 WTK',71),(2659,'2018-04-02 14:17:38','2018-04-03 08:04:07',305,'30C 9038',75),(2660,'2018-03-17 14:52:50','2018-03-18 12:39:05',188,'VPT-2591',81),(2661,'2018-03-09 18:02:30','2018-03-10 03:55:19',478,'091 WTK',28),(2662,'2018-06-16 03:57:18','2018-06-16 06:33:05',300,'4QT U99',67),(2663,'2018-03-17 15:02:48','2018-03-18 09:29:25',407,'JQ2 R6R',65),(2664,'2018-12-03 11:00:01','2018-12-03 11:50:13',498,'HCH 835',4),(2665,'2018-09-26 07:56:25','2018-09-27 07:37:48',281,'935Z6',94),(2666,'2018-08-26 13:13:26','2018-08-27 02:56:20',106,'91V B44',89),(2667,'2018-07-16 22:43:13','2018-07-17 02:03:07',231,'10M H33',61),(2668,'2018-03-09 02:26:18','2018-03-09 09:01:17',205,'6NZG011',30),(2669,'2018-08-05 13:37:59','2018-08-05 17:17:55',401,'KXB 559',61),(2670,'2018-02-08 01:20:25','2018-02-08 05:02:50',178,'935Z6',72),(2671,'2018-09-03 08:06:37','2018-09-03 17:44:18',244,'IHF-296',56),(2672,'2018-12-08 11:32:07','2018-12-09 08:53:16',118,'029 GAV',34),(2673,'2018-03-26 04:14:51','2018-03-26 17:15:22',463,'6NZG011',89),(2674,'2018-12-08 03:02:41','2018-12-08 14:56:53',130,'0LL0774',22),(2675,'2018-08-06 02:01:09','2018-08-06 20:49:11',317,'63G 421',26),(2676,'2018-11-29 04:04:01','2018-11-29 22:25:55',137,'24QZ031',3),(2677,'2018-02-19 23:19:04','2018-02-20 15:50:23',324,'SC 1779',15),(2678,'2018-11-12 15:51:39','2018-11-13 11:42:45',124,'VPT-2591',87),(2679,'2018-09-11 06:15:14','2018-09-11 08:20:30',178,'WS 7027',42),(2680,'2018-03-15 22:31:00','2018-03-16 12:12:21',189,'935Z6',17),(2681,'2018-01-29 15:41:17','2018-01-30 09:56:55',159,'7-U3496',12),(2682,'2018-09-05 23:36:59','2018-09-06 02:44:31',111,'KXB 559',37),(2683,'2018-08-20 08:26:45','2018-08-20 13:21:31',440,'644K',69),(2684,'2018-04-12 13:13:54','2018-04-12 15:10:22',324,'3DO 420',10),(2685,'2018-04-21 02:43:25','2018-04-21 20:28:26',40,'160 KOM',8),(2686,'2018-09-19 22:31:31','2018-09-20 00:15:19',36,'91V B44',84),(2687,'2018-07-25 06:01:55','2018-07-25 19:49:24',217,'0LL0774',36),(2688,'2018-11-29 15:46:24','2018-11-30 11:40:39',430,'RPD-8334',25),(2689,'2018-09-16 19:45:40','2018-09-17 16:31:40',371,'NMQ 372',47),(2690,'2018-07-19 06:59:15','2018-07-19 14:58:22',129,'30C 9038',74),(2691,'2018-11-20 05:50:40','2018-11-20 10:41:56',476,'9LX T41',81),(2692,'2018-02-15 15:20:59','2018-02-16 02:00:48',429,'70-08440',34),(2693,'2018-07-14 15:23:49','2018-07-15 11:41:45',322,'RZD 208',86),(2694,'2018-02-12 04:34:29','2018-02-12 18:44:08',40,'FXA-9799',16),(2695,'2018-08-20 20:46:09','2018-08-21 15:25:44',410,'177 YBQ',26),(2696,'2018-06-01 23:30:07','2018-06-02 08:08:04',417,'RPD-8334',29),(2697,'2018-03-16 14:18:08','2018-03-17 05:13:43',247,'24QZ031',97),(2698,'2018-02-05 06:58:58','2018-02-05 20:59:41',186,'91V B44',35),(2699,'2018-09-16 00:26:12','2018-09-16 11:34:25',279,'LEL-3572',83),(2700,'2018-08-07 15:37:52','2018-08-07 17:08:07',127,'78-65590',17),(2701,'2018-02-02 13:11:35','2018-02-03 05:03:46',174,'160 KOM',50),(2702,'2018-01-03 12:35:11','2018-01-04 10:00:03',418,'WS 7027',62),(2703,'2018-08-18 04:16:38','2018-08-18 20:39:17',326,'70-08440',11),(2704,'2018-05-03 00:50:18','2018-05-03 01:40:31',476,'VPT-2591',71),(2705,'2018-12-11 17:52:14','2018-12-11 23:31:42',159,'KTJ 026',74),(2706,'2018-04-22 13:13:42','2018-04-23 07:52:20',110,'10M H33',43),(2707,'2018-11-30 00:51:42','2018-11-30 18:30:09',293,'XAB-6911',94),(2708,'2018-03-26 20:38:11','2018-03-27 04:01:57',189,'KXB 559',51),(2709,'2018-06-22 18:53:34','2018-06-23 15:27:11',306,'XAB-6911',96),(2710,'2018-02-05 14:17:40','2018-02-05 16:07:17',461,'644K',53),(2711,'2018-05-29 21:24:12','2018-05-30 02:08:37',220,'177 YBQ',2),(2712,'2018-04-07 23:43:37','2018-04-08 10:22:22',332,'074D9',67),(2713,'2018-08-19 21:39:37','2018-08-19 23:27:35',211,'HL 5495',85),(2714,'2018-11-20 05:50:21','2018-11-20 16:25:20',450,'6698',86),(2715,'2018-04-09 15:37:13','2018-04-09 22:50:40',193,'823S',58),(2716,'2018-04-17 19:42:53','2018-04-18 00:02:04',140,'WS 7027',18),(2717,'2018-02-25 05:11:11','2018-02-25 16:22:44',72,'XAB-6911',76),(2718,'2018-10-29 12:01:11','2018-10-30 07:24:01',314,'24QZ031',98),(2719,'2018-07-05 02:24:18','2018-07-05 12:52:07',207,'160 KOM',93),(2720,'2018-05-08 01:54:17','2018-05-08 14:46:27',150,'029 GAV',19),(2721,'2018-02-14 09:03:43','2018-02-14 14:02:01',271,'233752',36),(2722,'2018-05-27 17:10:48','2018-05-28 00:43:18',40,'LEL-3572',19),(2723,'2018-03-07 10:56:31','2018-03-07 13:06:11',487,'0LL0774',98),(2724,'2018-02-22 18:13:05','2018-02-22 19:28:37',281,'HCH 835',38),(2725,'2018-05-23 14:15:19','2018-05-23 16:27:30',180,'175 3398',84),(2726,'2018-11-21 13:13:08','2018-11-22 11:48:15',262,'3-6608Z',27),(2727,'2018-01-22 10:02:11','2018-01-22 13:57:16',329,'HCH 835',27),(2728,'2018-02-06 23:37:13','2018-02-07 14:16:31',472,'252 LKC',57),(2729,'2018-06-30 20:54:18','2018-07-01 00:57:08',153,'RZD 208',38),(2730,'2018-06-25 21:53:25','2018-06-26 04:51:15',134,'477 NPK',9),(2731,'2018-09-06 01:16:54','2018-09-06 21:47:04',416,'233752',81),(2732,'2018-01-19 08:59:08','2018-01-20 00:35:50',108,'RZD 208',45),(2733,'2018-03-16 14:59:57','2018-03-17 10:29:54',374,'075 FFB',57),(2734,'2018-02-16 11:24:11','2018-02-17 11:09:19',433,'385-BHZA',55),(2735,'2018-04-13 12:10:05','2018-04-13 23:05:26',132,'029 GAV',28),(2736,'2018-09-30 16:22:16','2018-10-01 02:21:00',469,'233752',15),(2737,'2018-08-29 16:00:50','2018-08-29 23:21:11',145,'10M H33',89),(2738,'2018-11-05 18:36:11','2018-11-06 01:27:34',21,'6NZG011',42),(2739,'2018-05-19 07:16:56','2018-05-19 13:47:12',40,'SEQ-9042',8),(2740,'2018-01-25 01:18:38','2018-01-25 05:34:59',73,'RPD-8334',93),(2741,'2018-02-08 23:36:37','2018-02-09 19:29:15',269,'10M H33',56),(2742,'2018-10-08 14:26:56','2018-10-09 08:27:15',45,'VPT-2591',13),(2743,'2018-12-01 16:33:36','2018-12-02 15:22:51',358,'993 DTR',83),(2744,'2018-03-27 04:07:44','2018-03-28 03:28:31',363,'6698',14),(2745,'2018-04-03 02:20:21','2018-04-03 23:18:43',92,'LEL-3572',62),(2746,'2018-08-26 17:01:41','2018-08-27 01:24:17',67,'45W X49',25),(2747,'2018-08-10 03:58:08','2018-08-10 23:44:23',171,'10M H33',40),(2748,'2018-11-19 10:01:18','2018-11-20 09:55:38',11,'RZD 208',17),(2749,'2018-12-24 09:33:49','2018-12-24 23:46:51',479,'31X VL1',46),(2750,'2018-09-03 01:47:35','2018-09-04 01:21:42',184,'FBD-8300',27),(2751,'2018-04-16 07:00:22','2018-04-17 00:35:05',483,'3DO 420',20),(2752,'2018-04-11 16:28:52','2018-04-11 23:01:54',500,'SEQ-9042',69),(2753,'2018-12-06 08:09:14','2018-12-07 00:28:08',110,'KQZ 813',30),(2754,'2018-08-06 21:46:06','2018-08-07 18:05:48',208,'4-44016Q',63),(2755,'2018-10-27 00:12:51','2018-10-27 04:44:29',176,'HL 5495',89),(2756,'2018-04-17 16:10:28','2018-04-18 05:00:43',288,'3-6608Z',92),(2757,'2018-11-21 22:10:55','2018-11-22 21:33:24',219,'6NZG011',89),(2758,'2018-10-25 05:33:30','2018-10-25 11:18:21',165,'JQ2 R6R',64),(2759,'2018-07-12 02:15:18','2018-07-12 10:49:55',37,'HCH 835',100),(2760,'2018-04-11 11:16:52','2018-04-11 15:50:36',231,'935Z6',5),(2761,'2018-09-09 05:36:08','2018-09-09 23:03:57',68,'6NZG011',72),(2762,'2018-08-15 06:01:17','2018-08-15 21:57:31',414,'24QZ031',55),(2763,'2018-11-24 23:31:17','2018-11-24 23:58:53',185,'6698',4),(2764,'2018-05-20 01:14:34','2018-05-20 12:11:30',195,'10M H33',38),(2765,'2018-12-06 03:15:31','2018-12-06 08:57:03',447,'YN8 P5J',36),(2766,'2018-01-25 19:52:03','2018-01-26 08:19:45',297,'LDT 720',12),(2767,'2018-11-06 04:58:17','2018-11-06 07:49:41',371,'6698',71),(2768,'2018-01-20 10:53:19','2018-01-21 02:09:39',281,'9LX T41',54),(2769,'2018-09-19 11:48:17','2018-09-20 01:00:38',82,'4-44016Q',22),(2770,'2018-01-20 05:09:48','2018-01-20 22:52:06',64,'SEQ-9042',93),(2771,'2018-08-02 10:12:56','2018-08-03 04:05:23',201,'KXB 559',52),(2772,'2018-10-28 10:58:32','2018-10-29 07:22:45',432,'YN8 P5J',3),(2773,'2018-02-22 09:06:50','2018-02-22 22:26:41',212,'76-O317',26),(2774,'2018-11-18 19:12:29','2018-11-18 20:45:50',42,'LEL-3572',80),(2775,'2018-01-07 23:02:46','2018-01-08 03:36:39',37,'JQ2 R6R',38),(2776,'2018-01-19 06:07:35','2018-01-19 23:09:27',253,'9LX T41',12),(2777,'2018-01-26 07:00:46','2018-01-26 07:19:35',354,'78-65590',61),(2778,'2018-10-11 02:08:46','2018-10-11 05:02:07',176,'FXA-9799',39),(2779,'2018-03-22 18:15:59','2018-03-23 14:51:49',255,'3DO 420',8),(2780,'2018-04-04 08:39:28','2018-04-05 08:25:32',460,'91V B44',71),(2781,'2018-02-03 11:25:42','2018-02-03 14:02:34',155,'993 DTR',26),(2782,'2018-12-03 02:42:53','2018-12-03 15:35:09',69,'385-BHZA',5),(2783,'2018-08-10 05:34:49','2018-08-10 19:29:05',270,'KXB 559',28),(2784,'2018-01-13 17:11:57','2018-01-14 01:52:07',244,'91V B44',66),(2785,'2018-01-29 23:33:54','2018-01-30 15:41:16',152,'823S',62),(2786,'2018-03-24 17:51:48','2018-03-24 19:10:22',184,'NMQ 372',82),(2787,'2018-11-21 16:05:15','2018-11-22 13:56:07',498,'252 LKC',72),(2788,'2018-01-29 03:16:30','2018-01-29 08:24:40',79,'177 YBQ',23),(2789,'2018-12-09 04:32:17','2018-12-09 15:57:52',314,'LDT 720',55),(2790,'2018-11-28 12:25:38','2018-11-29 04:30:25',30,'7-U3496',57),(2791,'2018-08-16 05:50:24','2018-08-17 02:39:54',40,'7-U3496',87),(2792,'2018-11-21 06:02:51','2018-11-21 17:19:21',17,'823S',18),(2793,'2018-05-06 10:43:33','2018-05-07 03:35:56',233,'029 GAV',15),(2794,'2018-04-11 16:20:58','2018-04-12 16:02:54',90,'30C 9038',46),(2795,'2018-05-21 23:17:50','2018-05-22 02:29:17',259,'823S',60),(2796,'2018-05-12 09:14:59','2018-05-12 17:52:38',433,'935Z6',40),(2797,'2018-06-09 12:43:13','2018-06-10 01:36:47',333,'477 NPK',18),(2798,'2018-08-24 02:33:12','2018-08-24 04:03:57',145,'10M H33',73),(2799,'2018-12-11 13:48:34','2018-12-11 21:03:57',225,'6NZG011',59),(2800,'2018-10-27 12:44:08','2018-10-28 00:35:37',344,'385-BHZA',4),(2801,'2018-07-16 15:39:40','2018-07-16 19:20:57',140,'3-6608Z',18),(2802,'2018-11-24 19:03:47','2018-11-25 12:23:00',208,'XAB-6911',62),(2803,'2018-11-09 12:44:32','2018-11-09 21:42:36',253,'30C 9038',47),(2804,'2018-09-30 06:19:47','2018-10-01 05:39:31',140,'7-U3496',9),(2805,'2018-01-24 06:55:26','2018-01-24 10:07:39',268,'JQ2 R6R',88),(2806,'2018-05-09 07:54:08','2018-05-10 05:06:40',182,'SC 1779',66),(2807,'2018-04-09 06:49:51','2018-04-10 00:39:12',123,'175 3398',61),(2808,'2018-02-11 10:14:57','2018-02-11 22:22:18',426,'4QT U99',14),(2809,'2018-02-19 02:42:25','2018-02-19 14:05:28',483,'HCH 835',75),(2810,'2018-09-17 05:05:08','2018-09-17 23:16:48',350,'385-BHZA',93),(2811,'2018-07-17 06:18:32','2018-07-18 01:39:35',346,'075 FFB',80),(2812,'2018-10-06 09:02:13','2018-10-07 03:15:58',180,'252 LKC',99),(2813,'2018-07-21 17:33:52','2018-07-21 23:08:58',122,'3DO 420',71),(2814,'2018-12-07 04:33:42','2018-12-07 16:00:16',464,'91V B44',73),(2815,'2018-10-18 07:10:12','2018-10-18 14:03:28',162,'SEQ-9042',43),(2816,'2018-08-02 23:53:51','2018-08-03 23:37:23',358,'175 3398',76),(2817,'2018-01-06 21:48:26','2018-01-07 11:10:27',262,'IHF-296',98),(2818,'2018-08-08 14:31:27','2018-08-08 22:27:46',338,'24QZ031',91),(2819,'2018-12-14 05:33:13','2018-12-14 07:28:07',303,'074D9',39),(2820,'2018-03-25 02:52:36','2018-03-25 20:21:19',439,'WS 7027',41),(2821,'2018-09-30 17:32:21','2018-10-01 10:20:39',56,'JQ2 R6R',69),(2822,'2018-02-10 20:37:34','2018-02-11 05:57:42',455,'FXA-9799',56),(2823,'2018-01-19 18:06:06','2018-01-20 07:38:06',373,'HCH 835',33),(2824,'2018-05-20 01:06:07','2018-05-20 18:37:09',349,'JQ2 R6R',38),(2825,'2018-03-09 06:21:02','2018-03-09 09:43:53',378,'385-BHZA',69),(2826,'2018-03-15 19:45:11','2018-03-15 20:06:38',364,'0J DR847',25),(2827,'2018-02-05 06:20:57','2018-02-05 20:53:34',295,'8JTU778',64),(2828,'2018-02-09 01:56:38','2018-02-09 15:19:30',56,'160 KOM',7),(2829,'2018-07-03 15:25:06','2018-07-04 11:38:38',91,'FBD-8300',7),(2830,'2018-09-07 20:16:51','2018-09-08 08:02:40',235,'91V B44',67),(2831,'2018-10-31 17:13:31','2018-11-01 01:19:45',250,'G 445079',84),(2832,'2018-12-21 07:20:27','2018-12-21 16:40:20',300,'70-08440',30),(2833,'2018-02-21 03:16:42','2018-02-21 08:09:09',474,'HCH 835',99),(2834,'2018-09-09 13:05:45','2018-09-09 21:24:44',344,'LEL-3572',70),(2835,'2018-01-29 07:38:38','2018-01-29 17:02:00',6,'935Z6',93),(2836,'2018-07-14 23:44:38','2018-07-15 23:21:03',437,'177 YBQ',27),(2837,'2018-01-29 11:47:59','2018-01-29 19:39:39',406,'HCH 835',6),(2838,'2018-10-18 01:22:30','2018-10-19 00:39:26',425,'160 KOM',64),(2839,'2018-03-02 16:38:16','2018-03-03 02:10:18',426,'XAB-6911',69),(2840,'2018-08-27 08:39:12','2018-08-27 10:26:06',102,'3DO 420',87),(2841,'2018-08-24 22:11:10','2018-08-25 04:49:25',291,'3DO 420',72),(2842,'2018-03-08 15:55:38','2018-03-09 01:31:01',353,'91V B44',24),(2843,'2018-12-29 01:39:44','2018-12-29 22:51:17',444,'0ZE1224',10),(2844,'2018-11-01 22:22:10','2018-11-02 18:37:12',437,'9LX T41',91),(2845,'2018-12-28 01:23:29','2018-12-28 20:11:26',285,'177 YBQ',2),(2846,'2018-09-22 07:37:01','2018-09-22 16:49:13',101,'075 FFB',55),(2847,'2018-12-09 09:15:50','2018-12-10 00:09:34',43,'RZD 208',25),(2848,'2018-08-02 09:19:54','2018-08-02 13:24:25',208,'FXA-9799',26),(2849,'2018-07-14 17:57:19','2018-07-15 15:34:00',135,'0ZE1224',92),(2850,'2018-10-10 23:39:56','2018-10-11 14:28:20',199,'KTJ 026',55),(2851,'2018-04-16 18:28:38','2018-04-17 04:37:31',87,'FXA-9799',1),(2852,'2018-01-09 22:28:53','2018-01-09 23:39:51',186,'993 DTR',8),(2853,'2018-09-26 16:09:22','2018-09-27 03:58:41',12,'074D9',12),(2854,'2018-04-09 04:13:45','2018-04-10 00:06:50',115,'385-BHZA',66),(2855,'2018-11-13 13:40:08','2018-11-13 22:30:02',264,'45W X49',73),(2856,'2018-09-16 23:47:45','2018-09-17 20:45:43',57,'KQZ 813',40),(2857,'2018-11-20 05:16:53','2018-11-20 21:07:05',372,'6NZG011',64),(2858,'2018-08-05 13:09:16','2018-08-05 14:59:15',193,'SC 1779',5),(2859,'2018-01-15 10:26:08','2018-01-16 09:45:05',202,'0J DR847',78),(2860,'2018-08-11 06:25:43','2018-08-12 04:54:55',136,'HL 5495',22),(2861,'2018-12-18 19:05:23','2018-12-18 22:23:17',176,'IHF-296',97),(2862,'2018-03-16 05:14:33','2018-03-17 01:47:17',145,'RZD 208',16),(2863,'2018-01-04 01:33:04','2018-01-04 20:01:33',231,'RZD 208',12),(2864,'2018-05-29 09:45:22','2018-05-29 14:13:43',365,'G 445079',5),(2865,'2018-06-12 06:16:12','2018-06-12 19:17:04',101,'JQ2 R6R',65),(2866,'2018-05-13 00:09:20','2018-05-13 11:34:22',331,'XAB-6911',86),(2867,'2018-12-04 19:52:37','2018-12-05 11:06:47',370,'6698',67),(2868,'2018-07-31 20:42:52','2018-08-01 16:45:53',493,'LEL-3572',67),(2869,'2018-10-03 12:29:13','2018-10-04 10:02:45',222,'644K',28),(2870,'2018-09-29 04:13:06','2018-09-30 03:33:00',416,'252 LKC',45),(2871,'2018-01-01 14:38:03','2018-01-02 09:07:24',443,'FBD-8300',85),(2872,'2018-06-09 02:25:35','2018-06-09 05:37:00',233,'3DO 420',38),(2873,'2018-02-16 07:13:52','2018-02-16 18:09:40',397,'KXB 559',2),(2874,'2018-01-07 10:32:07','2018-01-07 23:50:54',431,'VPT-2591',9),(2875,'2018-12-17 09:48:41','2018-12-17 16:35:24',126,'LDT 720',10),(2876,'2018-04-19 22:40:06','2018-04-20 15:34:53',242,'029 GAV',12),(2877,'2018-06-10 17:12:51','2018-06-11 13:16:46',145,'8JTU778',80),(2878,'2018-11-18 22:45:05','2018-11-19 04:17:05',361,'4QT U99',8),(2879,'2018-06-15 00:22:20','2018-06-15 10:30:17',101,'70-08440',56),(2880,'2018-08-30 17:49:36','2018-08-31 00:44:32',385,'SEQ-9042',95),(2881,'2018-01-20 21:28:29','2018-01-20 22:35:00',363,'8JTU778',90),(2882,'2018-11-28 15:28:00','2018-11-28 23:49:01',6,'G 445079',97),(2883,'2018-11-05 15:45:09','2018-11-05 18:32:01',436,'10M H33',42),(2884,'2018-04-09 23:16:10','2018-04-10 00:55:57',459,'10M H33',72),(2885,'2018-08-29 04:21:00','2018-08-29 19:24:43',98,'KQZ 813',35),(2886,'2018-06-24 04:13:06','2018-06-24 16:00:20',357,'8JTU778',8),(2887,'2018-01-11 00:47:42','2018-01-11 12:03:21',134,'4QT U99',21),(2888,'2018-03-10 14:31:05','2018-03-11 02:13:25',382,'175 3398',96),(2889,'2018-11-02 02:16:40','2018-11-02 20:35:22',258,'WS 7027',58),(2890,'2018-01-11 03:07:14','2018-01-11 23:15:19',66,'WS 7027',94),(2891,'2018-08-17 07:18:36','2018-08-18 06:40:15',455,'3DO 420',40),(2892,'2018-08-22 00:24:16','2018-08-22 11:02:03',450,'VPT-2591',2),(2893,'2018-04-28 08:19:28','2018-04-29 07:03:54',438,'SC 1779',1),(2894,'2018-04-17 01:25:32','2018-04-17 18:38:42',47,'160 KOM',24),(2895,'2018-04-04 08:55:13','2018-04-04 20:17:38',289,'823S',24),(2896,'2018-12-05 15:43:57','2018-12-05 21:08:57',467,'SC 1779',12),(2897,'2018-11-24 23:56:33','2018-11-25 11:31:06',397,'935Z6',79),(2898,'2018-08-27 00:06:44','2018-08-27 14:33:00',110,'31X VL1',24),(2899,'2018-06-15 21:01:07','2018-06-15 22:54:07',313,'78-65590',47),(2900,'2018-04-20 10:46:10','2018-04-21 05:13:47',13,'RPD-8334',30),(2901,'2018-08-15 16:15:33','2018-08-16 01:55:52',113,'477 NPK',17),(2902,'2018-11-30 17:24:17','2018-12-01 13:31:37',188,'993 DTR',1),(2903,'2018-05-23 09:40:27','2018-05-23 21:09:51',115,'NDN 884',72),(2904,'2018-09-08 18:02:25','2018-09-09 12:38:54',89,'10M H33',20),(2905,'2018-05-12 08:09:09','2018-05-13 00:51:59',22,'SEQ-9042',64),(2906,'2018-04-01 08:37:57','2018-04-01 12:53:13',66,'G 445079',44),(2907,'2018-12-30 20:24:03','2018-12-31 12:37:58',80,'075 FFB',72),(2908,'2018-09-19 05:39:37','2018-09-19 14:28:48',98,'6NZG011',9),(2909,'2018-11-14 11:18:32','2018-11-15 04:27:32',470,'823S',92),(2910,'2018-07-17 16:19:56','2018-07-18 12:31:30',457,'3DO 420',62),(2911,'2018-04-16 17:29:46','2018-04-17 14:27:30',70,'3-6608Z',51),(2912,'2018-12-04 10:23:45','2018-12-05 10:02:15',126,'4QT U99',92),(2913,'2018-08-27 20:20:50','2018-08-28 12:50:55',120,'RPD-8334',85),(2914,'2018-03-20 07:11:02','2018-03-21 04:44:34',32,'160 KOM',94),(2915,'2018-01-10 22:13:55','2018-01-11 10:18:26',217,'644K',37),(2916,'2018-05-22 18:19:43','2018-05-23 15:46:40',5,'NMQ 372',81),(2917,'2018-04-20 08:04:16','2018-04-21 04:58:55',111,'3DO 420',29),(2918,'2018-10-14 08:16:43','2018-10-14 16:07:47',476,'HCH 835',81),(2919,'2018-12-27 22:58:04','2018-12-28 01:12:38',285,'VPT-2591',10),(2920,'2018-01-26 16:58:36','2018-01-26 17:03:42',454,'SC 1779',52),(2921,'2018-02-26 10:44:09','2018-02-26 11:23:35',262,'LDT 720',56),(2922,'2018-03-13 20:20:04','2018-03-14 02:39:55',302,'9LX T41',84),(2923,'2018-01-29 15:07:51','2018-01-29 15:38:05',224,'XAB-6911',12),(2924,'2018-03-11 21:20:17','2018-03-12 20:55:52',224,'VPT-2591',13),(2925,'2018-08-25 04:08:05','2018-08-25 23:53:49',168,'XAB-6911',37),(2926,'2018-06-12 12:43:00','2018-06-12 12:46:21',89,'175 3398',10),(2927,'2018-12-19 19:27:21','2018-12-19 22:44:57',385,'KXB 559',21),(2928,'2018-07-29 02:00:21','2018-07-29 03:00:36',182,'30C 9038',52),(2929,'2018-11-20 05:26:04','2018-11-20 09:28:23',193,'FXA-9799',1),(2930,'2018-04-09 05:56:55','2018-04-09 06:31:20',35,'973 1322',86),(2931,'2018-10-30 13:12:08','2018-10-30 16:36:16',360,'45W X49',11),(2932,'2018-11-30 10:12:07','2018-11-30 22:10:59',358,'823S',74),(2933,'2018-01-19 07:54:46','2018-01-20 04:59:55',304,'31X VL1',57),(2934,'2018-03-14 09:11:01','2018-03-15 02:34:41',293,'074D9',83),(2935,'2018-08-31 15:20:04','2018-09-01 11:20:02',67,'091 WTK',14),(2936,'2018-03-31 07:50:08','2018-03-31 21:43:58',35,'KXB 559',33),(2937,'2018-01-07 17:18:29','2018-01-08 16:40:00',128,'0ZE1224',60),(2938,'2018-06-09 09:51:55','2018-06-09 16:26:25',280,'SEQ-9042',51),(2939,'2018-02-20 04:18:07','2018-02-20 21:16:42',272,'0LL0774',13),(2940,'2018-05-24 01:22:39','2018-05-24 13:48:00',16,'091 WTK',40),(2941,'2018-09-13 22:03:46','2018-09-14 00:24:31',100,'FBD-8300',54),(2942,'2018-04-15 03:29:51','2018-04-15 13:33:03',156,'KTJ 026',12),(2943,'2018-02-12 16:17:32','2018-02-12 19:29:36',271,'075 FFB',99),(2944,'2018-09-27 03:41:13','2018-09-27 17:30:51',196,'10M H33',74),(2945,'2018-12-06 10:23:36','2018-12-06 21:34:04',457,'HL 5495',33),(2946,'2018-05-11 10:01:48','2018-05-11 15:19:14',196,'NDN 884',92),(2947,'2018-03-15 19:53:07','2018-03-16 10:58:51',324,'SEQ-9042',24),(2948,'2018-10-26 01:37:15','2018-10-26 12:20:54',31,'074D9',46),(2949,'2018-09-19 18:56:40','2018-09-19 20:57:38',351,'823S',40),(2950,'2018-11-30 23:30:04','2018-12-01 11:44:59',58,'7-U3496',25),(2951,'2018-12-08 15:15:47','2018-12-08 18:32:20',115,'6698',63),(2952,'2018-08-04 14:43:20','2018-08-05 11:58:42',270,'3DO 420',53),(2953,'2018-06-15 17:54:02','2018-06-16 08:48:29',268,'IHF-296',7),(2954,'2018-01-06 06:15:59','2018-01-07 00:24:35',233,'63G 421',72),(2955,'2018-05-18 00:24:43','2018-05-18 16:47:22',60,'6698',51),(2956,'2018-03-10 01:19:05','2018-03-10 16:41:41',262,'31X VL1',61),(2957,'2018-06-02 12:16:26','2018-06-03 07:55:02',122,'935Z6',13),(2958,'2018-06-28 16:44:03','2018-06-29 04:43:42',401,'10M H33',92),(2959,'2018-10-18 00:46:33','2018-10-18 02:48:01',440,'76-O317',64),(2960,'2018-02-27 10:16:06','2018-02-27 12:26:47',140,'70-08440',9),(2961,'2018-12-24 07:17:43','2018-12-24 22:31:11',136,'074D9',63),(2962,'2018-03-09 02:12:22','2018-03-09 07:55:39',146,'6698',73),(2963,'2018-11-03 15:58:07','2018-11-04 01:48:43',468,'VPT-2591',70),(2964,'2018-03-11 02:53:21','2018-03-11 03:42:06',234,'78-65590',59),(2965,'2018-09-12 17:03:41','2018-09-12 19:56:11',310,'9LX T41',73),(2966,'2018-04-05 22:32:23','2018-04-06 05:50:21',223,'76-O317',91),(2967,'2018-12-07 12:27:27','2018-12-08 09:14:14',21,'3DO 420',28),(2968,'2018-12-06 15:59:23','2018-12-06 23:51:39',53,'0J DR847',94),(2969,'2018-12-29 14:02:02','2018-12-30 11:10:32',488,'6NZG011',45),(2970,'2018-11-25 02:06:06','2018-11-25 06:15:17',292,'KQZ 813',70),(2971,'2018-04-18 19:36:37','2018-04-19 05:55:13',443,'823S',99),(2972,'2018-10-06 14:51:37','2018-10-06 22:46:28',122,'KTJ 026',32),(2973,'2018-11-26 11:03:52','2018-11-26 21:05:22',203,'074D9',72),(2974,'2018-04-28 01:24:20','2018-04-28 03:37:18',472,'KQZ 813',24),(2975,'2018-04-19 13:25:37','2018-04-20 08:17:00',316,'XAB-6911',81),(2976,'2018-06-24 00:19:03','2018-06-24 14:06:50',433,'HCH 835',20),(2977,'2018-04-02 00:45:09','2018-04-02 13:11:19',463,'HL 5495',40),(2978,'2018-01-10 19:36:29','2018-01-11 04:48:09',94,'075 FFB',48),(2979,'2018-05-05 03:43:24','2018-05-05 05:58:41',209,'FBD-8300',79),(2980,'2018-09-14 11:40:14','2018-09-15 09:37:23',142,'LDT 720',45),(2981,'2018-11-15 05:08:31','2018-11-16 00:34:38',439,'477 NPK',19),(2982,'2018-05-17 21:19:53','2018-05-18 08:20:35',108,'029 GAV',84),(2983,'2018-01-10 23:57:46','2018-01-11 20:03:04',170,'JQ2 R6R',46),(2984,'2018-02-26 07:38:49','2018-02-26 12:23:45',399,'160 KOM',78),(2985,'2018-09-05 23:58:52','2018-09-06 21:04:30',314,'075 FFB',35),(2986,'2018-08-11 09:25:06','2018-08-12 05:02:38',332,'477 NPK',3),(2987,'2018-05-03 20:03:02','2018-05-04 14:47:44',55,'G 445079',81),(2988,'2018-08-04 09:53:57','2018-08-04 11:05:46',418,'VPT-2591',65),(2989,'2018-11-30 06:49:51','2018-11-30 07:14:03',417,'233752',96),(2990,'2018-05-25 08:49:00','2018-05-25 10:52:29',24,'6698',27),(2991,'2018-08-25 19:38:31','2018-08-25 22:53:23',38,'252 LKC',85),(2992,'2018-06-26 05:21:23','2018-06-27 03:57:57',174,'233752',29),(2993,'2018-12-02 12:07:45','2018-12-03 11:52:17',312,'6698',41),(2994,'2018-07-27 00:07:09','2018-07-27 08:51:18',135,'9LX T41',85),(2995,'2018-09-30 11:09:13','2018-10-01 00:06:35',54,'0J DR847',70),(2996,'2018-09-01 12:18:24','2018-09-01 22:56:08',306,'LEL-3572',37),(2997,'2018-10-18 11:17:38','2018-10-19 02:31:39',431,'175 3398',79),(2998,'2018-09-20 02:59:26','2018-09-20 07:52:39',49,'HL 5495',14),(2999,'2018-06-23 12:50:51','2018-06-24 09:08:49',244,'477 NPK',59),(3000,'2018-04-10 09:25:46','2018-04-10 09:43:41',172,'175 3398',41),(3001,'2018-03-01 06:11:51','2018-03-02 03:50:50',35,'KXB 559',80),(3002,'2018-07-22 12:40:10','2018-07-22 13:52:51',80,'WS 7027',16),(3003,'2018-10-27 18:41:11','2018-10-28 15:01:59',447,'JQ2 R6R',25),(3004,'2018-05-16 06:14:59','2018-05-16 12:55:14',384,'24QZ031',38),(3005,'2018-02-19 10:19:43','2018-02-20 01:14:40',496,'IHF-296',32),(3006,'2018-09-01 11:31:24','2018-09-01 17:25:39',480,'IHF-296',81),(3007,'2018-04-02 09:45:03','2018-04-02 17:59:07',411,'074D9',32),(3008,'2018-06-14 04:40:25','2018-06-14 20:38:56',395,'HL 5495',93),(3009,'2018-12-24 05:27:12','2018-12-24 09:51:33',350,'177 YBQ',10),(3010,'2018-11-10 11:46:55','2018-11-11 04:44:31',25,'IHF-296',29),(3011,'2018-10-03 09:51:03','2018-10-03 21:42:44',81,'0ZE1224',45),(3012,'2018-04-03 17:45:49','2018-04-04 01:29:00',210,'YN8 P5J',15),(3013,'2018-12-02 11:28:54','2018-12-03 04:37:35',323,'0ZE1224',4),(3014,'2018-06-08 06:37:19','2018-06-08 18:53:45',381,'3-6608Z',80),(3015,'2018-09-30 16:16:48','2018-09-30 23:09:32',420,'385-BHZA',54),(3016,'2018-12-07 10:40:56','2018-12-07 12:09:58',2,'76-O317',36),(3017,'2018-03-22 08:52:50','2018-03-23 03:43:14',284,'10M H33',82),(3018,'2018-08-13 06:59:13','2018-08-13 18:34:01',147,'SEQ-9042',87),(3019,'2018-03-29 12:31:05','2018-03-29 14:06:25',233,'175 3398',47),(3020,'2018-03-06 07:40:27','2018-03-07 02:01:17',45,'45W X49',83),(3021,'2018-02-09 03:59:40','2018-02-09 12:04:10',214,'935Z6',96),(3022,'2018-06-28 14:26:07','2018-06-29 00:51:29',140,'091 WTK',19),(3023,'2018-09-07 07:56:16','2018-09-08 01:34:45',319,'9LX T41',93),(3024,'2018-06-17 17:25:04','2018-06-18 06:33:37',259,'4QT U99',38),(3025,'2018-03-21 09:01:38','2018-03-21 21:25:52',493,'HCH 835',75),(3026,'2018-04-15 12:28:24','2018-04-16 03:44:53',439,'8JTU778',23),(3027,'2018-07-23 20:19:13','2018-07-24 14:18:49',419,'78-65590',96),(3028,'2018-12-30 14:55:06','2018-12-30 19:12:24',15,'IHF-296',81),(3029,'2018-01-28 14:30:51','2018-01-29 01:06:59',457,'G 445079',61),(3030,'2018-08-10 00:38:45','2018-08-11 00:13:43',57,'8JTU778',18),(3031,'2018-06-29 21:03:03','2018-06-30 15:35:57',80,'31X VL1',52),(3032,'2018-09-03 18:26:16','2018-09-03 20:56:55',29,'10M H33',33),(3033,'2018-07-15 21:26:54','2018-07-15 21:28:32',426,'175 3398',11),(3034,'2018-02-25 12:19:04','2018-02-25 19:29:55',29,'RZD 208',68),(3035,'2018-02-19 22:51:48','2018-02-20 08:38:43',257,'HCH 835',30),(3036,'2018-04-29 23:56:09','2018-04-30 00:13:04',339,'SEQ-9042',50),(3037,'2018-09-24 21:45:55','2018-09-24 23:45:45',88,'YN8 P5J',33),(3038,'2018-02-05 15:50:24','2018-02-06 13:14:44',298,'30C 9038',88),(3039,'2018-01-04 09:36:46','2018-01-04 11:01:35',490,'160 KOM',17),(3040,'2018-12-03 18:28:08','2018-12-03 18:36:12',433,'VPT-2591',100),(3041,'2018-08-01 16:44:29','2018-08-02 03:19:50',315,'6698',5),(3042,'2018-03-05 00:50:12','2018-03-05 03:50:11',358,'JQ2 R6R',63),(3043,'2018-08-30 05:34:21','2018-08-30 10:52:33',53,'091 WTK',13),(3044,'2018-10-01 02:38:29','2018-10-01 19:21:07',6,'4QT U99',69),(3045,'2018-04-15 10:56:18','2018-04-16 00:02:30',240,'7-U3496',57),(3046,'2018-03-12 13:03:49','2018-03-12 22:02:38',152,'NDN 884',23),(3047,'2018-03-28 04:47:59','2018-03-28 18:18:57',402,'993 DTR',67),(3048,'2018-08-05 14:44:30','2018-08-05 23:18:49',188,'6698',70),(3049,'2018-05-20 06:01:28','2018-05-20 08:15:39',56,'G 445079',14),(3050,'2018-10-17 18:11:05','2018-10-18 07:27:27',397,'78-65590',36),(3051,'2018-06-23 21:09:03','2018-06-24 12:14:28',137,'XAB-6911',62),(3052,'2018-12-05 21:01:53','2018-12-06 04:34:06',207,'3DO 420',71),(3053,'2018-09-20 10:27:06','2018-09-20 18:45:51',458,'3-6608Z',63),(3054,'2018-06-10 04:38:19','2018-06-10 17:11:27',391,'LDT 720',49),(3055,'2018-08-16 23:07:06','2018-08-17 21:36:59',333,'XAB-6911',26),(3056,'2018-02-28 05:36:31','2018-02-28 23:23:12',443,'233752',47),(3057,'2018-07-14 02:04:58','2018-07-14 13:12:21',275,'76-O317',61),(3058,'2018-06-01 08:34:57','2018-06-02 08:17:10',283,'SC 1779',50),(3059,'2018-11-25 20:18:05','2018-11-26 12:36:07',1,'993 DTR',78),(3060,'2018-11-20 09:31:23','2018-11-20 17:03:22',232,'31X VL1',8),(3061,'2018-07-24 06:45:33','2018-07-24 22:41:58',75,'0J DR847',88),(3062,'2018-01-30 00:57:21','2018-01-30 22:28:23',154,'WS 7027',29),(3064,'2018-08-05 22:11:56','2018-08-06 10:19:15',226,'0LL0774',37),(3065,'2018-09-28 04:13:42','2018-09-28 17:06:13',163,'91V B44',84),(3066,'2018-03-17 12:59:35','2018-03-17 20:08:28',22,'HL 5495',89),(3067,'2018-03-31 14:48:49','2018-04-01 00:39:40',370,'0J DR847',20),(3068,'2018-04-28 23:37:08','2018-04-29 21:30:39',231,'6NZG011',8),(3069,'2018-11-14 07:35:10','2018-11-14 17:31:09',215,'KTJ 026',17),(3070,'2018-02-08 15:02:23','2018-02-08 22:36:42',440,'477 NPK',72),(3071,'2018-07-17 14:31:56','2018-07-18 04:33:47',122,'KTJ 026',36),(3072,'2018-02-19 20:03:17','2018-02-20 03:56:24',160,'WS 7027',40),(3073,'2018-08-07 14:22:27','2018-08-08 04:51:01',330,'70-08440',90),(3074,'2018-07-19 05:25:39','2018-07-20 03:00:33',351,'175 3398',29),(3075,'2018-07-08 05:02:48','2018-07-08 23:27:33',401,'SEQ-9042',32),(3076,'2018-04-30 16:16:54','2018-05-01 06:58:51',74,'8JTU778',44),(3077,'2018-06-13 04:14:20','2018-06-13 23:59:17',116,'70-08440',12),(3078,'2018-05-03 11:49:19','2018-05-04 02:48:23',173,'91V B44',45),(3079,'2018-10-19 20:45:50','2018-10-20 19:59:36',407,'VPT-2591',30),(3080,'2018-09-26 04:09:02','2018-09-26 04:25:49',407,'HL 5495',24),(3081,'2018-11-30 04:35:18','2018-11-30 10:06:59',455,'0LL0774',64),(3082,'2018-11-04 10:40:38','2018-11-05 09:04:43',485,'KTJ 026',7),(3083,'2018-05-15 03:21:00','2018-05-15 04:44:20',337,'3-6608Z',65),(3084,'2018-11-25 19:53:27','2018-11-26 03:45:14',84,'NMQ 372',91),(3085,'2018-06-17 01:57:25','2018-06-17 05:09:01',403,'NDN 884',28),(3086,'2018-05-13 12:23:32','2018-05-14 09:07:54',495,'LDT 720',39),(3087,'2018-08-13 01:04:28','2018-08-13 17:15:37',420,'63G 421',63),(3088,'2018-12-07 17:55:26','2018-12-08 02:40:28',453,'385-BHZA',69),(3089,'2018-06-12 15:02:12','2018-06-12 20:40:03',234,'G 445079',84),(3090,'2018-07-14 19:50:39','2018-07-15 02:19:04',205,'24QZ031',35),(3091,'2018-12-25 14:17:11','2018-12-25 23:55:48',432,'HL 5495',39),(3092,'2018-08-17 16:31:27','2018-08-18 02:48:33',295,'4QT U99',71),(3093,'2018-10-25 14:11:31','2018-10-26 08:40:28',145,'91V B44',56),(3094,'2018-05-16 09:15:16','2018-05-16 15:46:13',349,'SEQ-9042',92),(3095,'2018-05-18 14:25:01','2018-05-18 20:49:31',466,'177 YBQ',38),(3096,'2018-11-28 15:06:56','2018-11-28 17:28:22',214,'NDN 884',30),(3097,'2018-06-11 19:09:04','2018-06-12 04:00:44',26,'6NZG011',56),(3098,'2018-07-26 11:27:04','2018-07-27 03:44:07',211,'823S',19),(3099,'2018-01-31 18:37:09','2018-01-31 20:18:20',45,'KTJ 026',24),(3100,'2018-07-13 15:32:03','2018-07-13 20:03:36',268,'WS 7027',7),(3101,'2018-07-20 00:28:59','2018-07-20 08:26:56',83,'63G 421',97),(3102,'2018-02-20 01:47:22','2018-02-20 06:28:13',123,'4QT U99',94),(3103,'2018-01-24 13:27:43','2018-01-25 08:16:06',339,'4-44016Q',40),(3104,'2018-07-17 09:18:47','2018-07-17 10:00:27',308,'9LX T41',90),(3105,'2018-11-07 23:42:40','2018-11-08 16:05:11',282,'233752',14),(3106,'2018-02-25 02:35:09','2018-02-25 23:07:54',470,'993 DTR',38),(3107,'2018-05-23 12:49:08','2018-05-23 14:19:38',381,'233752',81),(3108,'2018-06-29 18:34:38','2018-06-30 17:14:39',71,'233752',4),(3109,'2018-12-22 01:11:48','2018-12-22 04:41:00',473,'78-65590',10),(3110,'2018-05-10 07:57:01','2018-05-10 20:32:08',493,'SC 1779',28),(3111,'2018-12-30 12:56:58','2018-12-31 07:21:36',1,'477 NPK',50),(3112,'2018-07-29 05:09:05','2018-07-29 12:01:40',352,'IHF-296',41),(3113,'2018-11-14 21:43:32','2018-11-15 05:26:57',29,'0ZE1224',84),(3114,'2018-04-22 17:40:30','2018-04-23 13:45:53',178,'YN8 P5J',93),(3115,'2018-05-14 09:08:00','2018-05-15 07:40:18',260,'KQZ 813',39),(3116,'2018-02-28 19:42:48','2018-03-01 00:46:28',472,'160 KOM',27),(3117,'2018-11-06 14:49:18','2018-11-07 03:50:03',374,'KQZ 813',86),(3118,'2018-01-30 15:32:37','2018-01-30 18:34:44',76,'177 YBQ',56),(3119,'2018-08-31 07:54:00','2018-08-31 07:58:16',3,'6698',58),(3120,'2018-12-21 14:31:07','2018-12-22 12:37:25',242,'KXB 559',46),(3121,'2018-04-28 19:22:15','2018-04-29 03:22:30',93,'NMQ 372',48),(3122,'2018-08-23 18:32:04','2018-08-24 11:26:21',301,'JQ2 R6R',76),(3123,'2018-11-03 14:48:59','2018-11-04 02:18:49',199,'0ZE1224',69),(3124,'2018-12-14 20:46:19','2018-12-15 12:48:10',29,'JQ2 R6R',45),(3125,'2018-11-21 08:03:15','2018-11-22 02:40:08',477,'30C 9038',34),(3126,'2018-12-26 03:12:41','2018-12-26 18:22:18',114,'78-65590',54),(3127,'2018-01-03 12:12:57','2018-01-04 01:11:26',449,'175 3398',67),(3128,'2018-06-12 09:07:28','2018-06-12 13:33:29',284,'KTJ 026',65),(3129,'2018-10-26 18:47:06','2018-10-26 23:48:59',265,'NDN 884',20),(3130,'2018-06-25 03:24:18','2018-06-25 13:52:18',201,'4QT U99',1),(3131,'2018-05-15 18:22:30','2018-05-16 10:03:37',400,'NDN 884',28),(3132,'2018-01-12 05:30:33','2018-01-13 03:18:31',381,'7-U3496',8),(3133,'2018-12-05 12:42:02','2018-12-05 20:32:12',347,'160 KOM',3),(3134,'2018-02-13 22:39:37','2018-02-14 07:10:47',289,'0LL0774',69),(3135,'2018-02-11 20:03:54','2018-02-12 00:41:19',57,'24QZ031',65),(3136,'2018-08-12 14:02:53','2018-08-13 10:37:09',424,'177 YBQ',67),(3137,'2018-01-01 10:51:52','2018-01-01 19:18:49',465,'0J DR847',60),(3138,'2018-02-08 15:05:41','2018-02-09 00:23:35',374,'385-BHZA',39),(3139,'2018-03-15 00:33:25','2018-03-15 09:04:32',138,'9LX T41',7),(3140,'2018-11-14 02:29:57','2018-11-14 22:28:44',331,'NMQ 372',59),(3141,'2018-12-28 11:55:11','2018-12-28 21:45:10',170,'KQZ 813',24),(3142,'2018-03-28 05:24:27','2018-03-28 09:19:04',438,'6NZG011',67),(3143,'2018-06-06 16:27:03','2018-06-07 14:04:52',42,'4-44016Q',71),(3144,'2018-11-14 20:07:58','2018-11-15 10:56:37',338,'SC 1779',26),(3145,'2018-01-24 20:22:40','2018-01-25 14:20:35',400,'074D9',49),(3146,'2018-10-25 15:36:46','2018-10-25 21:48:08',386,'KXB 559',84),(3147,'2018-10-22 08:06:39','2018-10-22 22:20:13',97,'0LL0774',84),(3148,'2018-02-28 01:08:06','2018-02-28 06:22:46',439,'KTJ 026',57),(3149,'2018-10-12 08:27:49','2018-10-12 12:52:16',382,'477 NPK',76),(3150,'2018-05-18 02:03:56','2018-05-18 14:19:19',380,'HL 5495',27),(3151,'2018-04-11 21:41:54','2018-04-12 12:25:36',29,'7-U3496',83),(3152,'2018-11-18 11:45:41','2018-11-19 04:51:31',187,'XAB-6911',57),(3153,'2018-04-16 04:20:35','2018-04-16 11:12:39',238,'JQ2 R6R',55),(3154,'2018-11-07 11:54:41','2018-11-08 02:12:59',134,'973 1322',17),(3155,'2018-07-24 01:12:15','2018-07-24 06:49:17',176,'KQZ 813',44),(3156,'2018-09-19 20:06:08','2018-09-20 07:19:54',464,'WS 7027',61),(3157,'2018-02-28 00:09:14','2018-02-28 17:08:40',416,'RPD-8334',30),(3158,'2018-11-01 22:28:24','2018-11-01 22:59:53',484,'4-44016Q',98),(3159,'2018-09-16 14:48:57','2018-09-17 10:01:50',439,'SC 1779',92),(3160,'2018-06-08 11:30:55','2018-06-09 00:22:29',199,'993 DTR',11),(3161,'2018-09-29 23:40:22','2018-09-30 16:08:36',132,'075 FFB',8),(3162,'2018-06-21 12:08:30','2018-06-21 23:48:06',321,'177 YBQ',41),(3163,'2018-07-25 15:31:01','2018-07-26 12:54:13',391,'YN8 P5J',7),(3164,'2018-07-04 03:14:23','2018-07-05 00:14:22',131,'30C 9038',28),(3165,'2018-08-12 13:51:55','2018-08-13 00:04:08',141,'477 NPK',35),(3166,'2018-05-24 18:08:08','2018-05-25 02:40:40',28,'3DO 420',10),(3167,'2018-08-12 10:06:04','2018-08-13 06:39:38',439,'30C 9038',61),(3168,'2018-07-30 18:19:58','2018-07-31 14:29:26',42,'70-08440',87),(3169,'2018-07-11 23:03:42','2018-07-12 15:44:43',284,'IHF-296',13),(3170,'2018-01-09 00:30:56','2018-01-09 21:54:09',484,'385-BHZA',2),(3171,'2018-02-26 02:33:00','2018-02-26 13:48:36',290,'973 1322',41),(3172,'2018-10-21 14:03:41','2018-10-21 21:43:18',345,'0J DR847',17),(3173,'2018-11-19 02:18:56','2018-11-19 12:05:53',284,'10M H33',14),(3174,'2018-09-20 18:40:24','2018-09-21 12:56:58',115,'KQZ 813',51),(3175,'2018-06-14 22:33:14','2018-06-15 07:27:50',394,'HCH 835',92),(3176,'2018-01-15 15:46:56','2018-01-15 20:34:06',181,'HL 5495',96),(3177,'2018-12-28 03:53:45','2018-12-28 09:20:01',417,'31X VL1',4),(3178,'2018-03-30 03:20:03','2018-03-31 02:26:20',122,'0LL0774',79),(3179,'2018-08-07 11:57:04','2018-08-08 09:57:06',375,'973 1322',96),(3180,'2018-03-07 21:44:06','2018-03-08 08:47:14',104,'6698',99),(3181,'2018-05-22 13:00:36','2018-05-22 15:24:19',1,'IHF-296',35),(3182,'2018-07-24 03:38:31','2018-07-24 13:03:24',448,'HL 5495',84),(3183,'2018-12-20 04:28:29','2018-12-21 04:14:25',369,'0J DR847',40),(3184,'2018-11-02 23:29:11','2018-11-02 23:38:30',364,'074D9',68),(3185,'2018-11-05 13:47:57','2018-11-06 07:50:58',325,'XAB-6911',83),(3186,'2018-06-17 19:14:29','2018-06-17 22:52:36',223,'0J DR847',9),(3187,'2018-11-11 17:47:51','2018-11-12 10:20:36',340,'823S',12),(3188,'2018-12-06 18:08:00','2018-12-06 19:24:40',279,'31X VL1',31),(3189,'2018-05-31 17:05:32','2018-06-01 16:05:19',494,'NMQ 372',13),(3190,'2018-04-25 22:21:06','2018-04-26 08:28:18',90,'935Z6',52),(3191,'2018-06-23 10:12:51','2018-06-23 17:33:25',317,'RPD-8334',25),(3192,'2018-12-08 17:25:19','2018-12-08 18:10:03',5,'XAB-6911',97),(3193,'2018-11-03 21:44:41','2018-11-04 01:30:44',332,'31X VL1',60),(3194,'2018-03-23 21:31:59','2018-03-23 22:11:45',239,'SC 1779',17),(3195,'2018-12-03 16:28:01','2018-12-04 09:11:33',201,'4QT U99',57),(3196,'2018-09-01 03:43:17','2018-09-01 12:35:19',45,'RPD-8334',37),(3197,'2018-03-11 18:24:31','2018-03-12 09:40:43',87,'IHF-296',49),(3198,'2018-12-20 11:33:14','2018-12-20 14:30:59',472,'63G 421',70),(3199,'2018-02-22 03:45:18','2018-02-22 14:11:57',46,'63G 421',97),(3200,'2018-01-28 19:06:02','2018-01-29 15:04:39',35,'63G 421',56),(3201,'2018-04-17 01:21:12','2018-04-18 01:01:41',433,'SEQ-9042',41),(3202,'2018-10-03 15:59:01','2018-10-03 16:55:40',138,'G 445079',93),(3203,'2018-03-20 19:16:07','2018-03-21 15:06:27',309,'KTJ 026',75),(3204,'2018-05-15 14:52:52','2018-05-16 11:52:49',215,'78-65590',24),(3205,'2018-07-12 00:32:09','2018-07-12 22:34:08',379,'G 445079',37),(3206,'2018-02-24 07:09:28','2018-02-24 07:25:44',271,'029 GAV',23),(3207,'2018-12-18 11:25:38','2018-12-19 04:15:43',361,'175 3398',11),(3208,'2018-01-20 18:30:17','2018-01-20 23:42:24',199,'G 445079',36),(3209,'2018-05-29 01:06:11','2018-05-29 18:30:58',216,'NMQ 372',40),(3210,'2018-04-25 15:06:46','2018-04-25 19:00:02',15,'4QT U99',13),(3212,'2018-08-13 00:39:45','2018-08-13 14:04:07',134,'NDN 884',97),(3213,'2018-10-30 02:55:41','2018-10-30 17:37:18',151,'8JTU778',23),(3214,'2018-11-20 08:09:06','2018-11-20 19:49:46',302,'G 445079',7),(3215,'2018-07-13 03:31:56','2018-07-13 15:09:28',327,'SEQ-9042',22),(3216,'2018-06-02 20:09:54','2018-06-03 17:56:46',220,'24QZ031',81),(3217,'2018-03-30 05:27:50','2018-03-30 23:14:40',194,'VPT-2591',90),(3218,'2018-01-19 16:27:01','2018-01-20 02:53:35',469,'091 WTK',100),(3219,'2018-05-18 04:01:44','2018-05-18 20:33:55',141,'FXA-9799',96),(3220,'2018-01-18 19:27:49','2018-01-19 01:45:26',290,'973 1322',48),(3221,'2018-04-20 11:32:50','2018-04-20 23:52:29',88,'091 WTK',80),(3222,'2018-06-11 23:55:46','2018-06-12 23:27:57',182,'VPT-2591',64),(3223,'2018-04-27 06:22:29','2018-04-27 13:01:29',89,'0LL0774',69),(3224,'2018-07-07 04:54:00','2018-07-07 11:37:14',278,'177 YBQ',65),(3225,'2018-07-09 15:45:20','2018-07-10 09:48:30',335,'3DO 420',54),(3226,'2018-12-28 01:01:40','2018-12-28 19:59:50',21,'644K',59),(3227,'2018-01-03 03:02:59','2018-01-03 16:40:45',123,'3DO 420',16),(3228,'2018-10-14 12:04:24','2018-10-15 04:58:53',265,'IHF-296',30),(3229,'2018-12-20 13:40:54','2018-12-20 14:34:10',277,'6698',35),(3230,'2018-03-08 12:43:03','2018-03-09 06:26:52',465,'KTJ 026',52),(3231,'2018-01-31 03:07:48','2018-01-31 13:59:01',325,'029 GAV',76),(3232,'2018-01-26 20:08:09','2018-01-27 00:39:35',256,'30C 9038',12),(3233,'2018-09-18 08:38:14','2018-09-18 19:57:59',421,'993 DTR',85),(3234,'2018-10-25 03:09:11','2018-10-25 06:09:53',234,'0J DR847',24),(3235,'2018-02-10 14:22:35','2018-02-11 05:04:28',306,'FBD-8300',49),(3236,'2018-01-17 02:13:01','2018-01-17 08:02:38',191,'HL 5495',88),(3237,'2018-10-02 21:00:10','2018-10-02 21:00:28',70,'477 NPK',76),(3238,'2018-07-29 08:29:17','2018-07-30 06:44:56',455,'3DO 420',19),(3239,'2018-07-08 02:09:34','2018-07-08 07:12:53',258,'3-6608Z',70),(3240,'2018-11-08 05:51:46','2018-11-08 09:54:08',272,'FXA-9799',62),(3241,'2018-07-23 23:00:49','2018-07-24 08:11:19',99,'385-BHZA',72),(3242,'2018-03-07 04:36:10','2018-03-07 19:30:46',154,'252 LKC',45),(3243,'2018-09-11 06:51:54','2018-09-12 02:10:29',266,'XAB-6911',74),(3244,'2018-08-02 20:39:25','2018-08-03 19:01:01',223,'233752',23),(3245,'2018-04-28 11:48:09','2018-04-28 14:18:50',177,'029 GAV',39),(3246,'2018-03-22 11:27:23','2018-03-23 03:26:47',266,'6NZG011',14),(3247,'2018-09-19 18:01:08','2018-09-19 18:21:39',426,'252 LKC',86),(3248,'2018-05-13 00:38:26','2018-05-13 14:01:38',99,'78-65590',88),(3249,'2018-05-02 11:27:08','2018-05-02 22:14:48',146,'3DO 420',24),(3250,'2018-06-11 11:24:41','2018-06-12 11:07:09',433,'3-6608Z',3),(3251,'2018-01-07 16:32:27','2018-01-08 08:15:08',24,'70-08440',47),(3252,'2018-01-28 10:22:38','2018-01-29 05:33:47',60,'233752',86),(3253,'2018-05-23 14:04:42','2018-05-23 19:10:26',426,'6698',39),(3254,'2018-04-12 02:22:33','2018-04-12 15:11:04',317,'JQ2 R6R',11),(3255,'2018-09-07 07:50:42','2018-09-08 05:58:53',290,'76-O317',71),(3256,'2018-01-21 18:59:47','2018-01-21 19:51:05',186,'NMQ 372',84),(3257,'2018-09-06 05:35:14','2018-09-07 03:45:18',485,'WS 7027',60),(3258,'2018-09-09 22:51:51','2018-09-10 05:21:07',454,'823S',63),(3259,'2018-06-24 11:24:44','2018-06-24 22:03:46',497,'252 LKC',33),(3260,'2018-09-18 07:10:13','2018-09-18 22:19:30',97,'KTJ 026',80),(3261,'2018-09-18 08:46:33','2018-09-18 10:10:26',298,'NMQ 372',2),(3262,'2018-12-13 00:28:04','2018-12-13 05:08:15',63,'0ZE1224',63),(3263,'2018-01-23 16:25:43','2018-01-24 02:23:16',302,'FXA-9799',2),(3264,'2018-07-11 05:30:11','2018-07-11 09:53:28',364,'973 1322',76),(3265,'2018-09-24 13:25:22','2018-09-25 01:41:03',354,'FXA-9799',22),(3266,'2018-09-17 17:05:32','2018-09-17 19:40:07',71,'76-O317',15),(3267,'2018-05-27 08:44:03','2018-05-27 19:53:17',152,'IHF-296',44),(3268,'2018-02-28 03:48:34','2018-02-28 22:54:59',348,'385-BHZA',52),(3269,'2018-04-17 16:05:09','2018-04-18 00:03:48',138,'XAB-6911',43),(3270,'2018-04-16 15:15:23','2018-04-16 18:28:06',35,'JQ2 R6R',33),(3271,'2018-06-13 06:28:48','2018-06-13 17:04:39',78,'029 GAV',13),(3272,'2018-02-02 00:21:53','2018-02-02 13:59:05',490,'78-65590',18),(3273,'2018-05-29 16:26:54','2018-05-29 18:32:45',33,'78-65590',95),(3274,'2018-03-07 18:41:08','2018-03-08 00:20:09',31,'31X VL1',28),(3275,'2018-11-06 14:07:48','2018-11-06 14:23:45',369,'385-BHZA',17),(3276,'2018-11-26 01:57:27','2018-11-26 05:33:00',498,'VPT-2591',82),(3277,'2018-04-09 08:43:50','2018-04-09 20:45:38',404,'G 445079',16),(3278,'2018-07-05 07:49:33','2018-07-06 04:44:12',3,'075 FFB',23),(3279,'2018-06-12 06:21:23','2018-06-12 19:18:31',23,'63G 421',23),(3280,'2018-02-08 02:28:49','2018-02-08 13:04:49',104,'78-65590',91),(3281,'2018-03-31 09:45:57','2018-03-31 19:24:32',207,'644K',2),(3282,'2018-09-13 03:30:14','2018-09-13 20:37:12',298,'477 NPK',79),(3283,'2018-12-07 14:20:01','2018-12-08 10:45:26',34,'823S',41),(3284,'2018-11-12 23:26:37','2018-11-13 16:46:14',248,'RZD 208',91),(3285,'2018-12-11 07:00:30','2018-12-12 01:28:59',481,'385-BHZA',23),(3286,'2018-10-15 14:20:59','2018-10-15 17:44:22',308,'YN8 P5J',43),(3287,'2018-09-05 01:05:29','2018-09-05 09:43:02',26,'9LX T41',42),(3288,'2018-04-12 16:05:42','2018-04-13 10:32:51',233,'935Z6',97),(3289,'2018-02-03 01:51:07','2018-02-03 20:17:28',161,'175 3398',76),(3290,'2018-04-16 03:37:45','2018-04-16 06:39:43',285,'075 FFB',96),(3291,'2018-03-17 12:22:16','2018-03-18 03:58:58',195,'177 YBQ',68),(3292,'2018-10-21 01:56:38','2018-10-21 05:58:41',291,'4QT U99',29),(3293,'2018-10-28 03:32:11','2018-10-28 07:49:41',98,'G 445079',23),(3294,'2018-04-11 11:41:35','2018-04-11 14:30:55',486,'78-65590',59),(3295,'2018-01-30 03:27:57','2018-01-31 00:13:53',85,'45W X49',68),(3296,'2018-12-20 21:45:03','2018-12-21 20:38:59',448,'NDN 884',22),(3297,'2018-05-26 00:52:36','2018-05-26 19:51:47',86,'31X VL1',46),(3298,'2018-01-30 23:06:59','2018-01-31 12:21:25',89,'RPD-8334',30),(3299,'2018-05-08 07:33:14','2018-05-08 10:09:03',248,'175 3398',89),(3300,'2018-12-31 03:36:44','2018-12-31 20:58:54',294,'WS 7027',60),(3301,'2018-06-01 03:58:11','2018-06-01 12:24:11',378,'177 YBQ',91),(3302,'2018-07-12 18:24:45','2018-07-12 19:29:33',22,'KQZ 813',35),(3303,'2018-08-20 05:14:17','2018-08-20 22:38:11',268,'SEQ-9042',99),(3304,'2018-01-27 15:19:32','2018-01-27 23:01:36',461,'G 445079',9),(3305,'2018-04-07 00:13:45','2018-04-07 09:15:42',206,'24QZ031',51),(3306,'2018-09-22 17:33:54','2018-09-22 19:01:03',429,'3-6608Z',82),(3307,'2018-06-18 08:17:14','2018-06-19 03:55:18',466,'973 1322',51),(3308,'2018-12-22 12:37:12','2018-12-23 12:14:52',125,'70-08440',34),(3309,'2018-10-03 22:34:29','2018-10-04 00:32:10',283,'029 GAV',24),(3310,'2018-02-16 13:59:36','2018-02-17 00:32:39',487,'074D9',69),(3311,'2018-05-10 04:38:00','2018-05-10 07:11:10',369,'LEL-3572',36),(3312,'2018-10-27 08:31:21','2018-10-27 14:10:38',75,'78-65590',80),(3313,'2018-12-13 12:00:13','2018-12-13 23:58:46',334,'4QT U99',45),(3314,'2018-11-18 10:26:20','2018-11-19 03:31:47',421,'0ZE1224',56),(3315,'2018-07-25 10:03:34','2018-07-25 17:55:13',178,'70-08440',36),(3316,'2018-05-24 16:36:17','2018-05-25 01:37:43',71,'6698',100),(3317,'2018-09-15 08:50:19','2018-09-15 17:51:41',245,'0ZE1224',12),(3318,'2018-10-03 10:41:29','2018-10-03 11:15:43',450,'WS 7027',94),(3319,'2018-06-24 07:18:35','2018-06-24 14:38:36',277,'3DO 420',6),(3320,'2018-05-13 20:55:30','2018-05-14 20:49:28',221,'160 KOM',34),(3321,'2018-03-17 18:00:58','2018-03-18 13:37:38',465,'HCH 835',64),(3322,'2018-10-11 02:35:45','2018-10-11 23:45:50',174,'RZD 208',12),(3323,'2018-11-08 16:13:50','2018-11-09 16:09:09',17,'G 445079',58),(3324,'2018-08-02 19:07:13','2018-08-03 04:51:40',145,'160 KOM',18),(3325,'2018-03-15 13:19:08','2018-03-16 12:56:09',390,'LDT 720',57),(3326,'2018-10-07 12:14:58','2018-10-08 00:12:16',272,'074D9',83),(3327,'2018-11-05 18:29:46','2018-11-06 11:52:08',416,'074D9',54),(3328,'2018-01-01 18:57:16','2018-01-01 20:11:44',210,'24QZ031',83),(3329,'2018-10-16 00:38:03','2018-10-16 06:35:22',192,'KXB 559',10),(3330,'2018-06-07 21:15:16','2018-06-08 14:00:15',115,'4QT U99',32),(3331,'2018-07-06 12:01:13','2018-07-07 10:18:19',24,'RZD 208',82),(3332,'2018-01-07 22:56:23','2018-01-07 23:33:33',75,'HL 5495',38),(3333,'2018-08-25 18:56:01','2018-08-26 13:46:05',135,'31X VL1',62),(3334,'2018-11-12 02:34:58','2018-11-12 14:06:57',206,'091 WTK',23),(3335,'2018-01-24 18:38:25','2018-01-25 02:23:36',449,'075 FFB',78),(3336,'2018-12-06 00:31:22','2018-12-06 13:09:54',63,'935Z6',16),(3337,'2018-03-26 08:57:35','2018-03-26 19:31:02',428,'31X VL1',81),(3338,'2018-02-01 02:25:12','2018-02-01 14:32:59',174,'6NZG011',84),(3339,'2018-12-09 07:03:32','2018-12-09 11:05:46',405,'6NZG011',20),(3340,'2018-06-28 06:34:13','2018-06-28 11:14:14',288,'70-08440',6),(3341,'2018-08-07 11:04:48','2018-08-08 00:01:19',432,'075 FFB',9),(3342,'2018-01-10 14:44:47','2018-01-10 20:04:18',354,'45W X49',8),(3343,'2018-04-13 16:40:14','2018-04-14 06:53:04',6,'30C 9038',98),(3344,'2018-09-02 08:25:17','2018-09-02 20:01:29',25,'76-O317',89),(3345,'2018-06-27 04:22:41','2018-06-28 04:21:22',311,'385-BHZA',85),(3346,'2018-10-06 14:30:14','2018-10-06 17:20:58',289,'0LL0774',25),(3347,'2018-06-12 19:25:50','2018-06-13 11:01:44',374,'31X VL1',13),(3348,'2018-03-27 02:44:13','2018-03-28 02:11:03',19,'10M H33',97),(3349,'2018-07-03 10:46:14','2018-07-03 19:40:14',61,'HCH 835',60),(3350,'2018-01-09 05:14:47','2018-01-10 04:18:33',291,'0J DR847',27),(3351,'2018-01-12 06:45:23','2018-01-12 11:13:03',279,'YN8 P5J',75),(3352,'2018-05-17 22:07:43','2018-05-18 10:55:44',329,'973 1322',48),(3353,'2018-03-30 03:11:36','2018-03-30 04:07:15',347,'935Z6',37),(3354,'2018-09-10 20:53:47','2018-09-11 18:54:30',350,'4QT U99',100),(3355,'2018-09-22 01:12:17','2018-09-22 22:31:51',133,'31X VL1',72),(3356,'2018-09-01 08:40:58','2018-09-01 12:58:09',292,'JQ2 R6R',2),(3357,'2018-07-28 11:39:22','2018-07-28 19:47:13',31,'6NZG011',13),(3358,'2018-01-07 08:39:19','2018-01-07 17:43:29',417,'FBD-8300',45),(3359,'2018-04-03 07:27:03','2018-04-04 02:38:50',99,'233752',27),(3360,'2018-06-05 00:01:59','2018-06-05 06:00:32',103,'LDT 720',45),(3361,'2018-11-04 01:46:26','2018-11-04 04:36:16',127,'24QZ031',83),(3362,'2018-10-05 04:48:00','2018-10-05 16:22:52',8,'24QZ031',43),(3363,'2018-02-09 04:04:22','2018-02-09 08:26:05',322,'SEQ-9042',89),(3364,'2018-05-17 23:50:59','2018-05-18 07:35:01',151,'8JTU778',41),(3365,'2018-06-06 15:34:03','2018-06-06 18:03:39',365,'0J DR847',74),(3366,'2018-09-14 18:56:01','2018-09-15 09:49:10',188,'WS 7027',68),(3367,'2018-02-07 08:42:31','2018-02-08 05:42:29',80,'RPD-8334',55),(3368,'2018-03-09 01:30:01','2018-03-09 05:23:41',72,'RZD 208',49),(3369,'2018-09-10 15:22:12','2018-09-10 16:25:35',127,'HL 5495',68),(3370,'2018-03-04 04:37:25','2018-03-05 01:56:03',74,'LEL-3572',55),(3371,'2018-07-02 05:18:24','2018-07-02 08:16:23',465,'160 KOM',51),(3372,'2018-07-12 23:43:59','2018-07-13 01:24:25',299,'LEL-3572',99),(3373,'2018-05-16 20:33:36','2018-05-17 14:20:59',485,'0LL0774',14),(3374,'2018-10-24 16:57:32','2018-10-25 09:31:43',484,'31X VL1',53),(3375,'2018-01-12 00:52:46','2018-01-12 07:58:40',218,'0LL0774',83),(3376,'2018-07-21 03:35:12','2018-07-21 14:01:06',102,'0LL0774',92),(3377,'2018-11-15 21:53:53','2018-11-16 08:49:09',383,'30C 9038',42),(3378,'2018-09-29 11:39:44','2018-09-30 04:11:42',47,'31X VL1',6),(3379,'2018-03-22 02:42:59','2018-03-23 00:54:11',188,'973 1322',60),(3380,'2018-11-28 17:15:27','2018-11-29 01:05:25',112,'JQ2 R6R',85),(3381,'2018-10-24 13:16:16','2018-10-25 01:47:48',349,'3DO 420',54),(3382,'2018-07-02 04:29:56','2018-07-02 20:15:40',313,'HL 5495',42),(3383,'2018-02-27 11:01:14','2018-02-28 05:22:49',276,'SEQ-9042',95),(3384,'2018-06-18 05:22:38','2018-06-18 20:18:44',424,'644K',24),(3385,'2018-05-04 15:57:01','2018-05-05 08:33:43',170,'IHF-296',20),(3386,'2018-08-21 16:20:20','2018-08-22 08:26:21',250,'RPD-8334',29),(3387,'2018-12-26 20:48:24','2018-12-27 13:49:17',114,'91V B44',38),(3388,'2018-06-11 12:51:19','2018-06-11 23:01:52',216,'78-65590',43),(3389,'2018-09-07 01:52:15','2018-09-07 19:00:16',194,'4-44016Q',2),(3390,'2018-11-25 20:03:43','2018-11-26 17:46:51',387,'8JTU778',65),(3391,'2018-04-28 14:17:21','2018-04-29 01:23:58',174,'LDT 720',25),(3392,'2018-03-28 05:38:46','2018-03-28 09:15:41',181,'HCH 835',61),(3393,'2018-07-01 17:43:08','2018-07-02 08:22:56',167,'993 DTR',85),(3394,'2018-11-11 23:52:51','2018-11-12 23:06:09',186,'KXB 559',74),(3395,'2018-08-22 03:27:34','2018-08-22 18:48:13',467,'30C 9038',37),(3396,'2018-02-11 16:52:16','2018-02-12 03:54:11',90,'NDN 884',27),(3397,'2018-01-07 01:30:46','2018-01-07 14:40:53',111,'4-44016Q',77),(3398,'2018-04-05 06:27:11','2018-04-05 17:23:12',131,'VPT-2591',79),(3399,'2018-03-01 03:45:17','2018-03-01 06:35:31',114,'31X VL1',15),(3400,'2018-09-19 01:10:21','2018-09-19 18:46:49',360,'70-08440',82),(3401,'2018-12-14 18:34:44','2018-12-15 13:20:05',410,'KXB 559',34),(3402,'2018-01-02 23:25:44','2018-01-03 03:05:20',60,'FXA-9799',15),(3403,'2018-10-07 23:02:49','2018-10-08 17:37:59',485,'78-65590',15),(3404,'2018-12-17 12:45:37','2018-12-18 09:11:55',73,'70-08440',45),(3405,'2018-10-21 12:50:57','2018-10-21 20:55:15',394,'160 KOM',96),(3406,'2018-09-04 15:04:06','2018-09-05 12:42:47',223,'177 YBQ',90),(3407,'2018-09-13 22:56:59','2018-09-14 22:12:54',194,'0ZE1224',94),(3408,'2018-07-07 14:28:58','2018-07-08 08:52:59',290,'6698',27),(3409,'2018-11-09 20:04:52','2018-11-10 13:30:25',204,'24QZ031',71),(3410,'2018-08-30 03:12:46','2018-08-31 00:13:54',398,'8JTU778',77),(3411,'2018-04-04 16:53:02','2018-04-05 01:45:32',429,'RZD 208',21),(3412,'2018-11-13 00:45:19','2018-11-13 08:53:57',278,'252 LKC',57),(3413,'2018-11-20 12:44:43','2018-11-20 17:45:51',61,'70-08440',81),(3414,'2018-01-09 19:46:15','2018-01-10 03:29:16',174,'WS 7027',67),(3415,'2018-11-01 01:31:25','2018-11-01 03:58:17',425,'LDT 720',52),(3416,'2018-12-23 22:30:36','2018-12-24 07:42:25',328,'7-U3496',30),(3417,'2018-12-29 23:02:45','2018-12-30 18:52:24',436,'76-O317',19),(3418,'2018-06-23 13:03:54','2018-06-24 00:58:11',329,'4QT U99',7),(3419,'2018-11-08 15:44:16','2018-11-09 07:24:19',356,'KQZ 813',88),(3420,'2018-07-03 19:03:15','2018-07-04 06:35:41',206,'252 LKC',91),(3421,'2018-01-18 14:22:20','2018-01-19 12:49:06',248,'074D9',29),(3422,'2018-08-06 18:30:19','2018-08-07 17:02:59',475,'HL 5495',69),(3423,'2018-07-05 05:48:40','2018-07-06 03:52:56',119,'6698',10),(3424,'2018-11-09 23:43:51','2018-11-10 20:33:46',410,'4-44016Q',46),(3425,'2018-04-02 00:42:28','2018-04-02 02:47:33',461,'XAB-6911',88),(3426,'2018-10-27 18:44:21','2018-10-28 07:35:44',113,'30C 9038',56),(3427,'2018-04-14 09:30:45','2018-04-15 08:25:43',160,'30C 9038',60),(3428,'2018-06-05 12:22:03','2018-06-05 20:49:38',349,'160 KOM',60),(3429,'2018-07-24 08:56:01','2018-07-25 03:55:51',444,'823S',75),(3430,'2018-08-01 14:50:04','2018-08-01 23:08:55',198,'KQZ 813',32),(3431,'2018-03-14 06:25:36','2018-03-14 08:40:17',249,'RZD 208',83),(3432,'2018-10-17 04:47:23','2018-10-17 22:45:05',278,'252 LKC',9),(3433,'2018-11-14 18:11:35','2018-11-15 14:58:09',32,'31X VL1',91),(3434,'2018-05-07 21:44:53','2018-05-08 03:31:11',157,'IHF-296',3),(3435,'2018-05-09 04:46:41','2018-05-09 11:50:40',14,'HL 5495',33),(3436,'2018-11-14 04:08:36','2018-11-14 17:39:30',371,'0ZE1224',64),(3437,'2018-04-24 17:53:22','2018-04-25 10:55:52',47,'973 1322',89),(3438,'2018-05-16 23:14:48','2018-05-17 04:06:11',488,'160 KOM',94),(3439,'2018-09-25 10:09:17','2018-09-26 07:49:25',473,'233752',6),(3440,'2018-04-24 18:18:39','2018-04-25 09:49:09',220,'IHF-296',84),(3441,'2018-04-13 17:30:33','2018-04-14 02:14:31',341,'973 1322',84),(3442,'2018-01-03 21:15:41','2018-01-04 05:49:18',33,'IHF-296',17),(3443,'2018-01-29 21:15:57','2018-01-30 09:10:48',482,'YN8 P5J',13),(3444,'2018-06-29 15:37:39','2018-06-30 03:37:57',214,'160 KOM',85),(3445,'2018-12-13 22:58:20','2018-12-14 08:50:05',450,'973 1322',17),(3446,'2018-02-01 08:43:58','2018-02-02 02:49:00',456,'RPD-8334',13),(3447,'2018-12-19 13:55:14','2018-12-19 18:34:45',73,'31X VL1',73),(3448,'2018-03-22 10:41:08','2018-03-22 20:37:21',483,'IHF-296',71),(3449,'2018-05-04 08:57:02','2018-05-04 09:54:08',20,'4QT U99',77),(3450,'2018-01-07 23:43:12','2018-01-08 05:43:38',222,'4-44016Q',17),(3451,'2018-08-30 08:27:52','2018-08-31 07:30:11',199,'HCH 835',25),(3452,'2018-07-24 10:33:54','2018-07-25 07:33:00',39,'45W X49',32),(3453,'2018-04-23 19:49:19','2018-04-24 19:20:19',8,'31X VL1',23),(3454,'2018-11-15 20:22:08','2018-11-16 18:01:27',217,'4QT U99',35),(3455,'2018-11-07 23:34:42','2018-11-08 07:30:58',368,'RPD-8334',100),(3456,'2018-11-22 02:41:49','2018-11-22 07:08:58',485,'KXB 559',42),(3457,'2018-03-08 12:27:49','2018-03-08 15:35:18',146,'177 YBQ',92),(3458,'2018-01-02 13:55:52','2018-01-02 20:14:29',205,'477 NPK',94),(3459,'2018-08-27 01:05:00','2018-08-27 11:12:48',475,'VPT-2591',89),(3460,'2018-02-21 09:24:57','2018-02-21 20:57:06',481,'0LL0774',40),(3461,'2018-09-14 12:29:39','2018-09-15 01:55:20',86,'074D9',42),(3462,'2018-03-06 22:40:38','2018-03-07 19:36:34',262,'075 FFB',67),(3463,'2018-10-16 15:38:23','2018-10-17 04:13:53',6,'7-U3496',29),(3464,'2018-06-26 06:10:52','2018-06-26 17:00:36',10,'LDT 720',42),(3465,'2018-09-27 05:58:44','2018-09-27 07:05:39',201,'FXA-9799',13),(3466,'2018-02-04 18:46:12','2018-02-05 15:48:04',29,'RZD 208',32),(3467,'2018-06-17 03:43:25','2018-06-17 05:56:45',131,'KQZ 813',77),(3468,'2018-05-17 19:14:37','2018-05-18 18:10:07',248,'FBD-8300',80),(3469,'2018-07-05 15:58:05','2018-07-05 21:12:39',471,'RPD-8334',29),(3470,'2018-03-21 13:47:21','2018-03-22 08:24:41',464,'252 LKC',51),(3471,'2018-12-15 01:40:42','2018-12-15 13:06:24',82,'160 KOM',18),(3472,'2018-06-08 18:45:49','2018-06-09 12:34:58',279,'31X VL1',34),(3473,'2018-01-20 12:10:58','2018-01-21 01:08:03',349,'029 GAV',67),(3474,'2018-05-05 07:50:04','2018-05-06 07:36:47',19,'FBD-8300',85),(3475,'2018-03-30 08:58:29','2018-03-31 08:01:54',87,'WS 7027',81),(3476,'2018-09-07 12:52:29','2018-09-07 19:55:08',2,'6698',48),(3477,'2018-10-05 01:40:19','2018-10-05 10:58:33',172,'993 DTR',69),(3478,'2018-10-16 20:47:07','2018-10-17 17:38:05',118,'31X VL1',76),(3479,'2018-07-10 23:09:44','2018-07-11 03:58:21',250,'7-U3496',63),(3480,'2018-07-24 05:37:27','2018-07-24 21:29:01',351,'XAB-6911',83),(3481,'2018-01-07 07:37:33','2018-01-07 09:44:23',98,'FXA-9799',14),(3482,'2018-09-16 16:10:02','2018-09-16 17:29:01',61,'70-08440',28),(3483,'2018-03-19 10:49:02','2018-03-19 20:38:57',30,'4-44016Q',80),(3484,'2018-04-27 08:52:40','2018-04-28 07:21:54',270,'RZD 208',90),(3485,'2018-07-22 22:17:55','2018-07-23 15:34:47',148,'30C 9038',70),(3486,'2018-07-03 11:30:41','2018-07-03 18:22:36',281,'LEL-3572',18),(3487,'2018-02-02 23:12:41','2018-02-03 07:27:15',479,'10M H33',83),(3488,'2018-06-22 04:49:59','2018-06-22 07:47:03',403,'7-U3496',94),(3489,'2018-11-22 21:44:41','2018-11-23 06:49:30',266,'XAB-6911',63),(3490,'2018-04-03 04:44:01','2018-04-03 15:05:24',480,'78-65590',2),(3491,'2018-01-18 00:34:11','2018-01-18 11:15:54',478,'G 445079',5),(3492,'2018-07-31 15:12:59','2018-08-01 01:24:26',401,'JQ2 R6R',14),(3493,'2018-04-04 18:47:04','2018-04-04 19:23:08',295,'G 445079',79),(3494,'2018-08-01 02:57:58','2018-08-01 06:48:41',292,'76-O317',34),(3495,'2018-02-09 18:53:05','2018-02-10 09:22:12',220,'LEL-3572',30),(3496,'2018-08-09 00:00:52','2018-08-09 03:25:22',205,'6NZG011',26),(3497,'2018-05-17 06:36:56','2018-05-17 23:33:44',376,'477 NPK',87),(3498,'2018-03-12 12:14:37','2018-03-12 17:27:48',476,'IHF-296',47),(3499,'2018-12-11 14:01:32','2018-12-11 16:08:40',403,'76-O317',59),(3500,'2018-03-21 09:29:30','2018-03-22 09:17:47',53,'029 GAV',83),(3501,'2018-05-31 16:49:54','2018-06-01 06:21:49',338,'RPD-8334',72),(3502,'2018-02-24 14:34:57','2018-02-25 07:37:55',430,'SEQ-9042',35),(3503,'2018-02-09 09:59:48','2018-02-09 18:32:42',225,'76-O317',62),(3504,'2018-09-07 06:24:58','2018-09-07 12:55:26',485,'G 445079',14),(3505,'2018-04-24 07:54:47','2018-04-25 05:31:16',60,'63G 421',74),(3506,'2018-02-25 16:58:41','2018-02-25 19:32:58',66,'SC 1779',15),(3507,'2018-11-25 10:10:31','2018-11-25 20:49:09',93,'SC 1779',70),(3508,'2018-12-20 09:41:41','2018-12-20 20:09:10',471,'SC 1779',25),(3509,'2018-01-19 18:41:03','2018-01-20 08:55:15',280,'30C 9038',14),(3510,'2018-10-21 01:14:51','2018-10-21 10:59:25',149,'175 3398',28),(3511,'2018-12-09 14:12:18','2018-12-10 09:24:43',316,'935Z6',83),(3512,'2018-05-30 18:34:45','2018-05-31 00:07:59',58,'385-BHZA',43),(3513,'2018-09-04 06:47:40','2018-09-04 07:56:24',21,'JQ2 R6R',11),(3514,'2018-12-15 22:19:43','2018-12-16 14:39:33',450,'0J DR847',93),(3515,'2018-08-13 10:10:33','2018-08-14 05:33:38',368,'075 FFB',6),(3516,'2018-01-02 01:40:56','2018-01-02 16:57:35',448,'385-BHZA',100),(3517,'2018-09-15 15:43:00','2018-09-16 03:58:44',411,'8JTU778',96),(3518,'2018-12-28 03:23:05','2018-12-28 10:50:11',157,'30C 9038',45),(3519,'2018-05-18 22:21:04','2018-05-19 11:33:57',420,'252 LKC',47),(3520,'2018-05-22 18:25:00','2018-05-23 08:29:59',41,'252 LKC',90),(3521,'2018-11-07 16:05:18','2018-11-08 06:59:14',280,'VPT-2591',82),(3522,'2018-09-05 03:43:18','2018-09-05 16:31:47',46,'160 KOM',93),(3523,'2018-12-07 15:20:24','2018-12-07 20:50:07',18,'KQZ 813',38),(3524,'2018-08-24 16:01:14','2018-08-24 17:22:20',348,'76-O317',57),(3525,'2018-09-14 07:09:09','2018-09-14 15:43:47',444,'177 YBQ',67),(3526,'2018-06-05 05:37:10','2018-06-05 13:08:29',179,'0LL0774',2),(3527,'2018-01-07 17:19:46','2018-01-08 12:21:33',459,'3-6608Z',88),(3528,'2018-10-11 23:49:04','2018-10-12 14:44:39',266,'LEL-3572',46),(3529,'2018-01-06 08:15:53','2018-01-07 06:36:51',137,'VPT-2591',14),(3530,'2018-08-03 23:44:27','2018-08-04 18:10:01',459,'LEL-3572',32),(3531,'2018-03-09 18:14:29','2018-03-09 23:49:14',116,'45W X49',73),(3532,'2018-02-06 07:42:32','2018-02-06 11:31:38',452,'823S',29),(3533,'2018-05-11 02:18:08','2018-05-11 20:05:48',98,'7-U3496',60),(3534,'2018-07-02 17:57:55','2018-07-03 11:38:04',81,'IHF-296',73),(3535,'2018-12-18 11:49:57','2018-12-19 04:49:31',1,'9LX T41',74),(3536,'2018-11-09 14:10:30','2018-11-09 20:16:27',310,'075 FFB',21),(3537,'2018-11-13 05:21:16','2018-11-13 09:50:20',236,'091 WTK',39),(3538,'2018-12-10 07:16:17','2018-12-11 04:44:34',319,'45W X49',13),(3539,'2018-02-23 22:46:37','2018-02-24 20:42:44',279,'45W X49',34),(3540,'2018-03-10 03:59:00','2018-03-10 06:00:02',406,'HL 5495',10),(3541,'2018-09-03 08:21:08','2018-09-03 16:18:22',277,'0LL0774',69),(3542,'2018-08-21 01:39:52','2018-08-21 14:14:40',156,'LEL-3572',61),(3543,'2018-09-24 15:43:13','2018-09-25 09:16:28',20,'074D9',96),(3544,'2018-09-04 06:29:44','2018-09-04 07:34:50',334,'993 DTR',69),(3545,'2018-07-11 09:18:56','2018-07-11 18:03:46',351,'91V B44',8),(3546,'2018-08-31 18:50:39','2018-08-31 21:08:53',202,'24QZ031',46),(3547,'2018-04-07 09:33:10','2018-04-08 04:04:38',189,'9LX T41',91),(3548,'2018-06-20 14:36:37','2018-06-20 21:02:56',180,'6698',23),(3549,'2018-12-11 21:10:52','2018-12-12 00:59:51',456,'78-65590',89),(3550,'2018-03-10 06:22:32','2018-03-10 14:52:16',431,'029 GAV',29),(3551,'2018-06-09 08:51:25','2018-06-09 16:50:20',453,'935Z6',7),(3552,'2018-05-17 06:12:57','2018-05-17 06:50:15',385,'63G 421',25),(3553,'2018-09-02 03:41:07','2018-09-02 08:34:12',465,'FXA-9799',7),(3554,'2018-12-21 13:55:18','2018-12-21 17:04:42',356,'3DO 420',46),(3555,'2018-10-06 03:48:15','2018-10-06 07:42:41',476,'70-08440',35),(3556,'2018-08-23 09:11:44','2018-08-24 01:40:43',47,'644K',11),(3557,'2018-11-17 01:52:30','2018-11-17 09:26:48',347,'075 FFB',97),(3558,'2018-05-27 10:02:13','2018-05-27 21:55:59',326,'NDN 884',75),(3559,'2018-12-01 00:42:22','2018-12-01 19:05:25',192,'3-6608Z',15),(3560,'2018-07-15 21:40:30','2018-07-16 07:59:08',360,'76-O317',55),(3561,'2018-03-03 19:19:41','2018-03-04 01:41:35',420,'SC 1779',96),(3562,'2018-12-23 10:15:35','2018-12-23 22:31:01',422,'YN8 P5J',58),(3563,'2018-02-12 17:56:21','2018-02-12 20:21:37',185,'KTJ 026',1),(3564,'2018-04-06 19:39:35','2018-04-07 03:05:28',49,'0LL0774',68),(3565,'2018-10-20 12:11:44','2018-10-21 06:13:54',4,'252 LKC',53),(3566,'2018-01-22 22:12:31','2018-01-23 08:42:14',214,'SC 1779',16),(3567,'2018-03-29 11:37:59','2018-03-30 04:47:19',461,'10M H33',71),(3568,'2018-01-29 19:25:41','2018-01-30 04:15:50',115,'LDT 720',37),(3569,'2018-11-24 01:03:31','2018-11-24 14:42:38',295,'RPD-8334',58),(3570,'2018-05-22 11:21:55','2018-05-23 03:23:19',461,'935Z6',22),(3571,'2018-10-01 13:34:56','2018-10-02 07:28:16',223,'VPT-2591',45),(3572,'2018-05-03 23:51:34','2018-05-04 10:05:00',463,'KTJ 026',17),(3573,'2018-11-23 21:14:29','2018-11-24 06:53:16',82,'KXB 559',91),(3574,'2018-12-19 11:55:56','2018-12-19 23:00:14',242,'LEL-3572',30),(3575,'2018-08-18 20:29:52','2018-08-19 08:23:52',253,'10M H33',32),(3576,'2018-12-29 15:44:18','2018-12-29 19:06:17',160,'RZD 208',28),(3577,'2018-07-21 18:26:07','2018-07-22 08:59:18',286,'RZD 208',36),(3578,'2018-01-27 06:49:27','2018-01-28 05:40:41',41,'IHF-296',80),(3579,'2018-08-09 17:01:51','2018-08-10 06:14:52',222,'HCH 835',47),(3580,'2018-10-25 04:54:16','2018-10-25 18:10:03',77,'160 KOM',56),(3581,'2018-09-18 08:19:28','2018-09-18 10:57:47',113,'WS 7027',100),(3582,'2018-02-06 16:48:17','2018-02-07 07:39:02',476,'6NZG011',86),(3583,'2018-07-29 04:16:44','2018-07-29 13:19:57',204,'973 1322',25),(3584,'2018-06-29 07:33:49','2018-06-30 04:22:49',84,'3DO 420',8),(3585,'2018-04-05 04:55:39','2018-04-05 22:51:26',79,'935Z6',79),(3586,'2018-09-26 08:03:29','2018-09-26 16:20:26',353,'24QZ031',19),(3587,'2018-11-08 14:58:28','2018-11-08 22:37:30',458,'HCH 835',74),(3588,'2018-12-05 19:21:39','2018-12-06 07:06:35',168,'6698',14),(3589,'2018-02-23 10:12:18','2018-02-24 09:31:42',152,'NMQ 372',47),(3590,'2018-05-17 21:17:10','2018-05-18 19:38:51',133,'63G 421',99),(3591,'2018-03-17 09:15:36','2018-03-17 20:39:58',23,'KXB 559',98),(3592,'2018-01-03 00:54:18','2018-01-03 18:02:07',259,'4QT U99',37),(3593,'2018-03-30 00:29:02','2018-03-30 06:05:06',47,'45W X49',13),(3594,'2018-02-17 12:34:34','2018-02-17 19:17:13',460,'SEQ-9042',43),(3595,'2018-09-24 12:19:14','2018-09-25 06:57:47',350,'935Z6',92),(3596,'2018-03-14 11:23:35','2018-03-15 00:01:45',433,'252 LKC',7),(3597,'2018-02-17 02:13:17','2018-02-17 16:47:22',176,'KXB 559',66),(3598,'2018-06-05 14:27:27','2018-06-05 15:29:10',292,'823S',34),(3599,'2018-09-24 03:45:49','2018-09-24 17:56:54',160,'029 GAV',68),(3600,'2018-05-05 06:48:30','2018-05-06 06:34:42',219,'9LX T41',4),(3601,'2018-02-06 06:13:28','2018-02-06 10:51:19',32,'70-08440',4),(3602,'2018-03-17 23:34:06','2018-03-18 10:57:36',67,'63G 421',5),(3603,'2018-05-12 02:10:11','2018-05-13 01:29:26',497,'7-U3496',59),(3604,'2018-07-19 09:11:25','2018-07-19 14:04:46',171,'YN8 P5J',73),(3605,'2018-03-28 15:38:58','2018-03-29 09:05:17',418,'NDN 884',88),(3606,'2018-06-23 07:14:07','2018-06-23 10:33:41',227,'10M H33',73),(3607,'2018-08-11 20:03:42','2018-08-12 08:44:34',7,'6NZG011',3),(3608,'2018-12-12 09:10:25','2018-12-13 04:01:00',326,'IHF-296',73),(3609,'2018-05-04 03:43:34','2018-05-05 00:16:53',275,'SEQ-9042',95),(3610,'2018-05-13 03:56:45','2018-05-13 07:01:32',234,'HL 5495',26),(3611,'2018-12-26 14:42:58','2018-12-26 14:52:33',60,'G 445079',43),(3612,'2018-01-29 00:10:58','2018-01-29 07:39:56',257,'LEL-3572',59),(3613,'2018-03-04 23:58:08','2018-03-05 00:59:47',348,'XAB-6911',87),(3614,'2018-12-21 06:12:43','2018-12-21 16:18:59',48,'63G 421',10),(3615,'2018-02-12 08:35:11','2018-02-12 10:36:24',204,'FBD-8300',3),(3616,'2018-10-16 14:21:58','2018-10-17 06:33:37',285,'70-08440',50),(3617,'2018-01-13 08:32:04','2018-01-13 21:53:25',125,'G 445079',78),(3618,'2018-08-25 02:49:56','2018-08-25 18:47:16',206,'175 3398',75),(3619,'2018-11-13 20:17:36','2018-11-14 14:52:44',65,'177 YBQ',48),(3620,'2018-07-29 07:49:51','2018-07-29 12:13:08',355,'4QT U99',99),(3621,'2018-08-19 13:44:34','2018-08-20 09:58:22',421,'NDN 884',3),(3622,'2018-08-27 17:42:18','2018-08-28 09:00:07',127,'91V B44',99),(3623,'2018-03-10 06:23:39','2018-03-10 16:50:22',200,'24QZ031',59),(3624,'2018-04-18 22:41:56','2018-04-19 19:15:00',238,'HL 5495',69),(3625,'2018-02-02 19:14:27','2018-02-02 23:35:45',229,'3DO 420',69),(3626,'2018-04-21 22:27:18','2018-04-22 01:59:18',40,'KTJ 026',4),(3627,'2018-03-17 16:14:36','2018-03-18 09:24:20',430,'G 445079',72),(3628,'2018-08-31 14:48:15','2018-09-01 01:49:31',149,'63G 421',39),(3629,'2018-06-03 03:17:31','2018-06-04 01:44:58',264,'075 FFB',35),(3630,'2018-02-25 09:48:44','2018-02-25 13:49:51',435,'9LX T41',24),(3631,'2018-05-25 04:25:13','2018-05-25 21:01:16',338,'3DO 420',65),(3632,'2018-12-04 17:32:32','2018-12-05 09:50:26',204,'HCH 835',73),(3633,'2018-11-26 09:34:15','2018-11-26 22:15:27',408,'973 1322',83),(3634,'2018-10-06 16:34:14','2018-10-06 21:34:31',391,'0ZE1224',57),(3635,'2018-06-29 07:21:20','2018-06-29 07:46:21',199,'160 KOM',70),(3636,'2018-01-21 22:06:12','2018-01-22 14:11:52',8,'SC 1779',95),(3637,'2018-10-05 14:15:20','2018-10-06 02:47:13',72,'029 GAV',9),(3638,'2018-09-09 20:36:30','2018-09-09 22:33:26',429,'074D9',17),(3639,'2018-09-30 05:36:03','2018-10-01 04:26:07',350,'45W X49',100),(3640,'2018-01-01 00:44:30','2018-01-01 16:51:16',406,'YN8 P5J',88),(3641,'2018-02-18 19:10:07','2018-02-19 09:06:30',98,'0J DR847',48),(3642,'2018-03-20 07:10:00','2018-03-21 04:18:48',178,'8JTU778',98),(3643,'2018-04-18 08:23:29','2018-04-19 01:04:58',308,'KXB 559',48),(3644,'2018-03-03 19:14:19','2018-03-04 10:03:57',216,'074D9',24),(3645,'2018-02-21 19:00:34','2018-02-22 05:36:56',139,'074D9',28),(3646,'2018-08-10 19:15:20','2018-08-11 09:01:30',328,'823S',99),(3647,'2018-07-28 03:28:59','2018-07-28 05:08:18',385,'074D9',42),(3648,'2018-07-05 16:54:39','2018-07-06 13:35:35',160,'NDN 884',46),(3649,'2018-09-15 13:34:46','2018-09-16 03:26:21',108,'160 KOM',18),(3650,'2018-02-01 08:11:43','2018-02-01 14:06:55',452,'30C 9038',59),(3651,'2018-07-15 13:42:58','2018-07-15 16:55:21',270,'91V B44',95),(3652,'2018-10-10 18:32:16','2018-10-11 17:46:58',466,'63G 421',95),(3653,'2018-09-21 14:05:48','2018-09-22 05:04:44',272,'7-U3496',22),(3654,'2018-08-13 08:18:03','2018-08-14 00:31:06',103,'76-O317',3),(3655,'2018-10-26 12:35:49','2018-10-26 22:14:26',77,'477 NPK',13),(3656,'2018-03-20 02:41:56','2018-03-20 06:12:51',271,'160 KOM',39),(3657,'2018-02-22 15:02:56','2018-02-23 00:40:26',498,'0J DR847',13),(3658,'2018-08-27 14:01:23','2018-08-28 11:56:12',240,'YN8 P5J',15),(3659,'2018-10-17 10:42:18','2018-10-17 19:36:47',231,'935Z6',58),(3660,'2018-09-13 18:13:42','2018-09-14 15:44:10',370,'KTJ 026',84),(3661,'2018-03-15 05:28:30','2018-03-15 08:36:04',263,'644K',69),(3662,'2018-05-25 15:23:48','2018-05-25 22:58:46',254,'823S',19),(3663,'2018-06-29 16:22:35','2018-06-30 00:39:21',300,'RPD-8334',24),(3664,'2018-08-17 16:31:12','2018-08-18 01:40:08',459,'LEL-3572',22),(3665,'2018-07-13 12:05:06','2018-07-14 06:06:49',440,'LDT 720',76),(3666,'2018-01-20 10:12:39','2018-01-20 10:26:20',202,'24QZ031',24),(3667,'2018-01-28 19:30:28','2018-01-29 16:29:37',246,'9LX T41',43),(3668,'2018-12-13 06:35:00','2018-12-13 14:16:06',245,'KQZ 813',27),(3669,'2018-11-18 11:30:53','2018-11-19 11:14:09',124,'029 GAV',27),(3670,'2018-09-17 14:46:17','2018-09-17 23:47:07',458,'993 DTR',9),(3671,'2018-06-25 12:18:04','2018-06-26 04:39:11',182,'KTJ 026',63),(3672,'2018-04-09 14:08:31','2018-04-10 05:49:55',32,'029 GAV',93),(3673,'2018-01-19 23:04:18','2018-01-20 23:02:12',353,'91V B44',37),(3674,'2018-12-02 07:26:32','2018-12-02 12:40:53',193,'45W X49',1),(3675,'2018-05-22 07:45:12','2018-05-23 07:02:53',142,'45W X49',62),(3676,'2018-09-19 17:42:13','2018-09-20 12:52:47',328,'30C 9038',17),(3677,'2018-07-11 03:17:49','2018-07-11 14:42:12',269,'993 DTR',5),(3678,'2018-05-27 00:20:49','2018-05-27 01:33:56',234,'VPT-2591',21),(3679,'2018-12-15 22:39:45','2018-12-16 06:42:10',181,'G 445079',50),(3680,'2018-11-05 22:29:53','2018-11-06 02:20:00',132,'6698',78),(3681,'2018-03-09 11:22:00','2018-03-10 01:34:07',108,'JQ2 R6R',40),(3682,'2018-10-06 13:05:44','2018-10-07 04:58:26',149,'075 FFB',81),(3683,'2018-11-22 11:09:44','2018-11-23 00:41:25',453,'233752',54),(3684,'2018-06-12 23:00:49','2018-06-13 03:02:05',428,'HL 5495',9),(3685,'2018-04-26 11:39:12','2018-04-26 20:39:01',245,'823S',85),(3686,'2018-12-02 01:21:20','2018-12-03 00:08:17',143,'31X VL1',22),(3687,'2018-02-01 00:31:32','2018-02-01 18:46:42',339,'6698',47),(3688,'2018-03-09 17:55:15','2018-03-10 04:54:06',176,'4-44016Q',23),(3689,'2018-06-28 17:19:56','2018-06-28 17:23:38',65,'SEQ-9042',69),(3690,'2018-10-02 11:01:01','2018-10-03 09:01:28',151,'24QZ031',95),(3691,'2018-08-28 12:22:23','2018-08-29 11:17:21',476,'63G 421',87),(3692,'2018-11-29 09:40:47','2018-11-29 14:12:10',228,'4-44016Q',38),(3693,'2018-10-16 13:08:16','2018-10-17 09:30:38',17,'76-O317',43),(3694,'2018-11-26 08:53:18','2018-11-26 19:03:31',26,'G 445079',75),(3695,'2018-05-27 23:31:26','2018-05-28 05:26:40',19,'YN8 P5J',96),(3696,'2018-09-16 03:15:58','2018-09-16 03:44:31',182,'45W X49',10),(3697,'2018-05-23 21:15:28','2018-05-24 09:24:48',40,'FXA-9799',70),(3698,'2018-02-04 01:09:35','2018-02-04 17:51:49',249,'3DO 420',4),(3699,'2018-04-04 00:39:46','2018-04-04 13:13:29',18,'935Z6',88),(3700,'2018-08-20 03:26:28','2018-08-21 01:21:00',42,'4-44016Q',9),(3701,'2018-03-23 14:41:47','2018-03-24 11:00:24',132,'HCH 835',26),(3702,'2018-02-07 11:08:25','2018-02-07 20:04:33',319,'LDT 720',5),(3703,'2018-10-25 20:15:12','2018-10-26 13:00:00',123,'VPT-2591',26),(3704,'2018-07-27 23:44:22','2018-07-28 22:55:53',283,'IHF-296',43),(3705,'2018-09-28 21:31:46','2018-09-29 18:13:29',194,'LEL-3572',30),(3706,'2018-09-29 14:05:46','2018-09-30 12:45:04',261,'XAB-6911',65),(3707,'2018-09-20 11:53:06','2018-09-20 13:01:52',285,'7-U3496',62),(3708,'2018-08-10 09:55:21','2018-08-10 21:25:54',210,'SC 1779',84),(3709,'2018-04-24 02:17:07','2018-04-24 18:57:18',83,'NDN 884',88),(3710,'2018-06-01 05:57:34','2018-06-02 01:45:41',10,'233752',30),(3711,'2018-05-03 11:37:16','2018-05-04 09:09:30',25,'JQ2 R6R',79),(3712,'2018-09-18 04:33:42','2018-09-18 11:51:41',359,'3-6608Z',88),(3713,'2018-08-11 09:18:14','2018-08-11 11:20:15',141,'YN8 P5J',50),(3714,'2018-02-06 01:17:43','2018-02-06 20:30:41',283,'31X VL1',13),(3715,'2018-09-26 18:46:53','2018-09-27 02:41:22',409,'SC 1779',78),(3716,'2018-08-21 07:58:42','2018-08-22 05:53:46',196,'YN8 P5J',16),(3717,'2018-05-15 14:39:30','2018-05-15 15:50:03',264,'10M H33',70),(3718,'2018-05-25 20:48:57','2018-05-26 06:16:56',68,'075 FFB',31),(3719,'2018-08-01 21:58:24','2018-08-01 22:13:07',346,'0LL0774',3),(3720,'2018-03-10 23:22:50','2018-03-11 18:00:54',239,'LDT 720',53),(3721,'2018-12-30 10:58:10','2018-12-30 14:52:26',135,'935Z6',49),(3722,'2018-07-28 05:57:59','2018-07-29 00:48:45',62,'385-BHZA',2),(3723,'2018-04-01 11:32:43','2018-04-02 08:45:14',55,'10M H33',85),(3724,'2018-03-09 03:46:17','2018-03-09 12:32:21',32,'78-65590',66),(3725,'2018-03-12 05:43:30','2018-03-12 13:41:39',396,'0J DR847',25),(3726,'2018-04-26 20:01:18','2018-04-27 12:36:30',113,'6698',28),(3727,'2018-12-04 01:25:58','2018-12-04 02:56:49',82,'NMQ 372',42),(3728,'2018-09-13 14:53:47','2018-09-14 09:37:00',13,'233752',64),(3729,'2018-07-26 00:27:40','2018-07-26 22:55:17',78,'RPD-8334',27),(3730,'2018-03-08 01:54:12','2018-03-08 12:31:59',377,'NMQ 372',81),(3731,'2018-07-07 12:35:54','2018-07-08 02:54:01',283,'233752',32),(3732,'2018-09-08 02:40:47','2018-09-08 12:06:07',487,'HL 5495',68),(3733,'2018-08-22 15:26:55','2018-08-23 10:37:07',32,'WS 7027',17),(3734,'2018-02-14 03:56:02','2018-02-14 05:47:16',93,'6698',99),(3735,'2018-08-28 06:57:11','2018-08-28 15:45:06',364,'KQZ 813',5),(3736,'2018-11-07 15:20:31','2018-11-08 00:44:48',496,'YN8 P5J',33),(3737,'2018-02-25 20:56:04','2018-02-25 21:57:52',35,'24QZ031',25),(3738,'2018-03-24 14:28:53','2018-03-24 16:30:00',346,'IHF-296',6),(3739,'2018-08-28 10:30:54','2018-08-28 20:02:53',386,'029 GAV',64),(3740,'2018-11-04 19:22:21','2018-11-04 20:17:59',137,'9LX T41',86),(3741,'2018-06-28 13:34:12','2018-06-29 09:50:12',434,'FBD-8300',78),(3742,'2018-01-05 09:35:49','2018-01-06 01:07:38',32,'NMQ 372',40),(3743,'2018-12-28 20:56:13','2018-12-29 00:44:01',350,'HCH 835',27),(3744,'2018-12-28 00:40:50','2018-12-28 02:44:57',191,'HCH 835',60),(3745,'2018-12-28 09:26:46','2018-12-28 19:23:17',275,'233752',48),(3746,'2018-07-07 00:22:17','2018-07-07 14:07:42',400,'63G 421',64),(3747,'2018-05-29 12:25:46','2018-05-29 16:09:50',282,'FXA-9799',3),(3748,'2018-12-31 09:41:15','2019-01-01 03:42:26',46,'91V B44',45),(3749,'2018-08-04 16:47:00','2018-08-04 22:52:51',326,'4-44016Q',68),(3750,'2018-09-08 03:49:26','2018-09-09 02:20:05',48,'VPT-2591',78),(3751,'2018-05-04 07:51:52','2018-05-04 12:41:04',470,'XAB-6911',97),(3752,'2018-11-04 04:17:17','2018-11-05 01:51:12',12,'823S',40),(3754,'2018-12-09 05:51:28','2018-12-10 02:23:29',473,'KQZ 813',63),(3755,'2018-06-25 20:17:39','2018-06-26 19:17:45',273,'SC 1779',21),(3756,'2018-10-30 14:05:59','2018-10-30 17:37:50',404,'JQ2 R6R',86),(3757,'2018-09-10 18:54:39','2018-09-11 02:32:48',359,'973 1322',6),(3758,'2018-10-18 19:55:26','2018-10-19 13:45:16',419,'NDN 884',97),(3759,'2018-02-12 19:21:07','2018-02-13 08:28:45',471,'31X VL1',23),(3760,'2018-04-18 03:35:24','2018-04-19 02:07:30',219,'177 YBQ',46),(3761,'2018-12-03 17:38:04','2018-12-03 20:36:26',69,'63G 421',70),(3762,'2018-02-23 06:41:32','2018-02-23 23:27:53',75,'993 DTR',91),(3763,'2018-01-17 02:54:21','2018-01-17 21:15:36',26,'8JTU778',60),(3764,'2018-11-28 23:27:07','2018-11-29 13:52:34',468,'3-6608Z',84),(3765,'2018-03-07 19:06:29','2018-03-07 23:42:17',425,'091 WTK',92),(3766,'2018-11-20 07:22:02','2018-11-20 09:10:08',426,'075 FFB',12),(3767,'2018-01-12 10:19:05','2018-01-13 09:19:41',390,'385-BHZA',39),(3768,'2018-03-31 05:39:56','2018-03-31 17:30:02',456,'NMQ 372',20),(3769,'2018-11-30 11:44:39','2018-11-30 22:05:59',464,'30C 9038',26),(3770,'2018-06-06 11:52:38','2018-06-07 04:24:44',47,'FXA-9799',69),(3771,'2018-07-19 06:35:38','2018-07-19 13:48:24',304,'177 YBQ',27),(3772,'2018-05-30 13:26:01','2018-05-30 15:55:36',99,'RPD-8334',69),(3773,'2018-03-15 16:46:28','2018-03-16 07:09:48',221,'973 1322',74),(3774,'2018-09-21 12:59:43','2018-09-21 15:26:38',9,'8JTU778',41),(3775,'2018-06-08 09:16:35','2018-06-09 04:31:22',405,'252 LKC',54),(3776,'2018-03-26 13:28:23','2018-03-26 19:18:31',394,'24QZ031',80),(3777,'2018-02-21 12:10:56','2018-02-21 21:15:43',371,'NMQ 372',58),(3778,'2018-08-16 03:07:00','2018-08-16 11:30:51',497,'644K',89),(3779,'2018-07-11 20:09:03','2018-07-12 04:18:13',124,'FXA-9799',90),(3780,'2018-03-03 06:44:07','2018-03-03 07:45:08',136,'644K',60),(3781,'2018-04-25 19:09:19','2018-04-26 07:25:22',296,'973 1322',77),(3782,'2018-06-25 14:23:05','2018-06-26 02:24:03',202,'NDN 884',57),(3783,'2018-05-14 20:53:04','2018-05-15 15:55:04',180,'LEL-3572',74),(3784,'2018-04-30 08:56:45','2018-04-30 22:31:15',134,'HL 5495',10),(3785,'2018-04-30 20:30:23','2018-05-01 00:02:20',338,'30C 9038',62),(3786,'2018-05-06 18:02:55','2018-05-07 11:01:21',74,'3-6608Z',70),(3787,'2018-08-14 20:11:47','2018-08-15 01:51:18',387,'31X VL1',53),(3788,'2018-01-15 04:50:45','2018-01-16 02:31:42',127,'075 FFB',27),(3789,'2018-07-29 16:24:04','2018-07-30 07:29:26',235,'477 NPK',49),(3790,'2018-01-03 13:45:11','2018-01-04 01:52:38',178,'KXB 559',20),(3791,'2018-04-13 17:35:29','2018-04-13 18:23:37',491,'233752',44),(3792,'2018-05-10 13:02:38','2018-05-10 22:07:53',428,'KTJ 026',88),(3793,'2018-03-25 10:37:59','2018-03-26 03:51:25',145,'G 445079',91),(3794,'2018-04-27 12:38:05','2018-04-27 19:16:19',200,'VPT-2591',26),(3795,'2018-11-21 03:56:03','2018-11-21 21:33:09',476,'973 1322',12),(3796,'2018-01-12 21:00:01','2018-01-13 19:33:11',169,'0LL0774',45),(3797,'2018-09-08 11:22:27','2018-09-09 05:44:18',431,'63G 421',90),(3798,'2018-06-19 21:12:01','2018-06-20 09:29:34',272,'0J DR847',66),(3799,'2018-04-02 08:55:04','2018-04-03 07:35:56',328,'WS 7027',50),(3800,'2018-01-05 04:01:35','2018-01-05 06:04:51',374,'HL 5495',41),(3801,'2018-08-23 18:54:17','2018-08-24 05:12:33',246,'FXA-9799',53),(3802,'2018-02-23 05:28:31','2018-02-23 22:52:45',299,'SEQ-9042',18),(3803,'2018-11-03 05:10:52','2018-11-03 19:46:40',454,'0LL0774',26),(3804,'2018-09-19 09:43:17','2018-09-20 06:05:49',224,'0J DR847',82),(3805,'2018-09-17 06:59:17','2018-09-17 19:55:45',494,'0J DR847',70),(3806,'2018-07-26 10:06:46','2018-07-26 17:24:02',98,'LDT 720',49),(3807,'2018-12-13 12:22:13','2018-12-14 02:47:38',425,'0J DR847',33),(3808,'2018-10-28 22:27:29','2018-10-29 09:17:24',402,'XAB-6911',75),(3809,'2018-09-02 05:00:48','2018-09-03 03:19:56',17,'IHF-296',40),(3810,'2018-07-23 14:05:31','2018-07-23 16:33:26',356,'4-44016Q',40),(3811,'2018-06-29 04:53:31','2018-06-29 22:50:03',218,'0LL0774',67),(3812,'2018-01-10 09:06:11','2018-01-10 10:42:39',138,'KXB 559',42),(3813,'2018-10-02 11:55:30','2018-10-02 19:31:58',199,'477 NPK',43),(3814,'2018-05-21 03:17:20','2018-05-21 18:42:30',30,'XAB-6911',46),(3815,'2018-11-08 22:57:06','2018-11-09 13:01:11',135,'477 NPK',51),(3816,'2018-03-10 23:43:23','2018-03-11 04:55:37',332,'160 KOM',34),(3817,'2018-01-05 19:18:45','2018-01-06 16:15:53',444,'6NZG011',71),(3818,'2018-04-29 06:35:33','2018-04-29 19:32:13',35,'10M H33',44),(3819,'2018-05-09 07:39:02','2018-05-10 02:05:00',489,'993 DTR',58),(3820,'2018-06-05 14:25:50','2018-06-05 21:51:05',182,'76-O317',3),(3821,'2018-05-31 13:55:55','2018-06-01 12:58:13',481,'31X VL1',55),(3822,'2018-03-29 15:41:56','2018-03-29 19:57:37',238,'4QT U99',95),(3823,'2018-01-21 13:15:55','2018-01-21 23:31:34',214,'FXA-9799',69),(3824,'2018-07-06 10:13:54','2018-07-06 12:44:55',51,'LDT 720',72),(3825,'2018-07-02 17:18:17','2018-07-02 22:39:48',404,'FBD-8300',24),(3826,'2018-09-22 10:44:42','2018-09-22 15:51:30',260,'FXA-9799',87),(3827,'2018-02-12 06:09:12','2018-02-12 10:32:14',49,'10M H33',84),(3828,'2018-04-28 02:58:48','2018-04-28 20:45:06',144,'993 DTR',60),(3829,'2018-11-10 14:02:40','2018-11-10 15:46:44',498,'3-6608Z',72),(3830,'2018-02-08 07:58:42','2018-02-08 23:21:24',349,'RZD 208',52),(3831,'2018-04-03 02:31:00','2018-04-04 01:27:31',108,'644K',50),(3832,'2018-07-15 20:32:30','2018-07-16 11:57:35',113,'3-6608Z',72),(3833,'2018-06-18 00:29:54','2018-06-18 14:08:22',256,'074D9',20),(3834,'2018-01-30 17:53:39','2018-01-31 02:34:20',310,'31X VL1',60),(3835,'2018-05-02 17:26:20','2018-05-02 20:45:55',185,'70-08440',41),(3836,'2018-05-12 16:22:31','2018-05-12 21:12:45',436,'FXA-9799',47),(3837,'2018-06-21 09:41:50','2018-06-21 12:26:31',70,'NMQ 372',73),(3838,'2018-04-08 01:11:20','2018-04-08 18:24:23',234,'7-U3496',73),(3839,'2018-10-20 23:46:34','2018-10-21 01:45:14',150,'JQ2 R6R',11),(3840,'2018-01-21 06:09:33','2018-01-21 13:23:48',265,'76-O317',40),(3841,'2018-02-15 11:38:43','2018-02-16 00:50:07',166,'075 FFB',40),(3842,'2018-04-29 09:04:53','2018-04-29 14:41:01',122,'7-U3496',4),(3843,'2018-05-22 01:00:58','2018-05-22 17:02:04',206,'NDN 884',17),(3844,'2018-07-11 12:49:54','2018-07-12 12:42:31',40,'074D9',20),(3845,'2018-07-02 20:38:52','2018-07-03 12:26:33',141,'477 NPK',42),(3846,'2018-12-06 09:17:29','2018-12-07 06:44:59',401,'160 KOM',12),(3847,'2018-08-14 08:19:51','2018-08-14 23:21:45',435,'70-08440',55),(3848,'2018-03-20 17:59:08','2018-03-20 23:51:37',269,'0ZE1224',22),(3849,'2018-09-15 01:38:38','2018-09-15 16:47:20',403,'KXB 559',30),(3850,'2018-02-27 08:24:02','2018-02-27 13:54:17',227,'RZD 208',42),(3851,'2018-05-19 21:00:01','2018-05-20 10:38:45',47,'63G 421',90),(3852,'2018-11-13 23:50:03','2018-11-14 16:24:42',138,'935Z6',41),(3853,'2018-10-29 00:20:55','2018-10-29 19:10:41',169,'SC 1779',72),(3854,'2018-05-15 02:22:10','2018-05-15 03:37:09',181,'177 YBQ',53),(3855,'2018-11-17 07:00:15','2018-11-18 03:38:19',438,'4-44016Q',52),(3856,'2018-08-24 06:59:03','2018-08-24 07:18:17',342,'10M H33',37),(3857,'2018-11-16 06:02:40','2018-11-16 17:29:59',267,'7-U3496',4),(3858,'2018-08-05 20:09:40','2018-08-06 16:03:10',461,'0ZE1224',29),(3859,'2018-03-21 02:02:00','2018-03-21 22:53:13',370,'KQZ 813',8),(3860,'2018-09-28 08:31:34','2018-09-29 05:06:08',39,'935Z6',79),(3861,'2018-09-03 12:50:26','2018-09-03 15:48:04',409,'45W X49',16),(3862,'2018-02-23 18:01:37','2018-02-24 01:15:34',398,'SC 1779',82),(3863,'2018-06-30 04:58:33','2018-06-30 19:48:20',175,'7-U3496',61),(3864,'2018-04-13 17:57:55','2018-04-13 18:04:07',347,'78-65590',43),(3865,'2018-04-24 17:52:11','2018-04-24 18:47:47',190,'160 KOM',72),(3866,'2018-10-01 18:51:54','2018-10-02 08:33:14',258,'RPD-8334',23),(3867,'2018-06-28 01:43:17','2018-06-28 09:45:53',363,'JQ2 R6R',25),(3868,'2018-11-01 04:24:22','2018-11-01 23:16:15',413,'RPD-8334',7),(3869,'2018-09-20 15:46:06','2018-09-20 21:39:16',351,'233752',89),(3870,'2018-10-07 06:54:28','2018-10-07 19:06:55',304,'477 NPK',63),(3871,'2018-09-09 02:05:29','2018-09-09 16:12:08',257,'JQ2 R6R',54),(3872,'2018-11-20 01:05:31','2018-11-20 03:44:44',6,'KTJ 026',92),(3873,'2018-02-18 08:08:20','2018-02-19 00:08:31',13,'63G 421',29),(3874,'2018-03-24 02:56:48','2018-03-24 06:56:04',255,'FBD-8300',13),(3875,'2018-03-26 22:24:44','2018-03-27 08:23:06',67,'4QT U99',4),(3876,'2018-07-04 20:09:55','2018-07-05 16:07:42',74,'10M H33',3),(3877,'2018-11-25 02:26:21','2018-11-25 17:25:32',311,'3DO 420',73),(3878,'2018-10-06 11:57:04','2018-10-06 14:55:09',184,'NDN 884',33),(3879,'2018-09-08 12:59:52','2018-09-09 00:32:44',7,'029 GAV',98),(3880,'2018-08-04 01:17:57','2018-08-05 01:09:52',345,'6NZG011',63),(3881,'2018-02-23 19:24:20','2018-02-24 06:08:48',446,'823S',69),(3882,'2018-10-31 06:47:18','2018-10-31 23:04:15',285,'4-44016Q',38),(3883,'2018-03-05 20:59:10','2018-03-06 13:00:15',218,'4-44016Q',89),(3884,'2018-02-20 00:19:17','2018-02-20 18:39:46',474,'7-U3496',35),(3885,'2018-12-04 10:03:47','2018-12-04 11:54:42',56,'45W X49',68),(3886,'2018-09-20 09:25:19','2018-09-20 10:39:42',379,'LEL-3572',12),(3887,'2018-08-29 18:46:54','2018-08-30 18:33:19',374,'KTJ 026',76),(3888,'2018-09-18 02:52:14','2018-09-19 00:55:16',178,'0LL0774',43),(3889,'2018-10-22 14:59:13','2018-10-23 04:14:46',159,'91V B44',99),(3890,'2018-01-15 17:06:25','2018-01-16 08:20:33',428,'RPD-8334',39),(3891,'2018-02-20 17:25:00','2018-02-20 17:25:48',407,'0ZE1224',4),(3892,'2018-02-07 19:16:44','2018-02-08 09:30:38',436,'WS 7027',67),(3893,'2018-10-20 18:44:53','2018-10-21 11:16:34',137,'YN8 P5J',56),(3894,'2018-07-22 07:41:01','2018-07-23 03:25:07',296,'LEL-3572',36),(3895,'2018-12-28 14:14:13','2018-12-29 14:10:53',440,'70-08440',44),(3896,'2018-07-19 06:40:52','2018-07-20 04:21:24',107,'HL 5495',56),(3897,'2018-12-04 02:09:53','2018-12-05 00:14:55',440,'993 DTR',7),(3898,'2018-10-15 12:54:41','2018-10-15 13:03:36',488,'10M H33',72),(3899,'2018-05-15 23:04:16','2018-05-16 16:26:48',202,'252 LKC',63),(3900,'2018-09-14 10:39:35','2018-09-14 13:46:09',79,'24QZ031',6),(3901,'2018-05-16 06:15:22','2018-05-16 09:05:43',272,'0J DR847',44),(3902,'2018-06-30 03:13:14','2018-06-30 09:00:02',321,'XAB-6911',48),(3903,'2018-09-08 13:52:36','2018-09-09 09:32:43',382,'233752',15),(3904,'2018-06-07 08:54:08','2018-06-08 05:19:18',2,'029 GAV',64),(3905,'2018-02-10 02:42:00','2018-02-10 14:01:41',108,'091 WTK',42),(3906,'2018-07-22 11:57:37','2018-07-23 06:03:57',15,'935Z6',15),(3907,'2018-11-23 21:20:48','2018-11-24 02:19:32',244,'FXA-9799',21),(3908,'2018-11-21 18:16:06','2018-11-22 07:01:06',127,'074D9',17),(3909,'2018-03-13 06:21:37','2018-03-14 01:54:47',204,'074D9',89),(3910,'2018-10-02 09:44:07','2018-10-03 06:01:42',414,'RPD-8334',100),(3911,'2018-11-13 15:38:35','2018-11-14 03:56:06',136,'KXB 559',29),(3912,'2018-10-23 10:00:58','2018-10-23 15:20:11',1,'LDT 720',59),(3913,'2018-12-06 23:02:41','2018-12-07 12:38:38',340,'993 DTR',14),(3914,'2018-06-14 18:09:19','2018-06-15 12:23:22',181,'91V B44',69),(3915,'2018-05-30 20:12:42','2018-05-31 17:36:22',428,'9LX T41',64),(3916,'2018-08-10 13:47:33','2018-08-10 15:40:21',296,'YN8 P5J',88),(3917,'2018-11-17 04:41:51','2018-11-17 05:00:50',330,'NMQ 372',98),(3918,'2018-04-11 03:41:37','2018-04-11 19:04:10',389,'477 NPK',39),(3919,'2018-07-08 22:53:34','2018-07-09 07:37:48',356,'8JTU778',2),(3920,'2018-06-18 09:59:42','2018-06-18 19:04:54',253,'0LL0774',53),(3921,'2018-01-23 13:59:25','2018-01-24 06:32:57',111,'YN8 P5J',97),(3922,'2018-08-31 04:18:38','2018-09-01 01:42:29',1,'RZD 208',44),(3923,'2018-03-18 18:21:26','2018-03-19 07:34:07',291,'JQ2 R6R',41),(3924,'2018-11-22 14:07:38','2018-11-23 13:42:29',488,'160 KOM',72),(3925,'2018-05-17 01:54:02','2018-05-17 14:16:17',309,'6698',78),(3926,'2018-08-20 21:54:02','2018-08-21 20:27:46',46,'7-U3496',64),(3927,'2018-12-04 15:40:46','2018-12-05 09:22:02',155,'252 LKC',87),(3928,'2018-10-03 09:21:33','2018-10-04 06:34:53',367,'385-BHZA',36),(3929,'2018-05-29 00:38:31','2018-05-29 20:01:17',154,'KTJ 026',77),(3930,'2018-10-26 06:36:58','2018-10-26 07:21:59',241,'78-65590',51),(3931,'2018-09-28 04:09:31','2018-09-28 21:00:39',493,'30C 9038',75),(3932,'2018-09-19 05:07:26','2018-09-19 18:39:53',11,'HCH 835',74),(3933,'2018-02-10 16:09:11','2018-02-11 06:28:15',156,'63G 421',29),(3934,'2018-09-07 14:02:34','2018-09-07 18:26:13',88,'0ZE1224',37),(3935,'2018-02-22 14:56:43','2018-02-23 05:52:03',455,'NDN 884',97),(3936,'2018-02-12 08:52:19','2018-02-12 11:36:30',492,'3DO 420',64),(3937,'2018-04-28 01:32:29','2018-04-28 21:38:22',112,'YN8 P5J',75),(3938,'2018-07-31 08:25:07','2018-08-01 02:23:46',103,'RPD-8334',75),(3939,'2018-02-28 12:32:26','2018-02-28 18:58:23',208,'175 3398',84),(3940,'2018-08-22 03:20:31','2018-08-22 23:47:32',245,'RZD 208',95),(3941,'2018-04-27 09:12:11','2018-04-27 23:37:21',453,'175 3398',92),(3942,'2018-07-26 14:12:41','2018-07-27 07:48:26',229,'3-6608Z',51),(3943,'2018-03-13 23:24:44','2018-03-14 09:26:06',182,'FBD-8300',97),(3944,'2018-05-26 09:20:54','2018-05-26 23:47:22',213,'KQZ 813',79),(3945,'2018-04-08 14:22:45','2018-04-09 09:58:32',295,'HCH 835',58),(3946,'2018-10-16 00:31:37','2018-10-16 18:09:27',254,'IHF-296',67),(3947,'2018-09-19 16:06:03','2018-09-20 00:45:43',220,'RZD 208',16),(3948,'2018-08-28 10:09:15','2018-08-28 17:27:56',472,'VPT-2591',59),(3949,'2018-03-11 06:11:57','2018-03-12 03:53:04',425,'91V B44',82),(3950,'2018-06-18 20:29:55','2018-06-19 10:32:23',345,'NDN 884',81),(3951,'2018-02-24 07:52:52','2018-02-24 17:24:33',417,'6NZG011',99),(3952,'2018-12-23 22:23:14','2018-12-24 19:48:41',494,'KTJ 026',20),(3953,'2018-04-10 10:05:10','2018-04-10 14:36:45',181,'HL 5495',21),(3954,'2018-09-30 02:32:46','2018-09-30 15:15:28',272,'FXA-9799',30),(3955,'2018-02-18 05:29:14','2018-02-19 03:54:57',181,'175 3398',19),(3956,'2018-12-03 09:37:13','2018-12-04 05:16:50',251,'973 1322',71),(3957,'2018-07-09 16:31:14','2018-07-10 01:09:17',187,'HL 5495',27),(3958,'2018-12-27 11:02:36','2018-12-27 15:17:21',217,'RPD-8334',40),(3959,'2018-10-21 21:32:57','2018-10-22 07:43:41',152,'RPD-8334',27),(3960,'2018-10-15 13:26:48','2018-10-15 23:58:28',247,'LDT 720',19),(3961,'2018-07-23 20:12:40','2018-07-24 08:07:16',343,'3DO 420',74),(3962,'2018-11-09 07:01:19','2018-11-09 20:48:33',489,'LEL-3572',35),(3963,'2018-12-17 23:16:35','2018-12-18 18:55:10',290,'252 LKC',47),(3964,'2018-10-15 00:33:24','2018-10-15 02:24:58',305,'0J DR847',62),(3965,'2018-06-22 14:13:04','2018-06-23 02:09:01',260,'3DO 420',86),(3966,'2018-10-04 09:44:29','2018-10-04 20:08:21',453,'0ZE1224',31),(3967,'2018-04-21 21:16:42','2018-04-22 06:03:06',321,'252 LKC',45),(3968,'2018-02-12 04:47:52','2018-02-12 07:44:05',119,'091 WTK',45),(3969,'2018-08-25 09:34:37','2018-08-25 23:03:42',245,'HL 5495',45),(3970,'2018-03-02 12:49:48','2018-03-03 12:25:15',96,'76-O317',48),(3971,'2018-08-07 04:59:32','2018-08-07 21:28:52',75,'0ZE1224',82),(3972,'2018-03-19 21:59:51','2018-03-20 13:48:43',361,'10M H33',20),(3973,'2018-01-18 23:40:31','2018-01-19 13:35:47',422,'HL 5495',55),(3974,'2018-09-11 07:52:15','2018-09-11 10:31:36',150,'KTJ 026',17),(3975,'2018-06-12 05:13:48','2018-06-12 15:26:29',76,'FXA-9799',22),(3976,'2018-11-11 15:50:36','2018-11-12 04:01:53',7,'10M H33',86),(3977,'2018-08-06 03:54:17','2018-08-06 05:33:39',51,'252 LKC',35),(3978,'2018-12-22 23:14:58','2018-12-23 06:50:28',415,'175 3398',45),(3979,'2018-05-24 12:18:41','2018-05-25 11:44:50',155,'70-08440',11),(3980,'2018-12-13 05:11:05','2018-12-13 23:24:34',148,'JQ2 R6R',82),(3981,'2018-09-10 23:50:02','2018-09-11 07:23:19',174,'70-08440',100),(3982,'2018-12-21 23:15:56','2018-12-22 07:23:28',373,'7-U3496',52),(3983,'2018-03-22 14:58:30','2018-03-23 07:48:27',15,'RZD 208',51),(3984,'2018-07-31 23:01:40','2018-08-01 06:01:20',418,'KTJ 026',22),(3985,'2018-07-01 03:11:07','2018-07-01 18:14:57',43,'KXB 559',94),(3986,'2018-07-10 15:34:32','2018-07-11 04:16:26',411,'177 YBQ',44),(3987,'2018-11-13 06:00:45','2018-11-14 01:50:48',472,'993 DTR',40),(3988,'2018-06-26 16:35:30','2018-06-27 12:06:49',187,'160 KOM',50),(3989,'2018-12-27 13:14:20','2018-12-27 19:33:48',376,'477 NPK',65),(3990,'2018-03-09 11:07:47','2018-03-10 10:44:02',375,'IHF-296',48),(3991,'2018-10-24 05:22:25','2018-10-24 15:49:28',249,'0ZE1224',100),(3992,'2018-04-25 12:12:03','2018-04-26 00:54:16',101,'RZD 208',20),(3993,'2018-01-04 23:59:17','2018-01-05 06:13:32',352,'KQZ 813',87),(3994,'2018-02-08 09:12:39','2018-02-09 03:48:18',352,'0LL0774',64),(3995,'2018-12-26 16:16:47','2018-12-27 16:15:49',355,'177 YBQ',38),(3996,'2018-04-09 08:39:54','2018-04-09 22:18:06',67,'XAB-6911',54),(3997,'2018-11-01 09:13:53','2018-11-01 16:59:46',431,'4-44016Q',53),(3998,'2018-08-14 18:38:20','2018-08-15 05:19:05',58,'029 GAV',8),(3999,'2018-10-07 14:51:49','2018-10-07 16:07:32',275,'G 445079',56),(4000,'2018-11-10 11:07:13','2018-11-11 00:31:51',282,'WS 7027',69),(4001,'2018-06-07 16:25:31','2018-06-07 18:29:54',43,'7-U3496',74),(4002,'2018-08-19 02:03:55','2018-08-19 02:23:05',194,'LEL-3572',8),(4003,'2018-11-03 02:40:36','2018-11-03 04:20:08',371,'160 KOM',24),(4004,'2018-06-02 01:15:55','2018-06-02 09:53:27',390,'160 KOM',64),(4005,'2018-03-28 11:18:27','2018-03-29 00:44:08',120,'IHF-296',45),(4006,'2018-03-01 15:18:12','2018-03-01 17:20:45',224,'993 DTR',52),(4007,'2018-04-27 10:33:37','2018-04-27 11:20:54',300,'G 445079',25),(4008,'2018-09-17 03:10:41','2018-09-17 10:29:49',23,'160 KOM',14),(4009,'2018-09-04 06:55:26','2018-09-04 11:47:26',32,'075 FFB',92),(4010,'2018-05-06 08:25:09','2018-05-07 07:12:34',219,'8JTU778',46),(4011,'2018-06-22 11:25:24','2018-06-23 03:58:10',41,'SC 1779',7),(4012,'2018-08-01 19:50:41','2018-08-01 20:56:30',9,'177 YBQ',86),(4013,'2018-06-11 21:56:46','2018-06-12 19:08:56',351,'NDN 884',43),(4014,'2018-02-27 08:32:24','2018-02-27 11:18:42',194,'973 1322',74),(4015,'2018-04-18 09:38:36','2018-04-19 06:20:52',208,'7-U3496',43),(4016,'2018-03-26 02:27:33','2018-03-27 00:59:37',86,'935Z6',22),(4017,'2018-11-10 16:23:40','2018-11-11 00:32:51',279,'644K',62),(4018,'2018-10-02 04:29:14','2018-10-02 06:13:18',90,'KXB 559',27),(4019,'2018-01-13 20:31:04','2018-01-14 09:21:43',487,'029 GAV',99),(4020,'2018-03-23 12:57:20','2018-03-24 05:01:02',321,'160 KOM',64),(4021,'2018-12-04 13:03:28','2018-12-05 06:22:45',492,'6NZG011',62),(4022,'2018-11-25 14:49:11','2018-11-26 11:58:21',459,'091 WTK',99),(4023,'2018-11-14 22:56:46','2018-11-15 22:17:34',296,'70-08440',74),(4024,'2018-12-23 04:42:57','2018-12-24 01:21:15',141,'24QZ031',1),(4025,'2018-03-30 11:15:39','2018-03-31 06:49:48',459,'HL 5495',96),(4026,'2018-02-25 09:28:46','2018-02-25 11:45:13',212,'385-BHZA',36),(4027,'2018-06-07 23:52:09','2018-06-08 11:27:15',442,'0LL0774',66),(4028,'2018-04-29 06:39:28','2018-04-30 04:22:42',195,'075 FFB',95),(4029,'2018-05-14 08:17:54','2018-05-14 13:28:55',76,'24QZ031',64),(4030,'2018-08-18 21:55:25','2018-08-18 23:47:45',209,'6NZG011',31),(4031,'2018-02-01 05:22:45','2018-02-02 00:12:00',186,'7-U3496',96),(4032,'2018-03-26 12:55:15','2018-03-27 00:36:14',483,'HL 5495',26),(4033,'2018-11-22 01:44:38','2018-11-22 02:24:38',307,'0LL0774',34),(4034,'2018-02-17 13:41:37','2018-02-17 20:52:45',71,'074D9',64),(4035,'2018-02-28 01:25:30','2018-02-28 13:53:56',267,'0LL0774',83),(4036,'2018-08-30 06:49:57','2018-08-30 17:32:39',141,'993 DTR',24),(4037,'2018-04-02 00:51:56','2018-04-03 00:08:54',430,'4-44016Q',11),(4038,'2018-12-16 06:22:07','2018-12-16 20:19:16',136,'LDT 720',31),(4039,'2018-03-23 09:47:44','2018-03-24 06:29:59',277,'4-44016Q',27),(4040,'2018-03-14 05:46:27','2018-03-14 22:24:05',264,'76-O317',8),(4041,'2018-08-31 01:48:38','2018-08-31 12:07:11',177,'252 LKC',9),(4042,'2018-12-21 20:30:58','2018-12-22 04:27:40',451,'029 GAV',26),(4043,'2018-11-22 21:18:51','2018-11-22 21:29:40',90,'252 LKC',37),(4044,'2018-12-15 15:09:50','2018-12-15 15:50:39',212,'78-65590',49),(4045,'2018-08-14 02:37:32','2018-08-14 07:16:26',383,'70-08440',21),(4046,'2018-01-01 09:22:20','2018-01-02 07:25:35',130,'G 445079',48),(4047,'2018-07-24 13:41:50','2018-07-25 13:31:36',135,'10M H33',68),(4048,'2018-11-21 09:44:22','2018-11-21 19:10:38',339,'RPD-8334',20),(4049,'2018-10-03 21:24:45','2018-10-04 08:53:36',233,'KQZ 813',4),(4050,'2018-05-24 17:23:29','2018-05-24 18:12:09',374,'0ZE1224',42),(4051,'2018-07-23 02:32:51','2018-07-23 20:18:13',20,'644K',78),(4052,'2018-03-19 06:52:46','2018-03-20 06:33:40',408,'HL 5495',40),(4053,'2018-06-06 04:29:43','2018-06-06 10:36:36',460,'KTJ 026',85),(4054,'2018-06-11 13:55:49','2018-06-11 14:22:19',94,'RZD 208',61),(4055,'2018-06-21 15:21:37','2018-06-21 17:13:07',112,'LDT 720',65),(4056,'2018-08-30 14:39:56','2018-08-31 04:42:33',70,'XAB-6911',66),(4057,'2018-01-21 13:22:00','2018-01-21 15:09:39',185,'SC 1779',10),(4058,'2018-02-21 08:11:13','2018-02-21 13:28:07',199,'FBD-8300',74),(4059,'2018-05-19 08:13:28','2018-05-19 16:24:23',141,'XAB-6911',21),(4060,'2018-10-21 18:51:04','2018-10-22 10:33:57',493,'091 WTK',80),(4061,'2018-06-25 23:37:17','2018-06-26 03:02:01',71,'FXA-9799',32),(4062,'2018-07-09 21:53:06','2018-07-10 10:07:39',412,'385-BHZA',49),(4063,'2018-02-12 12:00:48','2018-02-12 17:36:59',61,'KXB 559',17),(4064,'2018-06-11 03:08:43','2018-06-11 16:02:07',467,'SEQ-9042',95),(4065,'2018-03-22 12:12:38','2018-03-23 05:00:27',164,'78-65590',76),(4066,'2018-04-27 03:19:45','2018-04-28 00:04:13',41,'78-65590',67),(4067,'2018-04-01 01:32:14','2018-04-01 18:51:54',262,'091 WTK',90),(4068,'2018-12-26 02:09:54','2018-12-26 11:49:37',195,'NMQ 372',24),(4069,'2018-04-23 21:56:52','2018-04-23 23:28:42',271,'FBD-8300',100),(4070,'2018-09-22 23:20:01','2018-09-23 18:20:28',62,'76-O317',56),(4071,'2018-02-18 17:13:15','2018-02-19 02:49:27',8,'KQZ 813',34),(4072,'2018-03-05 14:26:01','2018-03-06 08:07:44',289,'385-BHZA',60),(4073,'2018-03-22 00:07:09','2018-03-22 08:11:21',68,'HCH 835',50),(4074,'2018-06-29 20:52:16','2018-06-30 13:15:56',48,'30C 9038',62),(4075,'2018-08-12 18:15:41','2018-08-13 00:53:52',435,'074D9',85),(4076,'2018-06-08 21:52:39','2018-06-09 10:48:31',40,'G 445079',18),(4077,'2018-08-29 03:58:19','2018-08-29 21:46:59',469,'LEL-3572',1),(4078,'2018-05-07 04:26:05','2018-05-08 01:46:14',170,'G 445079',15),(4079,'2018-03-09 08:00:54','2018-03-09 13:30:58',168,'LEL-3572',14),(4080,'2018-07-06 22:11:55','2018-07-07 14:18:12',446,'4QT U99',66),(4081,'2018-02-14 18:06:18','2018-02-15 15:29:52',411,'76-O317',26),(4082,'2018-07-09 07:35:45','2018-07-09 20:11:37',207,'63G 421',22),(4083,'2018-11-25 18:21:11','2018-11-25 23:17:02',15,'KXB 559',11),(4084,'2018-04-06 06:47:28','2018-04-07 04:49:33',332,'9LX T41',77),(4085,'2018-11-22 23:31:06','2018-11-23 01:00:36',245,'075 FFB',22),(4086,'2018-01-17 19:54:18','2018-01-18 02:50:02',89,'973 1322',33),(4087,'2018-03-26 11:05:17','2018-03-26 16:49:26',466,'3-6608Z',38),(4088,'2018-01-01 13:52:23','2018-01-01 14:41:15',136,'FXA-9799',34),(4089,'2018-10-01 18:20:43','2018-10-01 19:10:57',114,'G 445079',92),(4090,'2018-10-12 03:51:31','2018-10-13 01:58:53',244,'IHF-296',98),(4091,'2018-05-27 18:51:04','2018-05-28 10:27:12',195,'477 NPK',49),(4092,'2018-07-17 10:07:53','2018-07-17 10:26:52',264,'4-44016Q',52),(4093,'2018-02-02 18:20:21','2018-02-03 04:53:00',403,'029 GAV',1),(4094,'2018-11-03 02:35:19','2018-11-03 09:00:55',72,'8JTU778',72),(4095,'2018-03-02 01:56:45','2018-03-02 03:34:44',195,'FBD-8300',96),(4096,'2018-12-05 01:56:18','2018-12-05 15:33:45',364,'LDT 720',44),(4097,'2018-08-12 00:48:11','2018-08-12 10:16:50',188,'JQ2 R6R',92),(4098,'2018-11-14 23:03:16','2018-11-15 09:39:51',264,'160 KOM',13),(4099,'2018-08-22 05:40:34','2018-08-22 08:23:33',148,'KXB 559',25),(4100,'2018-11-14 11:16:46','2018-11-15 04:45:44',148,'YN8 P5J',20),(4101,'2018-11-16 02:36:15','2018-11-16 17:46:25',474,'993 DTR',81),(4102,'2018-07-23 16:40:23','2018-07-24 09:37:14',402,'091 WTK',11),(4103,'2018-05-29 16:12:55','2018-05-29 19:01:23',272,'HCH 835',59),(4104,'2018-06-13 21:37:33','2018-06-14 13:25:54',226,'935Z6',26),(4105,'2018-06-03 07:15:06','2018-06-04 06:31:25',245,'70-08440',68),(4106,'2018-07-20 12:04:51','2018-07-21 02:47:45',390,'78-65590',60),(4107,'2018-08-19 00:42:24','2018-08-19 04:58:40',467,'VPT-2591',84),(4108,'2018-12-22 01:34:56','2018-12-22 23:58:30',296,'6698',16),(4109,'2018-02-13 14:29:30','2018-02-13 17:00:59',456,'63G 421',14),(4110,'2018-06-05 14:06:20','2018-06-06 02:53:10',224,'HCH 835',44),(4111,'2018-01-08 11:54:36','2018-01-09 00:47:48',485,'029 GAV',99),(4112,'2018-05-29 10:56:29','2018-05-29 21:54:06',210,'0J DR847',16),(4113,'2018-12-12 14:15:11','2018-12-12 14:28:02',19,'9LX T41',66),(4114,'2018-02-16 01:55:18','2018-02-16 08:16:50',330,'175 3398',11),(4115,'2018-09-28 13:46:03','2018-09-28 18:40:34',472,'029 GAV',39),(4116,'2018-04-15 02:21:42','2018-04-15 13:26:15',406,'VPT-2591',80),(4117,'2018-07-13 01:58:00','2018-07-13 12:48:51',421,'3DO 420',22),(4118,'2018-11-01 20:15:09','2018-11-02 18:05:23',65,'935Z6',8),(4119,'2018-03-04 18:33:16','2018-03-05 18:20:20',195,'6698',62),(4120,'2018-05-28 19:54:48','2018-05-29 11:39:59',9,'78-65590',6),(4121,'2018-07-13 02:33:34','2018-07-13 22:18:18',238,'IHF-296',51),(4122,'2018-12-02 09:05:00','2018-12-03 01:59:12',334,'0J DR847',16),(4123,'2018-11-12 21:43:52','2018-11-13 06:40:47',252,'SC 1779',74),(4124,'2018-02-04 04:29:35','2018-02-04 07:23:10',122,'091 WTK',77),(4125,'2018-03-28 00:09:14','2018-03-28 03:02:04',439,'177 YBQ',45),(4126,'2018-03-29 06:00:34','2018-03-29 09:41:38',357,'WS 7027',31),(4127,'2018-02-18 16:33:56','2018-02-18 20:40:44',288,'RPD-8334',80),(4128,'2018-02-17 14:46:58','2018-02-17 18:22:07',369,'45W X49',74),(4129,'2018-10-26 12:25:13','2018-10-26 15:27:16',4,'175 3398',19),(4130,'2018-08-04 20:22:16','2018-08-05 17:44:26',88,'XAB-6911',43),(4131,'2018-08-18 09:38:31','2018-08-18 14:10:17',278,'252 LKC',20),(4132,'2018-04-13 00:23:11','2018-04-13 05:27:42',291,'31X VL1',64),(4133,'2018-07-26 23:17:05','2018-07-27 10:31:21',434,'175 3398',63),(4134,'2018-08-27 19:50:42','2018-08-27 23:47:15',209,'4QT U99',82),(4135,'2018-03-13 22:34:30','2018-03-13 23:21:20',141,'644K',48),(4136,'2018-11-15 11:21:25','2018-11-16 04:39:53',81,'IHF-296',52),(4137,'2018-07-24 16:21:19','2018-07-24 18:57:21',208,'HCH 835',97),(4138,'2018-03-04 10:17:20','2018-03-05 03:41:56',185,'HCH 835',92),(4139,'2018-06-30 20:33:39','2018-07-01 03:36:08',80,'0LL0774',45),(4140,'2018-02-12 15:35:27','2018-02-12 18:21:02',309,'175 3398',66),(4141,'2018-06-07 19:33:36','2018-06-08 07:06:20',362,'160 KOM',9),(4142,'2018-07-20 18:13:49','2018-07-21 09:35:13',290,'075 FFB',12),(4143,'2018-05-20 07:27:32','2018-05-21 07:18:35',140,'3DO 420',67),(4144,'2018-01-06 15:41:56','2018-01-07 10:38:40',469,'WS 7027',89),(4145,'2018-03-09 01:52:30','2018-03-09 08:19:17',63,'160 KOM',90),(4146,'2018-01-29 21:33:39','2018-01-30 11:26:52',443,'6NZG011',57),(4147,'2018-12-31 19:12:05','2019-01-01 17:33:17',79,'074D9',42),(4148,'2018-01-05 04:51:40','2018-01-05 21:57:56',363,'45W X49',98),(4149,'2018-12-06 13:36:35','2018-12-07 02:02:43',361,'RPD-8334',36),(4150,'2018-01-27 02:29:09','2018-01-27 09:11:15',111,'XAB-6911',11),(4151,'2018-06-24 10:25:51','2018-06-24 23:21:22',102,'175 3398',20),(4152,'2018-04-27 20:52:26','2018-04-27 22:01:56',481,'91V B44',35),(4153,'2018-12-29 13:46:00','2018-12-29 16:29:06',283,'177 YBQ',73),(4154,'2018-12-21 14:43:05','2018-12-21 21:23:03',344,'KTJ 026',34),(4155,'2018-05-09 22:41:07','2018-05-10 13:29:16',362,'76-O317',66),(4156,'2018-05-25 23:41:47','2018-05-26 18:05:02',231,'0LL0774',40),(4157,'2018-03-11 06:23:30','2018-03-11 20:18:59',227,'091 WTK',1),(4158,'2018-07-19 03:28:38','2018-07-20 00:02:16',229,'NMQ 372',97),(4159,'2018-08-17 09:04:25','2018-08-18 02:55:52',60,'074D9',76),(4160,'2018-04-15 16:31:02','2018-04-16 08:25:23',382,'NMQ 372',22),(4161,'2018-01-06 15:28:49','2018-01-07 10:41:40',372,'993 DTR',67),(4162,'2018-07-25 22:19:33','2018-07-26 22:15:07',488,'8JTU778',6),(4163,'2018-11-26 14:39:35','2018-11-26 20:15:32',230,'029 GAV',23),(4164,'2018-03-21 01:43:38','2018-03-21 18:16:39',123,'823S',98),(4165,'2018-01-27 11:45:19','2018-01-28 09:58:12',352,'177 YBQ',53),(4166,'2018-07-24 00:33:46','2018-07-24 19:30:55',87,'160 KOM',22),(4167,'2018-07-31 21:37:49','2018-08-01 20:53:03',289,'LDT 720',100),(4168,'2018-03-31 03:34:11','2018-03-31 05:56:08',479,'973 1322',66),(4169,'2018-04-29 05:09:27','2018-04-29 22:55:30',427,'45W X49',95),(4170,'2018-10-22 12:41:17','2018-10-22 16:00:16',490,'KXB 559',6),(4171,'2018-05-17 09:39:06','2018-05-18 07:31:43',15,'YN8 P5J',51),(4172,'2018-08-17 05:21:07','2018-08-17 08:06:56',290,'HCH 835',11),(4173,'2018-09-16 19:41:13','2018-09-17 12:24:04',275,'G 445079',47),(4174,'2018-05-01 10:14:08','2018-05-02 07:24:01',412,'YN8 P5J',15),(4175,'2018-12-20 08:51:25','2018-12-20 15:25:47',387,'252 LKC',6),(4176,'2018-05-26 18:13:26','2018-05-27 05:51:18',107,'76-O317',19),(4177,'2018-04-01 19:01:58','2018-04-01 22:26:45',291,'973 1322',96),(4178,'2018-01-17 05:16:39','2018-01-17 08:49:40',43,'3DO 420',52),(4179,'2018-07-20 19:27:05','2018-07-21 11:10:23',497,'385-BHZA',3),(4180,'2018-10-22 23:52:47','2018-10-23 08:50:45',396,'0LL0774',39),(4181,'2018-04-21 11:35:48','2018-04-21 16:00:19',258,'WS 7027',9),(4182,'2018-09-25 17:48:32','2018-09-26 16:48:25',450,'WS 7027',87),(4183,'2018-03-05 11:28:26','2018-03-06 07:43:41',63,'31X VL1',55),(4184,'2018-12-10 02:40:17','2018-12-10 22:53:14',38,'RZD 208',63),(4185,'2018-04-30 10:56:49','2018-05-01 07:36:12',299,'RZD 208',86),(4186,'2018-06-26 18:46:46','2018-06-27 00:22:37',111,'FBD-8300',72),(4187,'2018-01-05 12:46:19','2018-01-05 21:54:05',498,'KXB 559',39),(4188,'2018-10-19 03:08:26','2018-10-19 04:17:37',95,'973 1322',60),(4189,'2018-08-10 09:25:48','2018-08-10 14:44:42',127,'0ZE1224',100),(4190,'2018-10-20 09:11:40','2018-10-20 20:57:17',253,'30C 9038',43),(4191,'2018-12-04 07:36:21','2018-12-04 11:16:01',377,'KQZ 813',77),(4192,'2018-08-23 12:24:22','2018-08-24 09:57:04',288,'160 KOM',43),(4193,'2018-01-26 23:14:01','2018-01-27 19:29:35',145,'233752',30),(4194,'2018-08-18 08:13:31','2018-08-19 02:13:15',199,'KQZ 813',60),(4195,'2018-07-15 03:23:56','2018-07-15 15:35:04',62,'FXA-9799',18),(4196,'2018-03-14 05:58:10','2018-03-14 15:09:59',421,'175 3398',68),(4197,'2018-08-22 03:46:06','2018-08-22 06:20:59',127,'45W X49',41),(4198,'2018-02-09 07:02:15','2018-02-09 09:17:57',300,'SC 1779',48),(4199,'2018-06-05 04:02:02','2018-06-05 05:33:05',26,'VPT-2591',92),(4200,'2018-08-24 14:58:24','2018-08-24 16:05:57',202,'SC 1779',44),(4201,'2018-07-09 20:30:05','2018-07-10 03:16:15',94,'0J DR847',70),(4202,'2018-10-05 08:21:05','2018-10-06 02:03:57',245,'9LX T41',90),(4203,'2018-09-06 00:05:07','2018-09-07 00:03:30',232,'177 YBQ',84),(4204,'2018-08-17 11:10:04','2018-08-17 16:08:33',24,'6698',80),(4205,'2018-05-04 03:55:31','2018-05-04 22:57:36',243,'8JTU778',94),(4206,'2018-10-11 21:26:39','2018-10-12 10:57:52',106,'SC 1779',49),(4207,'2018-11-14 21:28:07','2018-11-15 02:04:13',424,'075 FFB',93),(4208,'2018-04-21 13:15:19','2018-04-22 10:02:01',349,'10M H33',54),(4209,'2018-12-03 19:48:03','2018-12-04 11:01:06',446,'075 FFB',41),(4210,'2018-04-23 06:53:56','2018-04-23 10:50:58',495,'70-08440',30),(4211,'2018-03-31 04:00:07','2018-03-31 19:07:59',93,'VPT-2591',26),(4212,'2018-04-15 07:43:19','2018-04-15 19:06:08',184,'RZD 208',30),(4213,'2018-08-18 19:19:09','2018-08-19 11:16:06',374,'63G 421',19),(4214,'2018-12-08 11:43:08','2018-12-09 03:35:15',353,'SC 1779',11),(4215,'2018-09-22 12:18:33','2018-09-23 04:24:36',132,'RZD 208',92),(4216,'2018-12-23 01:58:23','2018-12-24 01:21:51',168,'10M H33',21),(4217,'2018-12-17 18:45:49','2018-12-18 01:55:24',95,'FBD-8300',4),(4218,'2018-02-26 08:03:00','2018-02-27 03:58:24',359,'8JTU778',99),(4219,'2018-03-10 02:46:28','2018-03-10 03:38:41',135,'0J DR847',25),(4220,'2018-12-20 13:06:25','2018-12-20 21:02:59',36,'KQZ 813',84),(4221,'2018-03-03 08:29:44','2018-03-03 15:45:04',436,'252 LKC',95),(4222,'2018-01-25 07:27:26','2018-01-25 21:09:39',494,'385-BHZA',38),(4223,'2018-02-13 03:43:53','2018-02-13 09:41:05',238,'10M H33',2),(4224,'2018-08-23 06:33:33','2018-08-23 14:39:37',267,'KXB 559',88),(4225,'2018-10-28 05:11:07','2018-10-28 08:54:02',102,'24QZ031',36),(4226,'2018-01-16 17:06:11','2018-01-17 05:21:50',96,'HCH 835',84),(4227,'2018-03-05 04:20:24','2018-03-05 12:18:28',18,'YN8 P5J',53),(4228,'2018-10-05 19:47:10','2018-10-05 21:42:18',145,'4QT U99',55),(4229,'2018-10-24 23:46:21','2018-10-25 12:23:25',489,'WS 7027',27),(4230,'2018-02-27 14:26:09','2018-02-27 21:48:16',139,'WS 7027',63),(4231,'2018-03-30 20:09:17','2018-03-30 22:26:43',129,'477 NPK',33),(4232,'2018-05-18 23:08:09','2018-05-19 01:38:29',220,'4QT U99',40),(4233,'2018-04-18 00:33:34','2018-04-18 10:06:46',334,'HCH 835',56),(4234,'2018-12-29 17:03:55','2018-12-30 01:45:57',311,'KQZ 813',81),(4235,'2018-11-02 23:41:02','2018-11-03 01:25:49',408,'30C 9038',8),(4236,'2018-04-06 10:34:19','2018-04-07 08:21:20',243,'175 3398',93),(4237,'2018-09-19 17:35:04','2018-09-20 04:30:00',10,'3-6608Z',21),(4238,'2018-09-16 08:19:11','2018-09-16 23:57:22',56,'RZD 208',13),(4239,'2018-09-07 05:50:35','2018-09-08 01:19:25',195,'091 WTK',75),(4240,'2018-04-01 17:17:23','2018-04-02 06:09:35',126,'YN8 P5J',61),(4241,'2018-08-01 20:37:07','2018-08-02 04:41:12',232,'LEL-3572',96),(4242,'2018-08-11 13:57:58','2018-08-12 09:13:30',413,'385-BHZA',98),(4243,'2018-05-28 10:25:10','2018-05-28 19:18:04',198,'4QT U99',83),(4244,'2018-10-08 13:49:10','2018-10-08 17:10:52',486,'233752',18),(4245,'2018-07-06 01:51:05','2018-07-06 15:20:51',352,'78-65590',65),(4246,'2018-04-10 12:17:19','2018-04-10 13:41:37',216,'70-08440',62),(4247,'2018-03-03 00:59:31','2018-03-03 03:47:30',266,'252 LKC',79),(4248,'2018-06-17 10:30:46','2018-06-17 16:00:22',401,'SEQ-9042',42),(4249,'2018-07-01 14:51:07','2018-07-01 19:37:44',18,'644K',79),(4250,'2018-02-07 01:05:22','2018-02-07 19:14:05',469,'78-65590',13),(4251,'2018-04-20 16:29:39','2018-04-21 08:12:28',339,'31X VL1',83),(4252,'2018-04-27 23:56:14','2018-04-28 07:09:44',2,'KXB 559',54),(4253,'2018-01-18 13:46:19','2018-01-18 14:33:18',168,'177 YBQ',52),(4254,'2018-07-20 05:51:04','2018-07-20 23:01:45',51,'160 KOM',31),(4255,'2018-01-29 23:52:44','2018-01-30 22:12:00',213,'0ZE1224',57),(4256,'2018-12-12 00:01:44','2018-12-12 03:41:58',65,'6698',20),(4257,'2018-01-03 17:27:41','2018-01-04 16:30:15',107,'RPD-8334',97),(4258,'2018-10-26 13:51:17','2018-10-27 06:03:25',447,'24QZ031',47),(4259,'2018-10-28 13:10:43','2018-10-28 20:13:18',381,'6NZG011',29),(4260,'2018-02-21 14:59:15','2018-02-22 04:13:09',381,'KXB 559',8),(4261,'2018-02-07 15:17:09','2018-02-07 22:27:56',72,'9LX T41',32),(4262,'2018-04-15 20:35:19','2018-04-16 10:51:03',96,'LEL-3572',53),(4263,'2018-12-24 04:34:27','2018-12-24 10:16:34',279,'3DO 420',4),(4264,'2018-08-21 10:41:50','2018-08-21 11:02:08',16,'935Z6',9),(4265,'2018-05-31 10:46:46','2018-05-31 21:33:28',448,'FBD-8300',87),(4266,'2018-01-23 22:06:27','2018-01-24 12:12:02',478,'VPT-2591',85),(4267,'2018-01-06 17:35:51','2018-01-07 02:37:51',6,'823S',31),(4268,'2018-05-04 20:37:35','2018-05-05 09:42:11',304,'074D9',73),(4269,'2018-05-25 03:16:52','2018-05-25 22:39:39',500,'0J DR847',88),(4270,'2018-12-11 18:57:53','2018-12-12 07:35:14',251,'63G 421',96),(4271,'2018-01-22 19:40:44','2018-01-23 09:54:39',62,'NDN 884',74),(4272,'2018-09-24 17:08:00','2018-09-25 14:48:45',349,'3-6608Z',16),(4273,'2018-02-05 16:40:22','2018-02-06 04:02:31',277,'SEQ-9042',8),(4274,'2018-10-10 21:08:36','2018-10-11 15:23:17',361,'252 LKC',45),(4275,'2018-06-27 01:53:53','2018-06-27 03:58:40',233,'70-08440',95),(4276,'2018-01-28 14:57:42','2018-01-29 12:59:59',437,'XAB-6911',100),(4277,'2018-07-20 08:12:51','2018-07-21 04:13:02',371,'RZD 208',99),(4278,'2018-12-16 17:44:34','2018-12-17 13:50:27',20,'FXA-9799',34),(4279,'2018-06-06 02:56:09','2018-06-06 03:22:05',119,'3-6608Z',28),(4280,'2018-04-06 23:57:22','2018-04-07 22:10:36',482,'0ZE1224',47),(4281,'2018-11-03 12:13:23','2018-11-03 22:01:00',198,'IHF-296',47),(4282,'2018-05-06 20:33:45','2018-05-06 23:46:20',229,'LEL-3572',98),(4283,'2018-12-07 11:24:40','2018-12-07 15:30:35',1,'WS 7027',40),(4284,'2018-02-16 00:06:37','2018-02-16 22:47:26',268,'NMQ 372',75),(4285,'2018-07-29 10:27:25','2018-07-29 15:50:13',162,'KQZ 813',53),(4286,'2018-03-28 02:44:08','2018-03-28 08:57:54',75,'4-44016Q',30),(4287,'2018-09-13 15:02:54','2018-09-14 05:35:36',453,'177 YBQ',19),(4288,'2018-01-03 23:05:47','2018-01-04 04:56:05',123,'935Z6',97),(4289,'2018-02-14 04:51:16','2018-02-14 07:48:22',292,'31X VL1',41),(4290,'2018-03-01 06:50:10','2018-03-01 11:53:08',419,'NDN 884',11),(4291,'2018-07-07 07:26:23','2018-07-07 08:51:00',199,'10M H33',90),(4292,'2018-06-27 07:39:45','2018-06-27 15:55:20',353,'9LX T41',6),(4293,'2018-01-29 11:51:46','2018-01-30 02:41:21',68,'G 445079',90),(4294,'2018-06-25 21:03:34','2018-06-26 15:46:10',188,'NMQ 372',46),(4295,'2018-09-07 22:22:06','2018-09-08 08:32:07',325,'FBD-8300',76),(4296,'2018-05-20 00:41:20','2018-05-20 11:20:17',350,'70-08440',52),(4297,'2018-06-03 09:25:35','2018-06-04 06:51:16',188,'177 YBQ',17),(4298,'2018-10-03 11:21:01','2018-10-03 20:48:01',341,'45W X49',84),(4299,'2018-07-06 04:31:28','2018-07-06 13:04:14',478,'029 GAV',4),(4300,'2018-11-26 07:43:06','2018-11-26 18:09:12',177,'10M H33',39),(4301,'2018-09-01 06:32:05','2018-09-01 10:20:28',305,'NMQ 372',7),(4302,'2018-01-15 03:59:06','2018-01-15 04:45:06',82,'KXB 559',1),(4303,'2018-04-12 20:34:22','2018-04-13 14:07:50',19,'477 NPK',3),(4304,'2018-06-03 22:09:20','2018-06-04 15:03:05',78,'NDN 884',62),(4305,'2018-05-27 13:15:08','2018-05-27 18:04:49',142,'76-O317',29),(4306,'2018-11-24 06:46:42','2018-11-24 21:53:55',205,'NDN 884',47),(4307,'2018-12-27 00:37:32','2018-12-27 02:03:03',50,'RPD-8334',20),(4308,'2018-01-01 04:03:14','2018-01-01 17:44:46',484,'SEQ-9042',24),(4309,'2018-07-25 22:37:51','2018-07-26 02:03:47',477,'63G 421',80),(4310,'2018-05-18 07:02:57','2018-05-18 23:22:13',339,'10M H33',60),(4311,'2018-07-17 18:04:18','2018-07-18 00:38:08',328,'RZD 208',86),(4312,'2018-01-17 01:43:03','2018-01-17 16:38:26',410,'FBD-8300',21),(4313,'2018-08-23 17:27:45','2018-08-24 06:01:06',267,'074D9',76),(4314,'2018-08-09 12:20:32','2018-08-09 15:57:34',161,'HCH 835',53),(4315,'2018-07-31 18:45:44','2018-08-01 17:10:54',413,'RZD 208',4),(4316,'2018-03-14 20:07:23','2018-03-15 18:25:50',403,'823S',52),(4317,'2018-09-23 18:04:29','2018-09-24 04:43:14',126,'993 DTR',37),(4318,'2018-08-27 11:08:47','2018-08-27 15:27:23',408,'075 FFB',37),(4319,'2018-04-20 06:14:32','2018-04-20 13:51:30',492,'385-BHZA',62),(4320,'2018-07-19 10:47:30','2018-07-19 23:15:12',44,'JQ2 R6R',46),(4321,'2018-09-16 05:04:07','2018-09-16 07:21:28',214,'0ZE1224',8),(4322,'2018-08-18 18:37:44','2018-08-19 07:53:09',74,'WS 7027',20),(4323,'2018-02-15 09:56:28','2018-02-15 21:46:28',36,'9LX T41',28),(4324,'2018-08-15 15:24:54','2018-08-15 17:03:43',482,'0ZE1224',8),(4325,'2018-08-07 20:53:22','2018-08-07 22:20:12',18,'477 NPK',43),(4326,'2018-12-01 21:12:37','2018-12-01 23:08:11',219,'0LL0774',37),(4327,'2018-11-21 07:06:56','2018-11-21 09:11:41',489,'0LL0774',77),(4328,'2018-02-11 21:52:56','2018-02-12 08:05:51',341,'993 DTR',41),(4329,'2018-08-12 14:12:26','2018-08-13 11:18:59',146,'IHF-296',18),(4330,'2018-07-08 19:15:03','2018-07-09 00:11:39',392,'644K',29),(4331,'2018-12-14 00:53:35','2018-12-14 20:58:35',188,'70-08440',70),(4332,'2018-12-09 06:22:50','2018-12-09 22:33:52',114,'4QT U99',26),(4333,'2018-11-05 08:02:06','2018-11-05 13:54:20',473,'4QT U99',13),(4334,'2018-05-05 12:07:05','2018-05-06 11:06:59',412,'KTJ 026',59),(4335,'2018-07-06 13:30:38','2018-07-07 03:47:36',342,'0ZE1224',11),(4336,'2018-08-17 03:54:43','2018-08-17 08:57:15',227,'993 DTR',15),(4337,'2018-10-01 23:46:11','2018-10-02 13:47:41',161,'074D9',15),(4338,'2018-02-21 09:33:52','2018-02-21 15:30:26',359,'160 KOM',92),(4339,'2018-04-17 03:33:30','2018-04-17 14:12:37',313,'6NZG011',89),(4340,'2018-11-05 18:41:38','2018-11-05 20:51:35',83,'385-BHZA',79),(4341,'2018-01-07 21:45:08','2018-01-08 20:40:28',4,'091 WTK',77),(4342,'2018-08-21 19:32:52','2018-08-21 23:53:51',335,'477 NPK',5),(4343,'2018-04-20 21:29:02','2018-04-21 01:47:00',255,'029 GAV',94),(4344,'2018-09-03 08:26:37','2018-09-04 01:42:27',496,'HCH 835',29),(4345,'2018-12-03 16:37:35','2018-12-04 07:19:29',341,'10M H33',48),(4346,'2018-09-01 21:49:00','2018-09-02 03:36:46',86,'FXA-9799',49),(4347,'2018-03-22 05:09:04','2018-03-22 22:50:06',381,'091 WTK',58),(4348,'2018-04-28 06:14:52','2018-04-28 12:33:40',145,'XAB-6911',88),(4349,'2018-03-17 19:05:08','2018-03-18 01:12:29',332,'385-BHZA',84),(4350,'2018-07-12 04:35:17','2018-07-12 14:34:59',451,'3-6608Z',2),(4351,'2018-04-03 14:51:47','2018-04-04 00:05:37',322,'SEQ-9042',68),(4352,'2018-12-20 21:30:42','2018-12-21 01:32:11',250,'935Z6',9),(4353,'2018-08-02 19:17:13','2018-08-03 03:59:27',257,'HL 5495',88),(4354,'2018-04-03 14:28:43','2018-04-04 01:18:40',340,'KTJ 026',29),(4355,'2018-08-31 01:45:03','2018-08-31 23:47:11',479,'30C 9038',89),(4356,'2018-11-15 02:54:10','2018-11-15 19:24:55',270,'HCH 835',13),(4357,'2018-09-05 02:05:21','2018-09-05 19:58:21',192,'SC 1779',44),(4358,'2018-09-21 00:52:49','2018-09-21 16:59:39',56,'FBD-8300',26),(4359,'2018-03-17 14:50:26','2018-03-17 23:29:41',487,'0J DR847',27),(4360,'2018-03-14 15:14:09','2018-03-15 06:57:26',412,'3-6608Z',34),(4361,'2018-01-15 14:12:23','2018-01-16 04:00:56',338,'70-08440',98),(4362,'2018-04-25 23:47:20','2018-04-26 01:17:26',365,'075 FFB',29),(4363,'2018-05-24 04:29:52','2018-05-24 20:41:13',44,'LDT 720',7),(4364,'2018-04-26 16:48:19','2018-04-27 10:08:36',210,'8JTU778',16),(4365,'2018-12-11 15:07:59','2018-12-12 14:36:03',284,'VPT-2591',23),(4366,'2018-09-26 10:02:37','2018-09-26 11:05:03',94,'YN8 P5J',57),(4367,'2018-07-11 13:14:22','2018-07-12 11:27:58',145,'160 KOM',73),(4368,'2018-06-27 19:45:13','2018-06-28 07:55:44',445,'SC 1779',29),(4369,'2018-10-18 00:22:01','2018-10-18 19:53:02',247,'074D9',20),(4370,'2018-07-25 14:40:11','2018-07-25 19:00:48',307,'075 FFB',28),(4371,'2018-07-16 06:04:41','2018-07-17 03:11:33',32,'3DO 420',100),(4372,'2018-06-13 02:34:51','2018-06-13 18:46:43',441,'FXA-9799',7),(4373,'2018-04-05 23:08:20','2018-04-06 23:06:56',139,'31X VL1',6),(4374,'2018-01-17 05:35:48','2018-01-17 23:15:00',423,'823S',8),(4375,'2018-07-24 21:36:17','2018-07-24 23:54:39',252,'252 LKC',9),(4376,'2018-09-29 11:51:19','2018-09-30 08:32:30',293,'RPD-8334',83),(4377,'2018-07-16 14:25:42','2018-07-16 15:13:58',298,'175 3398',11),(4378,'2018-03-26 13:48:16','2018-03-26 21:56:31',176,'029 GAV',45),(4379,'2018-01-17 06:31:05','2018-01-17 17:45:36',462,'KXB 559',3),(4380,'2018-02-27 23:50:00','2018-02-28 13:59:55',187,'177 YBQ',61),(4381,'2018-02-24 22:34:15','2018-02-25 17:35:42',180,'935Z6',40),(4382,'2018-11-06 11:09:38','2018-11-06 21:38:30',16,'LDT 720',83),(4383,'2018-02-07 11:56:46','2018-02-07 17:05:34',222,'G 445079',80),(4384,'2018-07-11 05:42:58','2018-07-11 22:17:01',337,'FBD-8300',20),(4385,'2018-01-24 03:00:02','2018-01-24 11:52:45',357,'4QT U99',96),(4386,'2018-10-09 02:27:25','2018-10-09 16:36:30',229,'70-08440',86),(4387,'2018-08-14 10:25:35','2018-08-15 04:03:10',292,'RZD 208',6),(4388,'2018-01-01 08:12:12','2018-01-01 10:41:45',204,'075 FFB',84),(4389,'2018-10-20 06:11:53','2018-10-20 13:33:41',248,'823S',80),(4390,'2018-08-23 03:25:03','2018-08-24 02:40:10',306,'0LL0774',75),(4391,'2018-03-27 01:16:23','2018-03-27 06:51:00',334,'SC 1779',41),(4392,'2018-09-22 20:29:38','2018-09-23 10:59:06',203,'233752',26),(4393,'2018-08-12 05:11:48','2018-08-12 05:45:19',268,'8JTU778',39),(4394,'2018-01-19 20:50:35','2018-01-20 04:36:46',248,'973 1322',62),(4395,'2018-10-16 18:09:34','2018-10-16 20:14:42',243,'3-6608Z',65),(4396,'2018-07-29 23:33:52','2018-07-30 06:36:53',284,'0J DR847',48),(4397,'2018-09-06 03:02:21','2018-09-06 16:29:08',312,'RPD-8334',4),(4398,'2018-11-02 04:19:31','2018-11-02 07:54:29',13,'91V B44',2),(4399,'2018-02-23 21:56:38','2018-02-24 17:24:23',76,'4-44016Q',20),(4400,'2018-08-03 18:21:40','2018-08-04 10:18:01',14,'993 DTR',97),(4401,'2018-03-15 11:43:10','2018-03-15 17:15:32',486,'24QZ031',75),(4402,'2018-05-02 23:01:58','2018-05-03 01:32:12',121,'7-U3496',65),(4403,'2018-12-09 00:41:06','2018-12-09 03:22:08',263,'993 DTR',33),(4404,'2018-10-02 02:41:22','2018-10-02 19:55:46',88,'075 FFB',11),(4405,'2018-04-08 20:49:44','2018-04-09 04:39:06',470,'78-65590',10),(4406,'2018-11-11 15:59:09','2018-11-12 01:05:43',476,'HL 5495',21),(4407,'2018-04-13 00:13:07','2018-04-13 11:33:30',357,'KTJ 026',68),(4408,'2018-11-23 21:22:07','2018-11-24 03:14:17',331,'WS 7027',34),(4409,'2018-01-25 14:12:40','2018-01-26 06:27:24',255,'6NZG011',96),(4410,'2018-01-04 15:05:43','2018-01-04 17:34:49',443,'4-44016Q',48),(4411,'2018-02-26 07:55:45','2018-02-26 16:03:00',151,'NMQ 372',24),(4412,'2018-05-06 19:39:35','2018-05-07 13:09:43',334,'075 FFB',39),(4413,'2018-06-17 10:50:49','2018-06-18 00:06:30',389,'30C 9038',6),(4414,'2018-09-29 01:26:02','2018-09-29 08:45:10',156,'WS 7027',83),(4415,'2018-02-20 10:14:36','2018-02-21 01:54:29',102,'RPD-8334',80),(4416,'2018-03-06 20:15:32','2018-03-07 01:21:05',377,'6NZG011',15),(4417,'2018-12-23 01:02:37','2018-12-24 00:13:34',57,'HL 5495',37),(4418,'2018-04-28 16:42:43','2018-04-29 02:42:10',274,'45W X49',8),(4419,'2018-11-07 12:56:36','2018-11-07 17:35:45',13,'075 FFB',50),(4420,'2018-02-16 14:04:34','2018-02-17 11:46:34',99,'NDN 884',64),(4421,'2018-04-23 15:24:49','2018-04-24 13:03:23',134,'3DO 420',34),(4422,'2018-09-01 18:33:41','2018-09-01 19:52:28',488,'45W X49',79),(4423,'2018-11-17 21:07:56','2018-11-18 12:03:36',419,'6NZG011',54),(4424,'2018-03-28 06:56:07','2018-03-28 12:27:24',476,'WS 7027',1),(4425,'2018-01-02 15:42:39','2018-01-02 22:25:11',23,'91V B44',71),(4426,'2018-05-07 17:07:58','2018-05-07 23:54:24',249,'70-08440',7),(4427,'2018-07-11 23:18:35','2018-07-12 03:53:19',405,'30C 9038',34),(4428,'2018-02-17 17:12:07','2018-02-18 07:56:32',459,'177 YBQ',39),(4429,'2018-01-19 11:19:08','2018-01-20 01:39:22',424,'0LL0774',23),(4430,'2018-03-24 11:26:56','2018-03-24 13:12:23',4,'HL 5495',98),(4431,'2018-04-05 16:11:00','2018-04-06 08:33:34',248,'78-65590',63),(4432,'2018-11-23 11:25:07','2018-11-23 21:26:11',432,'KQZ 813',59),(4433,'2018-04-08 01:45:18','2018-04-08 10:56:33',358,'91V B44',91),(4434,'2018-05-12 09:51:20','2018-05-12 22:31:13',379,'70-08440',12),(4435,'2018-07-23 05:22:15','2018-07-23 07:13:57',56,'KQZ 813',53),(4436,'2018-02-13 16:14:53','2018-02-14 11:50:11',8,'10M H33',73),(4437,'2018-01-11 04:47:20','2018-01-12 00:00:17',194,'YN8 P5J',1),(4438,'2018-01-20 23:25:27','2018-01-21 05:30:18',362,'6698',8),(4439,'2018-11-19 11:29:07','2018-11-20 10:09:25',287,'45W X49',83),(4440,'2018-09-23 15:33:20','2018-09-23 21:27:51',37,'LEL-3572',24),(4441,'2018-03-05 22:25:28','2018-03-06 07:31:06',50,'091 WTK',2),(4442,'2018-07-16 10:27:05','2018-07-16 18:23:24',45,'NMQ 372',19),(4443,'2018-05-25 18:27:41','2018-05-26 10:36:49',111,'160 KOM',76),(4444,'2018-04-29 13:17:43','2018-04-29 20:20:01',336,'9LX T41',35),(4445,'2018-08-22 07:45:56','2018-08-22 08:48:05',171,'63G 421',82),(4446,'2018-04-02 15:27:24','2018-04-03 15:26:05',378,'45W X49',17),(4447,'2018-11-14 13:15:24','2018-11-14 16:30:09',79,'WS 7027',3),(4448,'2018-12-18 23:37:01','2018-12-19 16:26:48',365,'4-44016Q',31),(4449,'2018-09-15 02:55:34','2018-09-15 06:33:58',346,'973 1322',51),(4450,'2018-04-27 16:25:41','2018-04-28 05:21:13',284,'6NZG011',79),(4451,'2018-01-10 15:55:26','2018-01-11 02:58:27',303,'074D9',31),(4452,'2018-04-15 18:05:41','2018-04-16 15:15:24',180,'FBD-8300',33),(4453,'2018-12-26 23:52:45','2018-12-27 20:06:05',43,'385-BHZA',1),(4454,'2018-06-01 13:06:19','2018-06-02 05:41:36',273,'075 FFB',32),(4455,'2018-07-31 14:22:57','2018-07-31 16:45:07',425,'G 445079',99),(4456,'2018-11-01 01:06:07','2018-11-01 06:36:56',417,'78-65590',95),(4457,'2018-07-01 05:08:27','2018-07-01 22:11:30',13,'FBD-8300',41),(4458,'2018-05-30 06:38:27','2018-05-30 14:28:40',347,'3DO 420',14),(4459,'2018-01-10 12:33:00','2018-01-11 01:53:24',304,'385-BHZA',85),(4460,'2018-04-09 03:06:47','2018-04-10 01:06:52',284,'NMQ 372',82),(4461,'2018-06-25 07:16:00','2018-06-25 10:43:45',421,'3-6608Z',28),(4462,'2018-09-11 04:52:19','2018-09-12 00:44:59',214,'6698',89),(4463,'2018-02-13 19:48:32','2018-02-14 01:55:06',185,'NDN 884',26),(4464,'2018-02-01 17:43:58','2018-02-02 00:39:29',128,'FXA-9799',4),(4465,'2018-09-12 09:32:45','2018-09-12 13:10:00',212,'3-6608Z',29),(4466,'2018-01-23 00:12:36','2018-01-23 04:23:06',455,'HL 5495',28),(4467,'2018-09-30 09:20:35','2018-10-01 06:12:21',16,'6NZG011',90),(4468,'2018-09-10 08:20:53','2018-09-10 17:09:33',416,'HCH 835',77),(4469,'2018-10-07 09:55:51','2018-10-07 16:39:44',188,'993 DTR',44),(4470,'2018-04-06 20:30:48','2018-04-07 19:53:23',15,'10M H33',100),(4471,'2018-01-31 14:28:27','2018-02-01 04:38:12',105,'0ZE1224',52),(4472,'2018-03-23 08:36:25','2018-03-24 00:17:36',461,'233752',81),(4473,'2018-12-31 05:23:10','2018-12-31 21:06:41',500,'9LX T41',38),(4474,'2018-10-31 10:11:09','2018-11-01 04:37:22',373,'385-BHZA',6),(4475,'2018-05-20 22:21:35','2018-05-21 18:40:18',147,'FXA-9799',61),(4476,'2018-11-28 14:40:04','2018-11-28 16:43:09',65,'8JTU778',2),(4477,'2018-08-30 19:55:17','2018-08-30 21:26:18',55,'091 WTK',50),(4478,'2018-12-13 04:30:04','2018-12-13 05:12:10',122,'233752',89),(4479,'2018-08-23 21:12:54','2018-08-24 20:50:09',134,'252 LKC',63),(4480,'2018-03-13 07:29:13','2018-03-14 02:25:59',212,'973 1322',84),(4481,'2018-04-29 19:26:33','2018-04-30 10:38:45',354,'160 KOM',66),(4482,'2018-12-26 20:13:25','2018-12-27 07:20:10',4,'935Z6',63),(4483,'2018-01-02 21:11:35','2018-01-03 16:25:43',360,'973 1322',35),(4484,'2018-10-14 14:05:14','2018-10-15 09:29:39',159,'VPT-2591',87),(4485,'2018-05-10 11:01:09','2018-05-10 20:37:27',150,'G 445079',51),(4486,'2018-11-04 19:32:40','2018-11-05 02:25:40',246,'477 NPK',9),(4487,'2018-08-12 17:06:31','2018-08-12 21:15:37',129,'JQ2 R6R',74),(4488,'2018-09-08 13:16:19','2018-09-08 14:47:02',485,'644K',88),(4489,'2018-09-17 16:12:41','2018-09-18 14:50:47',84,'XAB-6911',2),(4490,'2018-08-11 10:50:50','2018-08-11 13:33:31',390,'091 WTK',37),(4491,'2018-02-11 06:09:52','2018-02-11 18:46:09',120,'029 GAV',91),(4492,'2018-08-13 02:02:42','2018-08-13 06:40:49',390,'0J DR847',72),(4493,'2018-07-15 18:12:41','2018-07-16 15:53:39',35,'SC 1779',92),(4494,'2018-10-17 02:39:46','2018-10-17 10:11:20',289,'IHF-296',25),(4495,'2018-11-12 11:01:12','2018-11-12 21:47:14',382,'76-O317',21),(4496,'2018-04-10 03:12:35','2018-04-10 15:40:49',179,'177 YBQ',48),(4497,'2018-05-27 19:28:48','2018-05-28 10:13:22',234,'FBD-8300',1),(4498,'2018-11-14 21:51:34','2018-11-15 04:41:33',401,'76-O317',83),(4499,'2018-01-07 18:58:04','2018-01-08 18:06:49',15,'24QZ031',47),(4500,'2018-09-12 00:53:29','2018-09-13 00:16:14',96,'RZD 208',4),(4501,'2018-01-28 02:40:32','2018-01-28 11:28:49',193,'HL 5495',88),(4502,'2018-03-26 07:32:12','2018-03-27 06:34:50',494,'RPD-8334',58),(4503,'2018-03-10 22:29:10','2018-03-11 12:40:22',325,'24QZ031',46),(4504,'2018-09-14 18:44:01','2018-09-15 15:00:32',334,'177 YBQ',67),(4505,'2018-03-15 18:01:32','2018-03-16 02:04:33',421,'70-08440',80),(4506,'2018-11-01 10:03:27','2018-11-01 12:59:25',265,'FBD-8300',47),(4507,'2018-07-12 03:10:32','2018-07-12 20:07:29',406,'NDN 884',95),(4508,'2018-08-01 20:47:48','2018-08-02 00:04:47',291,'G 445079',98),(4509,'2018-07-20 04:29:18','2018-07-20 14:01:13',280,'385-BHZA',42),(4510,'2018-10-07 07:25:10','2018-10-07 21:32:49',368,'4-44016Q',24),(4511,'2018-03-04 00:14:12','2018-03-04 17:19:37',114,'0J DR847',100),(4512,'2018-01-23 23:14:50','2018-01-24 11:13:18',104,'XAB-6911',55),(4513,'2018-05-04 15:58:55','2018-05-05 05:27:45',158,'252 LKC',93),(4514,'2018-01-05 05:56:02','2018-01-05 11:43:43',26,'KXB 559',93),(4515,'2018-02-17 07:59:31','2018-02-17 23:56:28',449,'31X VL1',39),(4516,'2018-08-05 07:18:22','2018-08-05 23:03:48',255,'385-BHZA',63),(4517,'2018-05-10 16:14:14','2018-05-11 14:06:07',10,'074D9',91),(4518,'2018-07-28 02:58:28','2018-07-28 14:21:03',19,'FBD-8300',53),(4519,'2018-08-15 21:51:05','2018-08-16 16:59:41',286,'029 GAV',69),(4520,'2018-03-04 11:44:29','2018-03-05 06:52:04',498,'252 LKC',15),(4521,'2018-01-10 00:46:56','2018-01-10 14:19:53',365,'935Z6',16),(4522,'2018-11-26 13:20:52','2018-11-26 14:25:27',307,'3-6608Z',6),(4523,'2018-05-30 09:56:17','2018-05-30 18:17:39',242,'76-O317',89),(4524,'2018-02-02 00:01:37','2018-02-02 02:22:29',183,'WS 7027',36),(4525,'2018-06-16 08:49:46','2018-06-16 20:12:31',285,'074D9',70),(4526,'2018-08-03 07:07:30','2018-08-03 21:51:50',1,'KXB 559',66),(4527,'2018-10-31 02:09:07','2018-10-31 15:47:58',149,'160 KOM',74),(4528,'2018-01-15 21:36:57','2018-01-16 05:18:50',272,'KXB 559',83),(4529,'2018-05-05 05:17:38','2018-05-05 20:23:25',339,'385-BHZA',69),(4530,'2018-07-04 00:17:12','2018-07-04 23:30:07',392,'9LX T41',77),(4531,'2018-02-02 11:08:03','2018-02-02 14:56:30',270,'45W X49',98),(4532,'2018-07-10 18:29:03','2018-07-11 09:53:01',487,'RZD 208',24),(4533,'2018-11-17 17:59:48','2018-11-18 04:24:34',334,'HCH 835',22),(4534,'2018-02-11 23:21:02','2018-02-12 14:15:14',425,'0J DR847',14),(4535,'2018-10-07 06:04:50','2018-10-07 20:50:05',485,'075 FFB',77),(4536,'2018-12-12 19:14:25','2018-12-12 22:42:49',244,'029 GAV',86),(4537,'2018-03-13 09:06:10','2018-03-13 18:13:06',80,'70-08440',86),(4538,'2018-02-06 17:48:57','2018-02-07 05:49:32',244,'385-BHZA',97),(4539,'2018-01-08 23:56:15','2018-01-09 05:47:28',430,'IHF-296',30),(4540,'2018-09-13 23:50:54','2018-09-14 05:18:15',272,'HL 5495',20),(4541,'2018-01-12 07:48:00','2018-01-12 16:11:32',392,'KQZ 813',95),(4542,'2018-12-23 10:01:08','2018-12-23 12:23:36',424,'30C 9038',32),(4543,'2018-05-02 15:30:27','2018-05-02 15:58:31',142,'G 445079',42),(4544,'2018-01-30 10:21:16','2018-01-31 07:07:19',397,'7-U3496',10),(4545,'2018-01-13 17:34:25','2018-01-14 15:53:40',19,'3-6608Z',91),(4546,'2018-09-06 18:34:36','2018-09-07 05:00:04',482,'31X VL1',80),(4547,'2018-09-10 08:12:41','2018-09-10 08:40:44',153,'823S',52),(4548,'2018-08-08 15:06:16','2018-08-08 21:48:31',25,'973 1322',37),(4549,'2018-11-03 06:03:12','2018-11-03 16:40:50',74,'4QT U99',19),(4550,'2018-03-31 07:55:13','2018-03-31 14:39:24',127,'177 YBQ',36),(4551,'2018-08-19 08:19:53','2018-08-19 14:23:50',399,'78-65590',34),(4552,'2018-09-18 23:35:44','2018-09-19 09:43:21',222,'477 NPK',41),(4553,'2018-07-25 21:35:10','2018-07-26 06:49:22',428,'LDT 720',67),(4554,'2018-05-24 10:22:12','2018-05-25 01:11:09',400,'4-44016Q',71),(4555,'2018-03-02 09:24:07','2018-03-03 08:25:58',264,'3-6608Z',98),(4556,'2018-01-27 21:44:06','2018-01-28 13:11:11',348,'075 FFB',9),(4557,'2018-07-18 03:05:32','2018-07-18 06:21:06',91,'HL 5495',53),(4558,'2018-11-29 11:17:46','2018-11-30 09:30:37',378,'VPT-2591',59),(4559,'2018-09-25 09:33:06','2018-09-26 07:44:04',389,'0LL0774',57),(4560,'2018-12-06 02:34:36','2018-12-06 07:34:25',88,'177 YBQ',74),(4561,'2018-08-21 13:57:36','2018-08-22 05:22:09',203,'385-BHZA',94),(4562,'2018-12-30 17:29:05','2018-12-30 20:01:58',80,'JQ2 R6R',45),(4563,'2018-02-16 07:59:10','2018-02-16 11:29:17',205,'LDT 720',81),(4564,'2018-03-11 08:29:04','2018-03-11 14:15:44',16,'0LL0774',10),(4565,'2018-06-23 00:34:34','2018-06-23 08:09:34',427,'0LL0774',62),(4566,'2018-09-12 11:35:32','2018-09-13 07:14:14',327,'644K',55),(4567,'2018-02-05 00:11:37','2018-02-05 16:22:17',122,'WS 7027',34),(4568,'2018-04-12 02:19:20','2018-04-12 07:06:35',272,'WS 7027',53),(4569,'2018-05-19 19:00:13','2018-05-20 03:16:36',379,'VPT-2591',2),(4570,'2018-04-09 21:25:04','2018-04-10 05:33:45',269,'FBD-8300',32),(4571,'2018-11-07 22:50:47','2018-11-08 14:47:27',150,'XAB-6911',12),(4572,'2018-10-15 07:52:34','2018-10-15 09:31:02',477,'8JTU778',58),(4573,'2018-04-07 02:27:01','2018-04-07 15:28:09',79,'IHF-296',16),(4574,'2018-09-07 20:32:56','2018-09-08 13:15:16',271,'LEL-3572',33),(4575,'2018-12-19 04:21:56','2018-12-19 05:59:13',119,'KQZ 813',65),(4576,'2018-07-09 07:25:20','2018-07-10 03:27:49',23,'78-65590',26),(4577,'2018-06-14 18:00:10','2018-06-15 08:43:43',14,'RZD 208',93),(4578,'2018-02-24 09:36:15','2018-02-24 12:07:52',413,'823S',45),(4579,'2018-04-11 07:21:11','2018-04-12 02:58:24',399,'091 WTK',20),(4580,'2018-06-28 22:58:16','2018-06-29 12:55:47',264,'24QZ031',64),(4581,'2018-01-17 09:05:50','2018-01-17 20:57:43',289,'IHF-296',30),(4582,'2018-04-24 13:23:49','2018-04-24 22:25:21',160,'76-O317',34),(4583,'2018-04-17 18:48:29','2018-04-18 07:19:59',96,'4-44016Q',1),(4584,'2018-09-17 06:50:44','2018-09-18 00:07:09',500,'70-08440',94),(4585,'2018-01-17 04:53:45','2018-01-18 03:32:20',344,'SEQ-9042',27),(4586,'2018-11-19 06:05:56','2018-11-19 14:32:19',184,'KQZ 813',45),(4587,'2018-11-21 20:03:18','2018-11-21 20:16:02',243,'3DO 420',71),(4588,'2018-03-16 11:32:21','2018-03-16 12:06:01',412,'31X VL1',52),(4589,'2018-10-21 16:37:30','2018-10-21 17:47:37',95,'9LX T41',30),(4590,'2018-03-13 13:39:08','2018-03-14 07:12:08',28,'LDT 720',43),(4591,'2018-03-20 18:10:13','2018-03-20 18:13:42',254,'91V B44',61),(4592,'2018-01-18 00:42:45','2018-01-18 15:53:01',220,'RPD-8334',23),(4593,'2018-06-24 15:07:30','2018-06-24 16:33:24',142,'385-BHZA',89),(4594,'2018-12-31 03:49:30','2018-12-31 05:26:38',318,'252 LKC',78),(4595,'2018-11-01 15:14:58','2018-11-02 15:02:49',375,'JQ2 R6R',82),(4596,'2018-07-17 13:57:37','2018-07-17 18:47:11',52,'993 DTR',79),(4597,'2018-06-14 00:52:16','2018-06-14 06:43:23',481,'9LX T41',77),(4598,'2018-05-09 11:01:59','2018-05-10 03:23:03',16,'78-65590',27),(4599,'2018-06-04 00:53:25','2018-06-04 02:52:21',243,'973 1322',82),(4600,'2018-12-04 08:09:01','2018-12-05 03:35:33',110,'XAB-6911',92),(4601,'2018-11-24 11:04:42','2018-11-24 15:48:23',257,'45W X49',97),(4602,'2018-09-11 23:45:59','2018-09-12 02:51:53',283,'KQZ 813',85),(4603,'2018-03-11 02:53:43','2018-03-11 04:04:19',447,'SEQ-9042',85),(4604,'2018-07-05 05:22:27','2018-07-05 07:24:04',399,'FBD-8300',38),(4605,'2018-04-13 16:04:48','2018-04-14 14:53:18',225,'NMQ 372',52),(4606,'2018-03-04 15:53:09','2018-03-05 10:43:58',334,'NMQ 372',34),(4607,'2018-12-26 04:55:59','2018-12-26 12:42:49',115,'0ZE1224',8),(4608,'2018-06-16 02:37:24','2018-06-16 10:07:22',40,'385-BHZA',31),(4609,'2018-08-22 16:29:11','2018-08-23 14:39:47',55,'78-65590',2),(4610,'2018-10-10 22:30:29','2018-10-11 05:09:23',37,'IHF-296',94),(4611,'2018-01-28 00:23:31','2018-01-28 13:52:53',162,'VPT-2591',39),(4612,'2018-08-09 14:36:26','2018-08-09 19:10:02',32,'177 YBQ',17),(4613,'2018-05-05 01:57:41','2018-05-05 12:33:36',107,'24QZ031',68),(4614,'2018-09-10 05:57:27','2018-09-10 09:40:38',117,'6698',46),(4615,'2018-02-22 10:40:19','2018-02-22 12:08:38',356,'0J DR847',51),(4616,'2018-06-23 18:53:17','2018-06-24 10:43:56',307,'70-08440',27),(4617,'2018-07-18 01:37:33','2018-07-18 21:21:12',331,'160 KOM',49),(4618,'2018-05-11 08:58:50','2018-05-12 05:20:05',148,'233752',31),(4619,'2018-02-10 04:53:21','2018-02-10 20:07:48',492,'075 FFB',90),(4620,'2018-12-02 10:47:56','2018-12-02 13:38:03',245,'VPT-2591',4),(4621,'2018-07-11 20:51:50','2018-07-12 07:27:37',482,'0LL0774',73),(4622,'2018-01-25 19:51:49','2018-01-25 20:11:33',379,'30C 9038',73),(4623,'2018-10-31 07:55:03','2018-10-31 18:27:05',94,'177 YBQ',23),(4624,'2018-06-16 01:32:24','2018-06-16 10:28:54',160,'10M H33',93),(4625,'2018-03-31 09:45:37','2018-03-31 14:55:23',112,'3DO 420',81),(4626,'2018-09-22 16:37:29','2018-09-23 00:01:24',157,'0J DR847',45),(4627,'2018-07-26 11:34:45','2018-07-27 09:52:47',231,'993 DTR',35),(4628,'2018-02-22 15:09:25','2018-02-23 04:47:58',76,'78-65590',13),(4629,'2018-12-23 17:38:25','2018-12-23 19:45:26',13,'3DO 420',47),(4630,'2018-08-18 08:31:56','2018-08-18 13:57:00',347,'VPT-2591',46),(4631,'2018-07-31 01:01:05','2018-07-31 01:46:27',388,'LDT 720',95),(4632,'2018-05-08 04:39:03','2018-05-09 04:15:28',301,'30C 9038',32),(4633,'2018-02-16 08:07:26','2018-02-17 02:16:11',167,'091 WTK',19),(4634,'2018-12-13 11:32:19','2018-12-14 04:31:34',293,'7-U3496',66),(4635,'2018-03-03 15:32:02','2018-03-03 20:51:28',307,'3-6608Z',74),(4636,'2018-08-03 19:10:00','2018-08-04 12:47:18',324,'70-08440',30),(4637,'2018-07-06 01:12:33','2018-07-06 18:16:03',485,'76-O317',62),(4638,'2018-10-27 11:46:40','2018-10-28 07:06:59',305,'WS 7027',47),(4639,'2018-08-01 00:19:42','2018-08-01 08:50:24',321,'91V B44',27),(4640,'2018-05-03 11:22:33','2018-05-03 16:10:59',2,'76-O317',34),(4641,'2018-11-10 16:59:41','2018-11-10 20:23:25',457,'XAB-6911',57),(4642,'2018-06-20 08:41:10','2018-06-20 17:39:59',454,'FBD-8300',9),(4643,'2018-05-19 20:09:24','2018-05-20 13:47:53',1,'0LL0774',5),(4644,'2018-11-04 19:35:30','2018-11-05 03:14:13',119,'6698',63),(4645,'2018-05-12 10:10:06','2018-05-13 02:18:50',355,'029 GAV',40),(4646,'2018-12-19 07:45:25','2018-12-20 06:49:05',413,'644K',32),(4647,'2018-04-21 04:44:35','2018-04-21 11:08:58',242,'XAB-6911',53),(4648,'2018-10-08 20:17:57','2018-10-09 16:34:49',140,'973 1322',35),(4649,'2018-12-29 00:40:23','2018-12-29 08:46:47',302,'029 GAV',81),(4650,'2018-05-14 02:41:16','2018-05-15 00:18:42',139,'45W X49',18),(4651,'2018-06-11 11:09:51','2018-06-11 21:27:32',345,'FBD-8300',91),(4652,'2018-01-26 00:03:07','2018-01-26 08:26:50',59,'0J DR847',55),(4653,'2018-09-30 03:27:00','2018-09-30 19:45:18',232,'4-44016Q',37),(4654,'2018-02-14 02:25:41','2018-02-15 01:42:22',180,'YN8 P5J',33),(4655,'2018-06-21 22:57:49','2018-06-22 16:00:32',100,'9LX T41',41),(4656,'2018-02-27 01:52:48','2018-02-27 12:18:40',5,'4QT U99',95),(4657,'2018-05-25 20:51:34','2018-05-26 00:41:19',59,'4-44016Q',48),(4658,'2018-08-06 20:11:12','2018-08-07 02:14:19',479,'91V B44',31),(4659,'2018-08-01 15:17:40','2018-08-01 21:43:33',451,'31X VL1',20),(4660,'2018-03-25 11:52:16','2018-03-26 09:08:21',167,'XAB-6911',62),(4661,'2018-01-27 21:38:22','2018-01-28 12:53:11',262,'RZD 208',21),(4662,'2018-05-07 02:09:46','2018-05-07 16:47:33',30,'SEQ-9042',8),(4663,'2018-04-07 19:30:07','2018-04-08 06:10:47',312,'45W X49',56),(4664,'2018-08-25 15:10:07','2018-08-26 14:34:57',17,'823S',66),(4665,'2018-06-23 13:22:12','2018-06-23 16:02:31',80,'385-BHZA',73),(4666,'2018-07-10 09:53:30','2018-07-11 03:18:53',329,'VPT-2591',51),(4667,'2018-03-13 17:39:12','2018-03-13 19:54:21',245,'IHF-296',66),(4668,'2018-06-25 14:02:34','2018-06-26 07:05:21',387,'7-U3496',40),(4669,'2018-08-28 22:29:24','2018-08-29 00:58:14',32,'644K',74),(4670,'2018-09-03 03:28:48','2018-09-03 04:00:34',77,'3-6608Z',58),(4671,'2018-08-23 12:38:55','2018-08-24 11:31:37',222,'SEQ-9042',6),(4672,'2018-09-18 21:32:27','2018-09-19 06:48:54',385,'76-O317',31),(4673,'2018-04-04 01:09:24','2018-04-04 19:05:56',142,'8JTU778',3),(4674,'2018-02-15 02:54:12','2018-02-15 15:27:22',189,'029 GAV',11),(4675,'2018-07-21 11:55:27','2018-07-21 16:39:00',466,'10M H33',46),(4676,'2018-01-10 14:39:30','2018-01-10 19:19:17',94,'160 KOM',78),(4677,'2018-06-05 02:14:10','2018-06-05 15:33:21',438,'WS 7027',47),(4678,'2018-10-10 12:47:48','2018-10-11 08:14:24',85,'3DO 420',34),(4679,'2018-05-19 15:19:02','2018-05-20 00:30:57',362,'3DO 420',70),(4680,'2018-07-28 16:02:57','2018-07-29 06:23:06',289,'4-44016Q',28),(4681,'2018-08-21 09:06:09','2018-08-21 20:33:28',484,'823S',59),(4682,'2018-03-04 23:28:30','2018-03-05 08:05:28',494,'7-U3496',35),(4683,'2018-12-27 17:35:21','2018-12-27 20:33:44',458,'233752',50),(4684,'2018-10-16 03:52:36','2018-10-16 13:31:50',417,'0LL0774',22),(4685,'2018-01-21 10:20:30','2018-01-21 18:15:56',28,'177 YBQ',13),(4686,'2018-03-24 14:27:43','2018-03-25 09:59:01',422,'8JTU778',84),(4687,'2018-05-17 12:03:04','2018-05-17 17:36:59',101,'FBD-8300',89),(4688,'2018-10-18 14:28:39','2018-10-18 15:38:30',149,'XAB-6911',20),(4689,'2018-04-15 06:02:41','2018-04-15 19:16:57',432,'3-6608Z',41),(4690,'2018-10-21 18:13:59','2018-10-22 13:36:50',246,'3DO 420',79),(4691,'2018-04-08 21:00:28','2018-04-09 19:40:57',257,'0LL0774',82),(4692,'2018-10-10 00:07:20','2018-10-10 00:46:03',336,'175 3398',1),(4693,'2018-07-14 13:42:39','2018-07-14 21:29:42',396,'935Z6',29),(4694,'2018-07-16 15:46:07','2018-07-16 19:11:02',81,'0LL0774',51),(4695,'2018-06-20 17:37:29','2018-06-21 07:12:06',278,'3DO 420',96),(4696,'2018-05-22 20:55:40','2018-05-22 22:11:54',9,'029 GAV',63),(4697,'2018-12-28 06:09:56','2018-12-28 12:07:28',166,'385-BHZA',53),(4698,'2018-06-29 18:23:26','2018-06-30 15:07:24',211,'45W X49',38),(4699,'2018-05-12 05:28:51','2018-05-13 04:41:23',412,'177 YBQ',64),(4700,'2018-06-26 19:15:24','2018-06-27 12:04:02',382,'78-65590',43),(4701,'2018-10-07 11:57:47','2018-10-08 00:12:31',3,'NDN 884',90),(4702,'2018-10-31 17:35:43','2018-11-01 08:47:05',96,'935Z6',82),(4703,'2018-04-08 07:11:04','2018-04-08 23:32:24',17,'SC 1779',12),(4704,'2018-04-15 00:29:27','2018-04-15 03:51:19',391,'6NZG011',73),(4705,'2018-04-09 14:14:42','2018-04-10 02:50:36',228,'RPD-8334',13),(4706,'2018-05-26 05:48:32','2018-05-27 03:30:22',113,'91V B44',56),(4707,'2018-08-03 00:57:37','2018-08-03 06:22:15',32,'252 LKC',24),(4708,'2018-10-03 18:55:07','2018-10-04 07:54:54',48,'IHF-296',90),(4709,'2018-02-18 22:43:09','2018-02-19 12:07:09',215,'644K',51),(4710,'2018-10-18 07:16:51','2018-10-19 02:14:42',259,'823S',5),(4711,'2018-04-04 14:22:00','2018-04-04 21:50:59',304,'KQZ 813',54),(4712,'2018-12-06 19:00:54','2018-12-07 13:58:44',168,'HCH 835',78),(4713,'2018-02-05 14:32:45','2018-02-05 16:01:32',328,'76-O317',83),(4714,'2018-12-09 00:57:01','2018-12-09 10:59:08',393,'9LX T41',36),(4715,'2018-12-10 13:54:48','2018-12-10 19:00:31',221,'KQZ 813',21),(4716,'2018-09-10 22:41:09','2018-09-11 17:10:58',232,'3DO 420',70),(4717,'2018-06-13 20:37:43','2018-06-14 20:04:57',79,'160 KOM',81),(4718,'2018-05-09 10:17:15','2018-05-09 14:47:44',497,'FXA-9799',57),(4719,'2018-03-17 13:03:47','2018-03-18 07:03:45',252,'4QT U99',51),(4720,'2018-07-30 22:49:48','2018-07-31 17:40:58',164,'075 FFB',9),(4721,'2018-07-27 20:13:48','2018-07-28 01:44:40',253,'9LX T41',63),(4722,'2018-09-18 16:46:27','2018-09-18 17:46:00',394,'973 1322',18),(4723,'2018-03-31 00:40:07','2018-03-31 07:11:12',250,'4-44016Q',96),(4724,'2018-01-23 13:03:09','2018-01-23 14:25:26',39,'FXA-9799',76),(4725,'2018-10-11 00:26:04','2018-10-11 21:10:46',347,'0ZE1224',92),(4726,'2018-03-06 07:38:51','2018-03-06 12:53:12',200,'HL 5495',26),(4727,'2018-09-25 10:27:09','2018-09-26 04:36:21',455,'385-BHZA',89),(4728,'2018-05-05 23:08:14','2018-05-06 05:53:20',440,'3DO 420',52),(4729,'2018-10-02 01:23:50','2018-10-02 12:41:38',142,'SC 1779',68),(4730,'2018-06-24 10:39:45','2018-06-24 16:43:08',456,'6698',12),(4731,'2018-05-11 15:10:07','2018-05-11 22:09:22',72,'LEL-3572',29),(4732,'2018-09-08 19:52:01','2018-09-09 01:24:42',177,'7-U3496',43),(4733,'2018-03-04 09:52:04','2018-03-04 20:42:56',97,'KXB 559',87),(4734,'2018-06-02 20:48:15','2018-06-02 23:33:09',440,'4QT U99',5),(4735,'2018-07-25 12:00:37','2018-07-25 23:26:04',499,'HL 5495',25),(4736,'2018-09-21 22:50:35','2018-09-22 05:08:26',49,'177 YBQ',7),(4737,'2018-08-19 22:57:57','2018-08-20 14:20:08',483,'3DO 420',30),(4738,'2018-05-05 12:52:41','2018-05-05 20:21:59',241,'24QZ031',16),(4739,'2018-10-26 16:57:25','2018-10-27 01:15:40',133,'973 1322',44),(4740,'2018-02-26 14:41:06','2018-02-26 18:28:03',66,'24QZ031',73),(4741,'2018-11-14 04:19:10','2018-11-14 13:11:27',342,'4QT U99',4),(4742,'2018-06-14 20:44:23','2018-06-15 16:07:05',335,'HL 5495',13),(4743,'2018-12-16 22:48:30','2018-12-17 09:10:54',376,'823S',78),(4744,'2018-12-21 02:43:13','2018-12-21 07:44:53',280,'HCH 835',75),(4745,'2018-02-07 05:23:25','2018-02-08 01:05:46',19,'JQ2 R6R',56),(4746,'2018-07-20 23:08:49','2018-07-21 05:24:13',29,'KQZ 813',69),(4747,'2018-12-24 09:53:27','2018-12-25 02:33:24',111,'76-O317',26),(4748,'2018-09-03 02:17:08','2018-09-03 03:35:07',202,'823S',44),(4749,'2018-12-10 15:43:54','2018-12-11 13:32:18',4,'HL 5495',76),(4750,'2018-11-25 02:54:28','2018-11-25 19:34:49',332,'0LL0774',89),(4751,'2018-01-01 12:28:56','2018-01-02 00:59:55',358,'3-6608Z',79),(4752,'2018-05-05 17:06:47','2018-05-05 22:52:49',34,'VPT-2591',39),(4753,'2018-02-16 11:00:07','2018-02-16 22:50:34',409,'VPT-2591',56),(4754,'2018-01-04 00:57:00','2018-01-04 12:21:05',250,'76-O317',7),(4755,'2018-03-10 02:10:11','2018-03-10 17:40:08',470,'76-O317',44),(4756,'2018-11-17 07:50:37','2018-11-17 23:53:41',328,'JQ2 R6R',1),(4757,'2018-05-21 11:50:38','2018-05-22 00:51:13',4,'233752',9),(4758,'2018-12-10 12:44:16','2018-12-10 21:35:23',407,'NDN 884',9),(4759,'2018-12-12 16:29:14','2018-12-13 10:19:41',387,'973 1322',93),(4760,'2018-12-27 05:28:59','2018-12-27 14:55:06',352,'45W X49',57),(4761,'2018-07-09 14:21:54','2018-07-09 20:31:45',210,'0LL0774',91),(4762,'2018-04-19 03:01:53','2018-04-19 04:49:23',314,'644K',31),(4763,'2018-09-27 02:33:37','2018-09-27 13:58:36',207,'823S',59),(4764,'2018-10-27 20:48:24','2018-10-28 00:28:30',73,'KTJ 026',14),(4765,'2018-07-13 00:32:14','2018-07-13 13:16:19',121,'9LX T41',50),(4766,'2018-03-02 06:22:01','2018-03-02 06:27:27',363,'KQZ 813',9),(4767,'2018-05-01 15:24:10','2018-05-01 15:31:53',343,'SC 1779',19),(4768,'2018-05-21 09:54:43','2018-05-22 07:17:18',308,'0J DR847',24),(4769,'2018-06-27 01:43:09','2018-06-27 14:12:28',161,'JQ2 R6R',7),(4770,'2018-01-01 13:24:49','2018-01-02 02:39:17',330,'8JTU778',42),(4771,'2018-01-23 09:04:29','2018-01-23 16:36:43',40,'074D9',25),(4772,'2018-05-25 01:42:10','2018-05-25 15:15:30',187,'6NZG011',20),(4773,'2018-06-11 17:51:50','2018-06-11 22:34:05',417,'160 KOM',1),(4774,'2018-10-17 19:59:52','2018-10-17 20:51:51',266,'175 3398',73),(4775,'2018-08-18 02:55:38','2018-08-18 03:11:42',102,'091 WTK',92),(4776,'2018-06-09 19:26:04','2018-06-10 08:53:07',198,'075 FFB',22),(4777,'2018-03-16 17:11:27','2018-03-17 06:05:22',481,'029 GAV',85),(4778,'2018-11-02 08:57:22','2018-11-03 02:25:13',43,'KTJ 026',90),(4779,'2018-04-02 23:46:39','2018-04-03 05:46:56',477,'074D9',3),(4780,'2018-03-31 06:06:55','2018-03-31 19:18:34',495,'7-U3496',11),(4781,'2018-09-09 05:46:19','2018-09-09 12:11:43',420,'0J DR847',17),(4782,'2018-08-21 03:37:39','2018-08-21 10:14:14',498,'SEQ-9042',24),(4783,'2018-10-19 05:24:26','2018-10-19 07:22:21',202,'0J DR847',15),(4784,'2018-10-29 08:23:14','2018-10-30 01:53:33',450,'0ZE1224',5),(4785,'2018-07-06 00:53:07','2018-07-06 12:03:32',464,'24QZ031',41),(4786,'2018-12-03 11:41:15','2018-12-03 17:08:44',166,'075 FFB',49),(4787,'2018-05-14 03:17:06','2018-05-14 03:24:29',457,'029 GAV',49),(4788,'2018-03-15 21:53:12','2018-03-16 03:53:36',275,'823S',67),(4789,'2018-06-14 15:29:26','2018-06-15 05:27:35',273,'9LX T41',19),(4790,'2018-05-16 12:54:39','2018-05-16 20:32:34',59,'NMQ 372',88),(4791,'2018-11-16 23:28:18','2018-11-17 00:11:41',142,'993 DTR',28),(4792,'2018-03-06 03:46:33','2018-03-06 13:39:46',13,'KTJ 026',39),(4793,'2018-10-15 19:52:31','2018-10-16 08:25:04',107,'4-44016Q',96),(4794,'2018-12-07 12:05:21','2018-12-08 02:30:28',5,'FBD-8300',67),(4795,'2018-02-24 03:49:02','2018-02-24 17:20:16',315,'70-08440',65),(4796,'2018-05-02 03:55:14','2018-05-02 16:22:55',352,'0J DR847',64),(4797,'2018-08-31 01:17:35','2018-08-31 22:29:14',184,'385-BHZA',35),(4798,'2018-07-23 09:37:20','2018-07-23 13:10:57',499,'FBD-8300',42),(4799,'2018-10-15 17:34:34','2018-10-16 09:58:30',495,'0J DR847',57),(4800,'2018-05-14 12:42:04','2018-05-14 19:11:53',228,'075 FFB',97),(4801,'2018-01-30 16:56:34','2018-01-30 23:32:40',190,'NMQ 372',10),(4802,'2018-09-15 04:12:21','2018-09-16 04:06:36',261,'6698',80),(4803,'2018-09-04 02:29:15','2018-09-04 04:34:25',412,'IHF-296',78),(4804,'2018-10-09 11:39:45','2018-10-09 19:21:46',477,'NMQ 372',30),(4805,'2018-04-12 15:36:22','2018-04-12 18:11:07',435,'JQ2 R6R',18),(4806,'2018-09-04 18:37:24','2018-09-05 05:09:33',88,'G 445079',22),(4807,'2018-07-10 20:22:14','2018-07-11 19:12:00',444,'HCH 835',5),(4808,'2018-10-09 18:26:47','2018-10-10 16:51:03',322,'91V B44',22),(4809,'2018-06-28 11:20:06','2018-06-29 06:25:32',472,'YN8 P5J',95),(4810,'2018-07-05 05:17:37','2018-07-05 08:09:31',308,'XAB-6911',60),(4811,'2018-08-16 19:53:39','2018-08-17 15:44:25',186,'8JTU778',10),(4812,'2018-09-12 21:17:25','2018-09-13 20:38:40',434,'7-U3496',52),(4813,'2018-09-13 23:00:25','2018-09-14 17:12:14',145,'075 FFB',83),(4814,'2018-01-13 15:35:39','2018-01-13 15:57:29',146,'3DO 420',83),(4815,'2018-08-31 06:28:26','2018-09-01 03:39:47',242,'SEQ-9042',20),(4816,'2018-06-14 05:27:26','2018-06-14 21:07:21',405,'252 LKC',40),(4817,'2018-08-19 08:22:41','2018-08-19 15:20:17',401,'935Z6',62),(4818,'2018-11-03 03:15:48','2018-11-03 18:38:21',214,'973 1322',38),(4819,'2018-01-30 11:27:13','2018-01-30 18:18:26',189,'IHF-296',39),(4820,'2018-07-08 05:10:19','2018-07-09 04:45:45',334,'HCH 835',78),(4821,'2018-04-07 22:56:40','2018-04-08 21:50:03',18,'YN8 P5J',82),(4822,'2018-10-29 21:49:57','2018-10-30 09:52:33',153,'4-44016Q',75),(4823,'2018-03-25 07:04:12','2018-03-25 13:04:00',421,'3DO 420',4),(4824,'2018-02-25 08:25:06','2018-02-26 00:26:00',234,'91V B44',58),(4825,'2018-09-13 11:51:59','2018-09-14 05:09:51',473,'78-65590',75),(4826,'2018-07-15 20:23:24','2018-07-16 14:13:21',171,'075 FFB',78),(4827,'2018-02-21 11:46:22','2018-02-21 17:31:49',138,'70-08440',27),(4828,'2018-08-19 19:25:47','2018-08-20 08:59:11',106,'G 445079',54),(4829,'2018-01-24 08:09:23','2018-01-24 18:49:40',45,'973 1322',55),(4830,'2018-04-26 16:56:22','2018-04-27 09:35:15',332,'0ZE1224',37),(4831,'2018-09-02 07:24:08','2018-09-03 02:20:06',156,'HCH 835',53),(4832,'2018-01-24 06:00:20','2018-01-24 19:50:54',206,'029 GAV',91),(4833,'2018-10-06 16:49:19','2018-10-07 12:24:21',428,'3-6608Z',48),(4834,'2018-02-05 10:28:48','2018-02-05 14:45:53',262,'KTJ 026',100),(4835,'2018-04-04 10:13:56','2018-04-04 11:10:55',500,'233752',31),(4836,'2018-06-22 01:04:55','2018-06-22 02:50:32',111,'4-44016Q',94),(4837,'2018-11-21 06:40:50','2018-11-21 12:48:03',428,'63G 421',83),(4838,'2018-05-05 14:04:49','2018-05-05 18:09:10',180,'6698',65),(4839,'2018-12-11 03:34:32','2018-12-11 23:04:20',297,'WS 7027',41),(4840,'2018-11-03 17:32:42','2018-11-03 20:42:21',325,'24QZ031',54),(4841,'2018-03-18 19:20:39','2018-03-19 10:00:48',2,'993 DTR',14),(4842,'2018-12-16 07:28:53','2018-12-16 19:02:40',143,'823S',59),(4843,'2018-06-04 13:31:34','2018-06-05 05:21:14',83,'0LL0774',40),(4844,'2018-09-17 05:30:14','2018-09-18 01:13:41',169,'24QZ031',32),(4845,'2018-06-16 10:18:24','2018-06-17 04:48:47',288,'78-65590',66),(4846,'2018-02-27 19:37:38','2018-02-28 05:25:14',53,'4-44016Q',80),(4847,'2018-06-30 12:34:03','2018-06-30 17:33:17',113,'G 445079',9),(4848,'2018-02-06 21:47:44','2018-02-07 08:35:43',325,'76-O317',49),(4849,'2018-09-16 10:22:40','2018-09-17 03:10:09',339,'FXA-9799',20),(4850,'2018-04-06 06:14:44','2018-04-06 16:45:53',198,'644K',40),(4851,'2018-04-20 05:52:56','2018-04-20 22:36:59',183,'3-6608Z',24),(4852,'2018-06-26 04:30:10','2018-06-26 12:49:55',441,'70-08440',96),(4853,'2018-12-27 12:52:17','2018-12-27 19:01:27',36,'6NZG011',5),(4854,'2018-04-30 17:07:36','2018-05-01 12:30:55',410,'WS 7027',45),(4855,'2018-05-29 16:01:03','2018-05-30 04:51:02',35,'30C 9038',44),(4856,'2018-10-27 09:20:31','2018-10-28 07:56:54',289,'6698',37),(4857,'2018-12-31 08:14:37','2019-01-01 01:13:05',197,'NMQ 372',86),(4858,'2018-10-12 08:19:10','2018-10-12 19:42:18',467,'252 LKC',79),(4859,'2018-10-10 19:14:42','2018-10-11 18:39:10',48,'XAB-6911',94),(4860,'2018-09-12 12:37:57','2018-09-13 09:21:28',179,'RPD-8334',95),(4861,'2018-06-25 18:17:06','2018-06-26 05:43:02',406,'76-O317',39),(4862,'2018-12-07 13:58:07','2018-12-07 17:20:48',245,'70-08440',27),(4863,'2018-07-11 03:33:20','2018-07-11 18:43:37',466,'45W X49',73),(4864,'2018-01-12 06:39:48','2018-01-12 17:23:13',116,'FBD-8300',58),(4865,'2018-07-07 07:35:18','2018-07-07 08:56:38',473,'3-6608Z',41),(4866,'2018-08-24 02:32:39','2018-08-24 05:56:52',283,'KQZ 813',86),(4867,'2018-11-16 10:01:29','2018-11-16 11:19:48',448,'JQ2 R6R',40),(4868,'2018-10-01 05:25:36','2018-10-01 13:16:01',72,'76-O317',2),(4869,'2018-10-09 10:21:17','2018-10-09 14:51:56',460,'63G 421',77),(4870,'2018-09-08 16:53:38','2018-09-08 21:13:05',297,'4QT U99',1),(4871,'2018-07-10 02:14:59','2018-07-10 10:41:38',278,'31X VL1',40),(4872,'2018-10-18 21:53:34','2018-10-19 11:57:37',396,'6NZG011',61),(4873,'2018-06-12 12:57:54','2018-06-13 11:23:45',462,'24QZ031',41),(4874,'2018-09-15 03:01:34','2018-09-15 17:33:00',430,'029 GAV',56),(4875,'2018-12-28 19:46:51','2018-12-29 16:59:10',358,'XAB-6911',92),(4876,'2018-05-12 08:17:09','2018-05-12 14:06:45',496,'0J DR847',74),(4877,'2018-04-14 22:45:52','2018-04-15 03:35:36',42,'RPD-8334',65),(4878,'2018-10-28 18:00:19','2018-10-29 12:51:31',101,'10M H33',96),(4879,'2018-12-18 17:05:12','2018-12-19 04:12:44',484,'70-08440',4),(4880,'2018-04-21 13:21:43','2018-04-21 22:09:09',155,'3DO 420',61),(4881,'2018-01-05 08:16:18','2018-01-05 15:29:03',398,'30C 9038',92),(4882,'2018-05-02 19:44:47','2018-05-03 09:30:30',88,'78-65590',67),(4883,'2018-03-29 12:08:23','2018-03-30 07:09:13',228,'YN8 P5J',50),(4884,'2018-02-24 09:46:58','2018-02-24 16:27:45',171,'075 FFB',97),(4885,'2018-11-26 09:16:09','2018-11-26 22:05:50',148,'HL 5495',88),(4886,'2018-01-23 11:49:48','2018-01-23 17:35:51',314,'LEL-3572',53),(4887,'2018-04-01 18:33:55','2018-04-02 15:16:26',269,'RZD 208',52),(4888,'2018-09-08 23:06:04','2018-09-09 10:39:10',126,'IHF-296',19),(4889,'2018-03-12 08:31:18','2018-03-12 09:48:41',335,'3-6608Z',55),(4890,'2018-04-17 11:47:50','2018-04-18 05:28:11',421,'YN8 P5J',52),(4891,'2018-05-10 14:48:19','2018-05-10 15:50:11',91,'LEL-3572',82),(4892,'2018-01-29 20:52:32','2018-01-30 05:29:56',46,'160 KOM',10),(4893,'2018-11-26 06:22:08','2018-11-26 17:19:35',498,'0LL0774',60),(4894,'2018-08-06 01:53:31','2018-08-07 00:27:22',172,'477 NPK',61),(4895,'2018-11-19 05:22:15','2018-11-19 07:10:01',176,'6NZG011',50),(4896,'2018-10-25 05:29:54','2018-10-25 14:12:50',455,'3-6608Z',75),(4897,'2018-03-03 15:41:36','2018-03-03 21:22:29',30,'0J DR847',45),(4898,'2018-07-01 04:08:28','2018-07-01 09:17:05',95,'993 DTR',16),(4899,'2018-08-18 13:35:47','2018-08-19 04:30:42',312,'644K',100),(4900,'2018-02-13 08:30:02','2018-02-13 19:47:27',212,'FXA-9799',10),(4901,'2018-12-07 16:50:38','2018-12-07 20:40:19',76,'993 DTR',58),(4902,'2018-05-24 13:29:05','2018-05-24 15:28:08',32,'644K',11),(4903,'2018-02-06 23:51:18','2018-02-07 03:38:20',480,'FBD-8300',66),(4904,'2018-01-16 16:19:18','2018-01-17 09:04:36',370,'FXA-9799',90),(4905,'2018-07-01 15:59:31','2018-07-02 06:36:39',289,'823S',87),(4906,'2018-05-08 16:29:20','2018-05-09 13:42:42',364,'0LL0774',8),(4907,'2018-10-21 23:17:34','2018-10-22 17:11:19',136,'3-6608Z',65),(4908,'2018-01-28 22:28:47','2018-01-29 08:33:32',452,'4QT U99',21),(4909,'2018-02-06 11:59:57','2018-02-07 03:49:47',358,'644K',100),(4910,'2018-08-13 19:59:25','2018-08-14 04:02:52',283,'644K',37),(4911,'2018-06-05 23:22:11','2018-06-06 10:38:46',352,'VPT-2591',87),(4912,'2018-07-04 12:34:26','2018-07-05 10:38:15',191,'SC 1779',5),(4913,'2018-01-24 20:23:46','2018-01-24 22:40:19',267,'HL 5495',95),(4914,'2018-03-30 23:12:26','2018-03-31 11:48:00',55,'63G 421',1),(4915,'2018-10-06 18:51:48','2018-10-07 12:05:52',454,'8JTU778',73),(4916,'2018-10-17 22:02:03','2018-10-18 00:30:34',72,'24QZ031',87),(4917,'2018-09-26 16:21:04','2018-09-27 09:57:01',223,'IHF-296',88),(4918,'2018-02-23 07:18:02','2018-02-23 14:05:03',382,'823S',100),(4919,'2018-01-08 23:32:09','2018-01-09 10:05:25',13,'6698',3),(4920,'2018-12-11 09:49:00','2018-12-12 07:20:02',468,'KXB 559',65),(4921,'2018-01-11 08:03:34','2018-01-11 21:14:43',179,'24QZ031',51),(4922,'2018-02-16 22:19:44','2018-02-17 09:31:59',452,'FXA-9799',38),(4923,'2018-08-20 12:44:32','2018-08-20 16:56:48',257,'76-O317',23),(4924,'2018-06-26 22:38:16','2018-06-27 19:10:13',144,'IHF-296',72),(4925,'2018-12-16 23:02:28','2018-12-17 15:36:59',455,'IHF-296',7),(4926,'2018-05-12 22:03:56','2018-05-13 03:37:21',261,'9LX T41',79),(4927,'2018-04-09 19:31:24','2018-04-10 16:49:54',110,'3-6608Z',48),(4928,'2018-10-25 19:50:22','2018-10-26 06:53:52',17,'935Z6',96),(4929,'2018-10-22 01:54:08','2018-10-23 00:20:43',218,'63G 421',75),(4930,'2018-07-16 00:15:37','2018-07-16 17:41:45',291,'31X VL1',74),(4931,'2018-08-15 07:15:54','2018-08-15 18:49:33',345,'10M H33',81),(4932,'2018-05-25 05:41:30','2018-05-25 08:18:58',314,'SC 1779',67),(4933,'2018-01-07 19:50:43','2018-01-08 10:41:28',197,'4QT U99',51),(4934,'2018-01-15 23:42:27','2018-01-16 10:53:39',394,'NMQ 372',5),(4935,'2018-06-07 15:53:14','2018-06-07 19:40:06',382,'3DO 420',28),(4936,'2018-07-05 14:14:28','2018-07-05 20:29:12',351,'4-44016Q',45),(4937,'2018-04-24 20:12:09','2018-04-25 13:46:09',187,'SC 1779',33),(4938,'2018-10-29 08:21:11','2018-10-29 14:15:18',304,'233752',16),(4939,'2018-07-09 07:40:15','2018-07-09 23:33:42',180,'SC 1779',47),(4940,'2018-08-14 14:04:16','2018-08-15 06:10:56',223,'935Z6',90),(4941,'2018-01-22 18:19:40','2018-01-22 23:52:50',235,'0LL0774',36),(4942,'2018-01-12 01:02:02','2018-01-12 16:43:35',185,'993 DTR',67),(4943,'2018-02-12 14:45:10','2018-02-12 16:59:07',19,'63G 421',89),(4944,'2018-04-24 07:54:50','2018-04-25 00:22:03',400,'NMQ 372',13),(4945,'2018-02-09 09:37:47','2018-02-09 10:11:19',107,'4QT U99',35),(4946,'2018-08-03 03:23:52','2018-08-03 23:41:28',230,'XAB-6911',89),(4947,'2018-12-05 15:52:25','2018-12-06 03:58:45',290,'6NZG011',7),(4948,'2018-01-04 22:25:52','2018-01-05 11:16:51',46,'935Z6',41),(4949,'2018-03-26 04:18:22','2018-03-26 19:07:06',98,'075 FFB',22),(4950,'2018-01-03 05:58:28','2018-01-03 16:36:56',155,'KTJ 026',94),(4951,'2018-11-08 07:47:52','2018-11-08 23:16:26',471,'76-O317',34),(4952,'2018-07-23 20:05:44','2018-07-24 04:11:09',112,'4-44016Q',29),(4953,'2018-06-20 04:25:18','2018-06-20 07:37:28',362,'SEQ-9042',59),(4954,'2018-06-10 20:10:22','2018-06-11 19:52:00',403,'175 3398',92),(4955,'2018-01-31 04:54:39','2018-01-31 13:59:24',376,'477 NPK',82),(4956,'2018-08-28 04:35:45','2018-08-29 04:26:03',328,'175 3398',80),(4957,'2018-01-22 02:54:40','2018-01-22 11:44:55',413,'3DO 420',31),(4958,'2018-01-02 16:58:34','2018-01-03 16:08:38',463,'24QZ031',75),(4959,'2018-03-07 10:50:34','2018-03-07 21:57:23',189,'175 3398',79),(4960,'2018-01-31 08:34:05','2018-02-01 05:51:27',101,'FXA-9799',1),(4961,'2018-05-15 20:47:33','2018-05-16 18:11:33',475,'4-44016Q',73),(4962,'2018-08-14 23:39:00','2018-08-15 04:23:33',153,'4QT U99',3),(4963,'2018-10-28 11:21:54','2018-10-28 20:36:21',395,'6698',41),(4964,'2018-10-13 06:30:00','2018-10-14 04:55:57',251,'70-08440',9),(4965,'2018-09-05 19:10:31','2018-09-06 07:18:00',39,'LDT 720',2),(4966,'2018-10-20 22:32:04','2018-10-21 11:37:14',493,'973 1322',95),(4967,'2018-07-22 03:50:17','2018-07-22 17:34:19',316,'NDN 884',21),(4968,'2018-07-03 20:38:19','2018-07-04 09:45:13',197,'075 FFB',62),(4969,'2018-08-06 14:34:13','2018-08-06 20:38:10',149,'175 3398',2),(4970,'2018-07-05 21:15:42','2018-07-06 07:38:22',224,'252 LKC',73),(4971,'2018-06-11 06:34:52','2018-06-11 14:52:49',474,'YN8 P5J',74),(4972,'2018-11-11 17:31:17','2018-11-12 06:00:50',311,'RZD 208',17),(4973,'2018-10-12 11:50:44','2018-10-12 12:03:14',176,'30C 9038',52),(4974,'2018-11-06 18:35:25','2018-11-06 19:21:03',420,'074D9',1),(4975,'2018-12-23 17:10:03','2018-12-24 14:55:52',79,'233752',92),(4976,'2018-12-15 20:29:00','2018-12-16 04:57:22',430,'XAB-6911',89),(4977,'2018-08-23 22:55:42','2018-08-24 21:44:54',199,'KXB 559',90),(4978,'2018-06-18 12:40:10','2018-06-19 07:16:53',327,'RZD 208',29),(4979,'2018-12-20 12:25:17','2018-12-21 00:57:51',197,'78-65590',6),(4980,'2018-01-20 01:44:06','2018-01-20 05:29:07',278,'7-U3496',45),(4981,'2018-07-24 12:48:34','2018-07-25 04:23:26',410,'NDN 884',22),(4982,'2018-01-16 09:19:00','2018-01-17 07:54:06',182,'9LX T41',12),(4983,'2018-05-26 10:24:57','2018-05-26 17:15:00',140,'177 YBQ',10),(4984,'2018-11-01 10:17:16','2018-11-01 21:22:22',371,'SEQ-9042',30),(4985,'2018-05-06 19:49:00','2018-05-07 17:31:44',114,'6NZG011',98),(4986,'2018-06-08 05:21:55','2018-06-08 10:16:01',45,'823S',55),(4987,'2018-05-09 22:54:27','2018-05-10 18:06:31',418,'IHF-296',98),(4988,'2018-01-22 19:08:56','2018-01-23 06:53:05',418,'30C 9038',93),(4989,'2018-08-30 14:27:02','2018-08-30 22:19:44',263,'G 445079',32),(4990,'2018-04-11 05:39:51','2018-04-11 20:12:43',273,'644K',47),(4991,'2018-02-09 19:58:48','2018-02-09 22:32:10',191,'30C 9038',53),(4992,'2018-07-18 06:35:10','2018-07-18 21:38:07',225,'30C 9038',22),(4993,'2018-10-06 09:36:15','2018-10-06 17:44:55',67,'KXB 559',11),(4994,'2018-04-08 20:44:01','2018-04-08 21:10:19',172,'074D9',98),(4995,'2018-04-17 05:26:42','2018-04-17 21:07:34',65,'JQ2 R6R',90),(4996,'2018-06-24 13:36:31','2018-06-25 04:32:32',39,'993 DTR',82),(4997,'2018-02-27 04:03:45','2018-02-28 00:17:07',199,'30C 9038',13),(4998,'2018-12-14 02:10:24','2018-12-15 00:57:29',91,'6NZG011',65),(4999,'2018-01-25 10:57:14','2018-01-25 23:40:24',142,'8JTU778',87),(5000,'2018-12-30 15:01:41','2018-12-31 07:03:59',226,'644K',64),(5007,'2018-09-01 14:14:21','2018-09-01 15:31:49',501,'029 GAV',58),(5008,'2018-09-02 14:59:27','2018-09-02 15:15:08',501,'029 GAV',55),(5009,'2018-09-03 14:29:19','2018-09-03 16:31:30',501,'029 GAV',59),(5010,'2018-09-04 05:49:35','2018-09-04 07:26:23',501,'029 GAV',20),(5011,'2018-09-04 15:52:18','2018-09-04 16:14:40',501,'029 GAV',17),(5012,'2018-09-05 01:35:16','2018-09-05 02:01:19',501,'029 GAV',84),(5013,'2018-09-05 19:25:40','2018-09-05 21:14:23',501,'029 GAV',30),(5014,'2018-09-06 03:21:16','2018-09-06 05:50:32',501,'029 GAV',28),(5015,'2018-09-06 06:13:21','2018-09-06 06:39:39',501,'029 GAV',49),(5016,'2018-09-07 04:51:58','2018-09-07 07:30:56',501,'029 GAV',79),(5017,'2018-09-07 14:44:26','2018-09-07 17:05:35',501,'029 GAV',35),(5018,'2018-09-08 12:47:24','2018-09-08 14:03:07',501,'029 GAV',19),(5019,'2018-09-09 00:32:45','2018-09-09 01:51:03',501,'029 GAV',54),(5020,'2018-09-09 12:33:59','2018-09-09 13:59:14',501,'029 GAV',32),(5021,'2018-09-09 21:03:39','2018-09-09 21:37:49',501,'029 GAV',19),(5022,'2018-09-10 03:22:13','2018-09-10 04:42:10',501,'029 GAV',18),(5023,'2018-09-11 02:29:37','2018-09-11 04:53:06',501,'029 GAV',10),(5024,'2018-09-12 04:38:21','2018-09-12 06:08:14',501,'029 GAV',16),(5025,'2018-09-12 16:42:32','2018-09-12 18:32:10',501,'029 GAV',83),(5026,'2018-09-13 13:25:09','2018-09-13 15:13:03',501,'029 GAV',30),(5027,'2018-09-14 04:18:22','2018-09-14 04:52:01',501,'029 GAV',74),(5028,'2018-09-14 17:54:00','2018-09-14 20:34:08',501,'029 GAV',91),(5029,'2018-09-15 01:32:46','2018-09-15 04:17:11',501,'029 GAV',37),(5030,'2018-09-15 07:14:40','2018-09-15 07:51:22',501,'029 GAV',32),(5031,'2018-09-15 09:48:53','2018-09-15 10:00:34',501,'029 GAV',25),(5032,'2018-09-15 16:46:20','2018-09-15 18:48:01',501,'029 GAV',53),(5033,'2018-09-15 20:09:41','2018-09-15 20:20:09',501,'029 GAV',88),(5034,'2018-09-15 20:58:29','2018-09-15 23:53:30',501,'029 GAV',81),(5035,'2018-09-16 13:43:04','2018-09-16 15:57:25',501,'029 GAV',21),(5036,'2018-09-16 23:10:39','2018-09-16 23:24:17',501,'029 GAV',17),(5037,'2018-11-27 04:30:13','2018-11-27 05:44:34',73,'074D9',83),(5038,'2018-11-27 07:12:06','2018-11-27 12:53:14',44,'252 LKC',89),(5039,'2018-11-27 06:59:04','2018-11-27 08:39:08',80,'0LL0774',68),(5040,'2018-11-27 15:53:30','2018-11-27 23:58:40',65,'10M H33',33),(5041,'2018-11-27 05:53:14','2018-11-27 06:45:12',82,'ANINAS',78),(5042,'2018-11-27 02:36:03','2018-11-27 21:44:14',95,'0ZE1224',69),(5043,'2018-11-27 15:40:17','2018-11-27 21:24:14',20,'8JTU778',25),(5044,'2018-11-27 07:53:12','2018-11-27 19:43:03',9,'7-U3496',72),(5045,'2018-11-27 03:56:43','2018-11-27 22:45:01',72,'70-08440',52),(5046,'2018-11-27 19:38:22','2018-11-27 23:38:48',38,'HL 5495',63),(5047,'2018-11-27 21:47:01','2018-11-27 22:53:17',87,'823S',18),(5048,'2018-11-27 19:30:00','2018-11-27 21:27:10',100,'091 WTK',64),(5049,'2018-11-27 03:59:55','2018-11-27 10:09:45',47,'029 GAV',50),(5050,'2018-11-27 05:45:55','2018-11-27 08:57:45',80,'0LL0774',58),(5051,'2018-11-27 15:45:55','2018-11-27 18:16:56',51,'LDT 720',71),(5052,'2018-11-27 11:18:43','2018-11-27 17:18:00',58,'935Z6',62),(5053,'2018-11-27 11:44:51','2018-11-27 16:46:17',7,'175 3398',68),(5054,'2018-11-27 22:24:50','2018-11-27 22:57:01',20,'3-6608Z',54),(5055,'2018-11-27 15:51:47','2018-11-27 22:14:55',18,'4QT U99',71),(5056,'2018-11-27 15:00:01','2018-11-27 21:41:12',74,'177 YBQ',46),(5057,'2018-11-27 11:58:17','2018-11-27 19:30:49',50,'FBD-8300',16),(5058,'2018-11-27 08:47:46','2018-11-27 21:35:50',100,'091 WTK',69),(5059,'2018-11-27 05:47:28','2018-11-27 13:09:23',45,'993 DTR',52),(5060,'2018-11-27 20:35:41','2018-11-27 22:13:53',52,'477 NPK',74),(5061,'2018-11-27 22:24:34','2018-11-27 22:40:16',67,'LDT 720',33),(5062,'2018-11-27 13:36:02','2018-11-27 19:16:30',54,'30C 9038',65),(5063,'2018-11-27 12:02:06','2018-11-27 14:52:34',30,'HCH 835',44),(5064,'2018-11-27 18:56:32','2018-11-27 21:17:00',12,'477 NPK',85),(5065,'2018-11-27 00:30:35','2018-11-27 11:45:59',46,'074D9',80),(5066,'2018-11-27 10:20:55','2018-11-27 23:14:23',36,'LDT 720',67),(5067,'2018-11-27 17:13:19','2018-11-27 19:04:54',44,'24QZ031',29),(5068,'2018-11-27 08:38:31','2018-11-27 21:17:10',33,'24QZ031',80),(5069,'2018-11-27 16:17:49','2018-11-27 17:20:28',12,'76-O317',33),(5070,'2018-11-27 06:31:11','2018-11-27 11:04:42',22,'160 KOM',53),(5071,'2018-11-27 06:41:59','2018-11-27 10:28:12',12,'KQZ 813',86),(5072,'2018-11-27 07:15:09','2018-11-27 18:51:46',69,'JQ2 R6R',29),(5073,'2018-11-27 16:53:47','2018-11-27 19:54:45',50,'24QZ031',18),(5074,'2018-11-27 05:25:16','2018-11-27 10:54:14',60,'4QT U99',87),(5075,'2018-11-27 16:52:45','2018-11-27 17:02:05',76,'644K',14),(5076,'2018-11-27 21:32:29','2018-11-27 21:45:11',12,'8JTU778',83),(5077,'2018-11-27 22:36:40','2018-11-27 23:39:00',39,'3-6608Z',19),(5078,'2018-11-27 13:20:37','2018-11-27 18:13:49',29,'0ZE1224',57),(5079,'2018-11-27 18:53:45','2018-11-27 23:37:10',84,'KQZ 813',89),(5080,'2018-11-27 23:37:00','2018-11-27 23:58:42',17,'973 1322',57),(5081,'2018-11-27 06:53:09','2018-11-27 17:43:04',46,'233752',11),(5082,'2018-11-27 19:15:01','2018-11-27 23:53:17',29,'0J DR847',80),(5083,'2018-11-27 23:18:35','2018-11-27 23:49:46',21,'160 KOM',53),(5084,'2018-11-27 20:38:03','2018-11-27 23:50:34',30,'3-6608Z',3),(5085,'2018-11-27 16:49:01','2018-11-27 23:40:47',20,'ANINAS',86),(5086,'2018-11-27 20:54:19','2018-11-27 23:05:48',83,'4QT U99',92),(5087,'2018-11-27 06:13:30','2018-11-27 21:20:26',18,'993 DTR',91),(5088,'2018-11-27 10:30:56','2018-11-27 20:11:15',3,'G 445079',93),(5089,'2018-11-27 17:07:04','2018-11-27 19:09:45',40,'175 3398',88),(5090,'2018-11-27 22:59:09','2018-11-27 23:34:30',100,'935Z6',90),(5091,'2018-11-27 07:12:00','2018-11-27 13:54:36',59,'7-U3496',77),(5092,'2018-11-27 15:01:28','2018-11-27 20:19:32',39,'385-BHZA',80),(5093,'2018-11-27 21:52:39','2018-11-27 22:42:26',89,'4-44016Q',14),(5094,'2018-11-27 19:35:18','2018-11-27 23:09:34',61,'KQZ 813',81),(5095,'2018-11-27 05:25:35','2018-11-27 08:24:53',75,'24QZ031',49),(5096,'2018-11-27 13:37:35','2018-11-27 23:27:26',68,'45W X49',82),(5097,'2018-11-27 00:56:06','2018-11-27 19:50:14',58,'78-65590',24),(5098,'2018-11-27 01:49:45','2018-11-27 04:37:51',65,'935Z6',47),(5099,'2018-11-27 14:28:08','2018-11-27 15:54:53',64,'9LX T41',59),(5100,'2018-11-27 18:47:19','2018-11-27 18:59:36',52,'ANINAS',52),(5101,'2018-11-27 02:39:01','2018-11-27 02:59:54',47,'ANINAS',8),(5102,'2018-11-27 03:28:34','2018-11-27 09:01:36',1,'935Z6',59),(5103,'2018-11-27 17:13:07','2018-11-27 19:48:18',2,'LDT 720',84),(5104,'2018-11-27 19:08:24','2018-11-27 23:16:56',39,'LDT 720',100),(5105,'2018-11-27 03:32:03','2018-11-27 17:49:56',18,'10M H33',60),(5106,'2018-11-27 14:11:21','2018-11-27 22:20:43',59,'63G 421',2),(5107,'2018-11-27 13:52:25','2018-11-27 22:15:39',2,'644K',50),(5108,'2018-11-27 22:41:47','2018-11-27 23:10:53',73,'993 DTR',34),(5109,'2018-11-27 05:10:16','2018-11-27 06:44:56',48,'70-08440',18),(5110,'2018-11-27 06:57:09','2018-11-27 15:52:28',25,'029 GAV',57),(5111,'2018-11-27 10:16:24','2018-11-27 23:11:38',18,'6NZG011',22),(5112,'2018-11-27 18:56:57','2018-11-27 21:00:11',92,'G 445079',47),(5113,'2018-11-27 09:10:34','2018-11-27 23:08:58',71,'7-U3496',35),(5114,'2018-11-27 23:58:51','2018-11-27 23:58:54',41,'FBD-8300',83),(5115,'2018-11-27 19:59:55','2018-11-27 22:35:32',100,'029 GAV',97),(5116,'2018-11-27 15:07:42','2018-11-27 18:14:55',8,'KXB 559',100),(5117,'2018-11-27 16:08:13','2018-11-27 19:27:16',96,'HCH 835',41),(5118,'2018-11-27 11:09:50','2018-11-27 21:04:57',67,'30C 9038',4),(5119,'2018-11-27 18:03:01','2018-11-27 23:48:54',49,'FBD-8300',1),(5120,'2018-11-27 17:10:12','2018-11-27 17:18:31',40,'477 NPK',41),(5121,'2018-11-27 19:47:00','2018-11-27 19:58:41',30,'0J DR847',19),(5122,'2018-11-27 07:39:03','2018-11-27 12:41:19',38,'KTJ 026',30),(5123,'2018-11-27 19:40:58','2018-11-27 23:49:03',44,'252 LKC',50),(5124,'2018-11-27 07:39:53','2018-11-27 11:05:56',52,'7-U3496',50),(5125,'2018-11-27 15:07:50','2018-11-27 21:12:02',19,'KTJ 026',19),(5126,'2018-11-27 20:37:30','2018-11-27 22:48:31',79,'IHF-296',58),(5127,'2018-11-27 11:48:22','2018-11-27 17:32:54',65,'KXB 559',45),(5128,'2018-11-27 12:44:51','2018-11-27 22:27:36',22,'63G 421',18),(5129,'2018-11-27 15:12:06','2018-11-27 17:48:19',5,'30C 9038',40),(5130,'2018-11-27 05:14:02','2018-11-27 10:54:43',78,'8JTU778',7),(5131,'2018-11-27 07:36:20','2018-11-27 15:15:04',69,'823S',1),(5132,'2018-11-27 01:15:02','2018-11-27 15:50:58',81,'8JTU778',62),(5133,'2018-11-27 16:38:42','2018-11-27 18:53:20',64,'029 GAV',83),(5134,'2018-11-27 23:58:34','2018-11-27 23:59:28',18,'91V B44',6),(5135,'2018-11-27 19:40:44','2018-11-27 22:51:15',68,'31X VL1',23),(5136,'2018-11-27 22:34:29','2018-11-27 22:48:13',10,'0LL0774',90);
/*!40000 ALTER TABLE `rent_records` ENABLE KEYS */;
UNLOCK TABLES;

--
-- Table structure for table `repair_records`
--

DROP TABLE IF EXISTS `repair_records`;
/*!40101 SET @saved_cs_client     = @@character_set_client */;
 SET character_set_client = utf8mb4 ;
CREATE TABLE `repair_records` (
  `id` int(11) NOT NULL AUTO_INCREMENT,
  `date_time` datetime NOT NULL,
  `wid` int(11) NOT NULL,
  `cplate` varchar(30) NOT NULL,
  `price` int(11) NOT NULL,
  PRIMARY KEY (`id`),
  KEY `wid` (`wid`),
  KEY `cplate` (`cplate`),
  CONSTRAINT `repair_records_ibfk_1` FOREIGN KEY (`wid`) REFERENCES `workshops` (`id`),
  CONSTRAINT `repair_records_ibfk_2` FOREIGN KEY (`cplate`) REFERENCES `cars` (`plate`)
) ENGINE=InnoDB AUTO_INCREMENT=81 DEFAULT CHARSET=utf8mb4 COLLATE=utf8mb4_0900_ai_ci;
/*!40101 SET character_set_client = @saved_cs_client */;

--
-- Dumping data for table `repair_records`
--

LOCK TABLES `repair_records` WRITE;
/*!40000 ALTER TABLE `repair_records` DISABLE KEYS */;
INSERT INTO `repair_records` VALUES (1,'2018-10-17 14:03:27',7,'233752',119),(2,'2018-05-15 07:27:39',8,'0J DR847',724),(3,'2018-05-29 19:41:03',7,'0J DR847',689),(4,'2018-05-30 19:13:26',10,'6NZG011',681),(5,'2018-02-22 13:27:11',10,'RPD-8334',725),(6,'2018-07-16 15:28:22',2,'70-08440',509),(7,'2018-08-27 06:17:53',4,'973 1322',57),(8,'2018-03-06 16:22:58',7,'IHF-296',650),(9,'2018-03-23 10:05:12',7,'XAB-6911',540),(10,'2018-09-27 15:08:03',1,'KXB 559',969),(11,'2018-01-10 06:34:06',9,'G 445079',761),(12,'2018-06-27 19:24:35',10,'SEQ-9042',739),(13,'2018-12-22 23:17:26',6,'30C 9038',650),(14,'2018-06-21 02:15:46',2,'10M H33',290),(15,'2018-09-22 10:18:11',7,'029 GAV',298),(16,'2018-12-30 11:57:39',8,'4QT U99',449),(17,'2018-11-19 23:39:47',5,'6NZG011',842),(18,'2018-12-08 18:40:24',3,'6698',77),(19,'2018-11-14 15:17:13',1,'10M H33',144),(20,'2018-03-02 16:53:59',7,'VPT-2591',770),(21,'2018-07-13 06:07:53',5,'IHF-296',504),(22,'2018-05-13 02:25:24',10,'6698',964),(23,'2018-06-02 02:28:53',6,'45W X49',656),(24,'2018-06-13 22:27:52',8,'45W X49',274),(25,'2018-04-03 13:49:35',10,'HCH 835',488),(26,'2018-01-06 17:43:59',1,'823S',104),(27,'2018-02-27 09:05:25',3,'3-6608Z',552),(28,'2018-09-30 16:30:54',1,'FBD-8300',796),(29,'2018-12-02 13:10:00',6,'074D9',494),(30,'2018-07-29 22:37:43',1,'91V B44',209),(31,'2018-01-08 23:51:49',6,'VPT-2591',994),(32,'2018-11-04 14:58:00',7,'YN8 P5J',576),(33,'2018-03-30 04:41:37',8,'6698',475),(34,'2018-05-05 20:22:49',7,'4QT U99',626),(35,'2018-01-15 21:23:19',2,'0ZE1224',565),(36,'2018-01-23 12:13:10',3,'LDT 720',645),(37,'2018-09-20 02:16:55',3,'45W X49',399),(38,'2018-08-30 05:12:58',1,'385-BHZA',571),(39,'2018-07-08 04:21:14',10,'074D9',750),(40,'2018-08-12 01:33:13',2,'233752',125),(41,'2018-09-30 09:55:36',8,'KQZ 813',330),(42,'2018-11-09 23:59:57',3,'91V B44',539),(43,'2018-12-22 10:49:00',5,'993 DTR',158),(44,'2018-03-24 13:33:02',2,'30C 9038',697),(45,'2018-04-15 02:46:30',8,'7-U3496',463),(46,'2018-02-17 08:39:03',1,'FXA-9799',525),(47,'2018-04-09 00:08:13',9,'4QT U99',307),(48,'2018-02-07 20:35:03',7,'24QZ031',382),(49,'2018-08-30 08:40:43',7,'RZD 208',614),(50,'2018-12-05 09:47:15',5,'935Z6',293),(51,'2018-05-02 23:45:22',2,'63G 421',125),(52,'2018-08-17 14:23:54',5,'YN8 P5J',96),(53,'2018-06-27 21:26:23',2,'935Z6',558),(54,'2018-11-09 08:55:17',2,'823S',337),(55,'2018-01-04 12:51:40',6,'FBD-8300',853),(56,'2018-01-26 03:07:54',5,'823S',668),(57,'2018-07-13 01:17:33',1,'JQ2 R6R',254),(58,'2018-09-04 11:47:51',4,'WS 7027',93),(59,'2018-10-02 09:07:40',6,'252 LKC',423),(60,'2018-03-18 04:37:15',7,'644K',962),(61,'2018-03-23 19:44:53',2,'24QZ031',370),(62,'2018-01-02 03:29:44',10,'993 DTR',257),(63,'2018-04-13 18:28:35',7,'IHF-296',230),(64,'2018-08-21 07:44:43',7,'177 YBQ',166),(65,'2018-08-06 11:05:18',2,'JQ2 R6R',613),(66,'2018-11-12 21:41:21',1,'FBD-8300',380),(67,'2018-11-12 02:10:19',3,'KTJ 026',833),(68,'2018-08-11 20:28:28',7,'30C 9038',840),(69,'2018-11-10 05:36:07',7,'KTJ 026',724),(70,'2018-07-22 20:32:54',3,'NMQ 372',109),(71,'2018-06-27 17:23:55',5,'644K',518),(72,'2018-05-13 06:02:28',1,'091 WTK',228),(73,'2018-06-08 13:40:55',2,'0ZE1224',315),(74,'2018-02-26 13:37:36',4,'WS 7027',673),(75,'2018-09-24 09:02:24',2,'160 KOM',846),(76,'2018-12-06 04:35:32',1,'JQ2 R6R',525),(77,'2018-12-05 14:19:36',6,'RZD 208',619),(78,'2018-01-02 21:50:13',5,'4-44016Q',627),(79,'2018-11-15 03:33:25',9,'70-08440',727),(80,'2018-09-18 12:05:21',10,'RZD 208',251);
/*!40000 ALTER TABLE `repair_records` ENABLE KEYS */;
UNLOCK TABLES;

--
-- Table structure for table `workshops`
--

DROP TABLE IF EXISTS `workshops`;
/*!40101 SET @saved_cs_client     = @@character_set_client */;
 SET character_set_client = utf8mb4 ;
CREATE TABLE `workshops` (
  `id` int(11) NOT NULL AUTO_INCREMENT,
  `location` varchar(100) NOT NULL,
  `available_timing` int(11) NOT NULL,
  PRIMARY KEY (`id`)
) ENGINE=InnoDB AUTO_INCREMENT=11 DEFAULT CHARSET=utf8mb4 COLLATE=utf8mb4_0900_ai_ci;
/*!40101 SET character_set_client = @saved_cs_client */;

--
-- Dumping data for table `workshops`
--

LOCK TABLES `workshops` WRITE;
/*!40000 ALTER TABLE `workshops` DISABLE KEYS */;
INSERT INTO `workshops` VALUES (1,'8473 Tanya Point Apt. 187\nEast Rhondafort, MI 32395',22),(2,'USNV Jacobs\nFPO AE 34586',18),(3,'6880 Gabriel Tunnel\nWest Louis, WI 85019',3),(4,'9663 Michelle Manors\nWest Tarahaven, NV 12391',16),(5,'7745 Jenkins Alley Apt. 983\nDeanmouth, CA 28298',12),(6,'USCGC Lee\nFPO AP 23646',3),(7,'03738 Cook Parkway\nKennethmouth, CO 31288',0),(8,'993 Ralph Cove\nGriffinborough, OR 68598',16),(9,'545 Clark Gateway\nLake Teresabury, MN 27516',8),(10,'762 Chapman Orchard\nBarbaraborough, OH 35419',6);
/*!40000 ALTER TABLE `workshops` ENABLE KEYS */;
UNLOCK TABLES;
/*!40103 SET TIME_ZONE=@OLD_TIME_ZONE */;

/*!40101 SET SQL_MODE=@OLD_SQL_MODE */;
/*!40014 SET FOREIGN_KEY_CHECKS=@OLD_FOREIGN_KEY_CHECKS */;
/*!40014 SET UNIQUE_CHECKS=@OLD_UNIQUE_CHECKS */;
/*!40101 SET CHARACTER_SET_CLIENT=@OLD_CHARACTER_SET_CLIENT */;
/*!40101 SET CHARACTER_SET_RESULTS=@OLD_CHARACTER_SET_RESULTS */;
/*!40101 SET COLLATION_CONNECTION=@OLD_COLLATION_CONNECTION */;
/*!40111 SET SQL_NOTES=@OLD_SQL_NOTES */;

-- Dump completed on 2018-11-25 14:22:06
